id,timestamp,asset_id,worth
1,2026-04-18 15:13:42,11,120.0
2,2026-04-18 15:13:42,12,35.0
3,2026-04-18 15:13:42,13,65.0
4,2026-04-18 15:13:42,14,85.0
5,2026-04-18 15:13:42,15,35.0
6,2026-04-18 15:13:42,16,40.0
7,2026-04-18 15:13:42,17,70.0
8,2026-04-18 15:13:42,18,40.0
9,2026-04-18 15:13:42,19,50.0
10,2026-04-18 15:13:42,20,25.0
11,2026-04-18 15:13:42,21,60.0
12,2026-04-18 15:13:42,50,50.0
13,2026-04-18 15:14:12,11,120.0
14,2026-04-18 15:14:12,12,35.0
15,2026-04-18 15:14:12,13,65.0
16,2026-04-18 15:14:12,14,85.0
17,2026-04-18 15:14:12,15,35.0
18,2026-04-18 15:14:12,16,40.0
19,2026-04-18 15:14:12,17,70.0
20,2026-04-18 15:14:12,18,40.0
21,2026-04-18 15:14:12,19,50.0
22,2026-04-18 15:14:12,20,25.0
23,2026-04-18 15:14:12,21,60.0
24,2026-04-18 15:14:12,50,50.0
25,2026-04-18 15:14:42,11,120.0
26,2026-04-18 15:14:42,12,35.0
27,2026-04-18 15:14:42,13,65.0
28,2026-04-18 15:14:42,14,85.0
29,2026-04-18 15:14:42,15,35.0
30,2026-04-18 15:14:42,16,40.0
31,2026-04-18 15:14:42,17,70.0
32,2026-04-18 15:14:42,18,40.0
33,2026-04-18 15:14:42,19,50.0
34,2026-04-18 15:14:42,20,25.0
35,2026-04-18 15:14:42,21,60.0
36,2026-04-18 15:14:42,50,50.0
37,2026-04-18 15:15:12,11,120.0
38,2026-04-18 15:15:12,12,35.0
39,2026-04-18 15:15:12,13,65.0
40,2026-04-18 15:15:12,14,85.0
41,2026-04-18 15:15:12,15,35.0
42,2026-04-18 15:15:12,16,40.0
43,2026-04-18 15:15:12,17,70.0
44,2026-04-18 15:15:12,18,40.0
45,2026-04-18 15:15:12,19,50.0
46,2026-04-18 15:15:12,20,25.0
47,2026-04-18 15:15:12,21,60.0
48,2026-04-18 15:15:12,50,50.0
49,2026-04-18 15:15:42,11,120.0
50,2026-04-18 15:15:43,12,35.0
51,2026-04-18 15:15:43,13,65.0
52,2026-04-18 15:15:43,14,85.0
53,2026-04-18 15:15:43,15,35.0
54,2026-04-18 15:15:43,16,40.0
55,2026-04-18 15:15:43,17,70.0
56,2026-04-18 15:15:43,18,40.0
57,2026-04-18 15:15:43,19,50.0
58,2026-04-18 15:15:43,20,25.0
59,2026-04-18 15:15:43,21,60.0
60,2026-04-18 15:15:43,50,50.0
61,2026-04-18 15:16:13,11,120.0
62,2026-04-18 15:16:13,12,35.0
63,2026-04-18 15:16:13,13,65.0
64,2026-04-18 15:16:13,14,85.0
65,2026-04-18 15:16:13,15,35.0
66,2026-04-18 15:16:13,16,40.0
67,2026-04-18 15:16:13,17,70.0
68,2026-04-18 15:16:13,18,40.0
69,2026-04-18 15:16:13,19,50.0
70,2026-04-18 15:16:13,20,25.0
71,2026-04-18 15:16:13,21,60.0
72,2026-04-18 15:16:13,50,50.0
73,2026-04-18 15:16:43,11,120.0
74,2026-04-18 15:16:43,12,35.0
75,2026-04-18 15:16:43,13,65.0
76,2026-04-18 15:16:43,14,85.0
77,2026-04-18 15:16:43,15,35.0
78,2026-04-18 15:16:43,16,40.0
79,2026-04-18 15:16:43,17,70.0
80,2026-04-18 15:16:43,18,40.0
81,2026-04-18 15:16:43,19,50.0
82,2026-04-18 15:16:43,20,25.0
83,2026-04-18 15:16:43,21,60.0
84,2026-04-18 15:16:43,50,50.0
85,2026-04-18 15:17:13,11,120.0
86,2026-04-18 15:17:13,12,35.0
87,2026-04-18 15:17:13,13,65.0
88,2026-04-18 15:17:13,14,85.0
89,2026-04-18 15:17:13,15,35.0
90,2026-04-18 15:17:13,16,40.0
91,2026-04-18 15:17:13,17,70.0
92,2026-04-18 15:17:13,18,40.0
93,2026-04-18 15:17:13,19,50.0
94,2026-04-18 15:17:13,20,25.0
95,2026-04-18 15:17:13,21,60.0
96,2026-04-18 15:17:13,50,50.0
97,2026-04-18 15:17:43,11,120.0
98,2026-04-18 15:17:43,12,35.0
99,2026-04-18 15:17:43,13,65.0
100,2026-04-18 15:17:43,14,85.0
101,2026-04-18 15:17:43,15,35.0
102,2026-04-18 15:17:43,16,40.0
103,2026-04-18 15:17:43,17,70.0
104,2026-04-18 15:17:43,18,40.0
105,2026-04-18 15:17:43,19,50.0
106,2026-04-18 15:17:43,20,25.0
107,2026-04-18 15:17:43,21,60.0
108,2026-04-18 15:17:43,50,50.0
109,2026-04-18 15:18:13,11,120.0
110,2026-04-18 15:18:13,12,35.0
111,2026-04-18 15:18:13,13,65.0
112,2026-04-18 15:18:13,14,85.0
113,2026-04-18 15:18:13,15,35.0
114,2026-04-18 15:18:13,16,40.0
115,2026-04-18 15:18:13,17,70.0
116,2026-04-18 15:18:13,18,40.0
117,2026-04-18 15:18:13,19,50.0
118,2026-04-18 15:18:13,20,25.0
119,2026-04-18 15:18:13,21,60.0
120,2026-04-18 15:18:13,50,50.0
121,2026-04-18 15:18:43,11,120.0
122,2026-04-18 15:18:43,12,35.0
123,2026-04-18 15:18:43,13,65.0
124,2026-04-18 15:18:43,14,85.0
125,2026-04-18 15:18:43,15,35.0
126,2026-04-18 15:18:43,16,40.0
127,2026-04-18 15:18:43,17,70.0
128,2026-04-18 15:18:43,18,40.0
129,2026-04-18 15:18:43,19,50.0
130,2026-04-18 15:18:43,20,25.0
131,2026-04-18 15:18:43,21,60.0
132,2026-04-18 15:18:43,50,50.0
133,2026-04-18 15:19:13,11,120.0
134,2026-04-18 15:19:13,12,35.0
135,2026-04-18 15:19:13,13,65.0
136,2026-04-18 15:19:13,14,85.0
137,2026-04-18 15:19:13,15,35.0
138,2026-04-18 15:19:13,16,40.0
139,2026-04-18 15:19:13,17,70.0
140,2026-04-18 15:19:13,18,40.0
141,2026-04-18 15:19:13,19,50.0
142,2026-04-18 15:19:13,20,25.0
143,2026-04-18 15:19:13,21,60.0
144,2026-04-18 15:19:13,50,50.0
145,2026-04-18 15:19:43,11,120.0
146,2026-04-18 15:19:43,12,35.0
147,2026-04-18 15:19:43,13,65.0
148,2026-04-18 15:19:43,14,85.0
149,2026-04-18 15:19:43,15,35.0
150,2026-04-18 15:19:43,16,40.0
151,2026-04-18 15:19:43,17,70.0
152,2026-04-18 15:19:43,18,40.0
153,2026-04-18 15:19:43,19,50.0
154,2026-04-18 15:19:43,20,25.0
155,2026-04-18 15:19:43,21,60.0
156,2026-04-18 15:19:43,50,50.0
157,2026-04-18 15:20:13,11,120.0
158,2026-04-18 15:20:13,12,35.0
159,2026-04-18 15:20:13,13,65.0
160,2026-04-18 15:20:13,14,85.0
161,2026-04-18 15:20:13,15,35.0
162,2026-04-18 15:20:13,16,40.0
163,2026-04-18 15:20:13,17,70.0
164,2026-04-18 15:20:13,18,40.0
165,2026-04-18 15:20:13,19,50.0
166,2026-04-18 15:20:13,20,25.0
167,2026-04-18 15:20:13,21,60.0
168,2026-04-18 15:20:13,50,50.0
169,2026-04-18 15:20:43,11,120.0
170,2026-04-18 15:20:43,12,35.0
171,2026-04-18 15:20:43,13,65.0
172,2026-04-18 15:20:43,14,85.0
173,2026-04-18 15:20:43,15,35.0
174,2026-04-18 15:20:43,16,40.0
175,2026-04-18 15:20:43,17,70.0
176,2026-04-18 15:20:43,18,40.0
177,2026-04-18 15:20:43,19,50.0
178,2026-04-18 15:20:43,20,25.0
179,2026-04-18 15:20:43,21,60.0
180,2026-04-18 15:20:43,50,50.0
181,2026-04-18 15:21:13,11,120.0
182,2026-04-18 15:21:13,12,35.0
183,2026-04-18 15:21:13,13,65.0
184,2026-04-18 15:21:13,14,85.0
185,2026-04-18 15:21:13,15,35.0
186,2026-04-18 15:21:13,16,40.0
187,2026-04-18 15:21:13,17,70.0
188,2026-04-18 15:21:13,18,40.0
189,2026-04-18 15:21:13,19,50.0
190,2026-04-18 15:21:13,20,25.0
191,2026-04-18 15:21:13,21,60.0
192,2026-04-18 15:21:13,50,50.0
193,2026-04-18 15:21:43,11,120.0
194,2026-04-18 15:21:43,12,35.0
195,2026-04-18 15:21:43,13,65.0
196,2026-04-18 15:21:43,14,85.0
197,2026-04-18 15:21:43,15,35.0
198,2026-04-18 15:21:43,16,40.0
199,2026-04-18 15:21:43,17,70.0
200,2026-04-18 15:21:43,18,40.0
201,2026-04-18 15:21:43,19,50.0
202,2026-04-18 15:21:43,20,25.0
203,2026-04-18 15:21:43,21,60.0
204,2026-04-18 15:21:43,50,50.0
205,2026-04-18 15:22:13,11,120.0
206,2026-04-18 15:22:13,12,35.0
207,2026-04-18 15:22:13,13,65.0
208,2026-04-18 15:22:13,14,85.0
209,2026-04-18 15:22:13,15,35.0
210,2026-04-18 15:22:13,16,40.0
211,2026-04-18 15:22:13,17,70.0
212,2026-04-18 15:22:13,18,40.0
213,2026-04-18 15:22:13,19,50.0
214,2026-04-18 15:22:13,20,25.0
215,2026-04-18 15:22:13,21,60.0
216,2026-04-18 15:22:13,50,50.0
217,2026-04-18 15:22:43,11,120.0
218,2026-04-18 15:22:43,12,35.0
219,2026-04-18 15:22:43,13,65.0
220,2026-04-18 15:22:43,14,85.0
221,2026-04-18 15:22:43,15,35.0
222,2026-04-18 15:22:43,16,40.0
223,2026-04-18 15:22:43,17,70.0
224,2026-04-18 15:22:43,18,40.0
225,2026-04-18 15:22:43,19,50.0
226,2026-04-18 15:22:43,20,25.0
227,2026-04-18 15:22:43,21,60.0
228,2026-04-18 15:22:43,50,50.0
229,2026-04-18 15:23:13,11,120.0
230,2026-04-18 15:23:13,12,35.0
231,2026-04-18 15:23:13,13,65.0
232,2026-04-18 15:23:13,14,85.0
233,2026-04-18 15:23:13,15,35.0
234,2026-04-18 15:23:13,16,40.0
235,2026-04-18 15:23:13,17,70.0
236,2026-04-18 15:23:13,18,40.0
237,2026-04-18 15:23:13,19,50.0
238,2026-04-18 15:23:13,20,25.0
239,2026-04-18 15:23:13,21,60.0
240,2026-04-18 15:23:13,50,50.0
241,2026-04-18 15:23:43,11,120.0
242,2026-04-18 15:23:43,12,35.0
243,2026-04-18 15:23:43,13,65.0
244,2026-04-18 15:23:43,14,85.0
245,2026-04-18 15:23:43,15,35.0
246,2026-04-18 15:23:43,16,40.0
247,2026-04-18 15:23:43,17,70.0
248,2026-04-18 15:23:43,18,40.0
249,2026-04-18 15:23:43,19,50.0
250,2026-04-18 15:23:43,20,25.0
251,2026-04-18 15:23:43,21,60.0
252,2026-04-18 15:23:44,50,50.0
253,2026-04-18 15:24:14,11,120.0
254,2026-04-18 15:24:14,12,35.0
255,2026-04-18 15:24:14,13,65.0
256,2026-04-18 15:24:14,14,85.0
257,2026-04-18 15:24:14,15,35.0
258,2026-04-18 15:24:14,16,40.0
259,2026-04-18 15:24:14,17,70.0
260,2026-04-18 15:24:14,18,40.0
261,2026-04-18 15:24:14,19,50.0
262,2026-04-18 15:24:14,20,25.0
263,2026-04-18 15:24:14,21,60.0
264,2026-04-18 15:24:14,50,50.0
265,2026-04-18 15:24:44,11,120.0
266,2026-04-18 15:24:44,12,35.0
267,2026-04-18 15:24:44,13,65.0
268,2026-04-18 15:24:44,14,85.0
269,2026-04-18 15:24:44,15,35.0
270,2026-04-18 15:24:44,16,40.0
271,2026-04-18 15:24:44,17,70.0
272,2026-04-18 15:24:44,18,40.0
273,2026-04-18 15:24:44,19,50.0
274,2026-04-18 15:24:44,20,25.0
275,2026-04-18 15:24:44,21,60.0
276,2026-04-18 15:24:44,50,50.0
277,2026-04-18 15:25:14,11,120.0
278,2026-04-18 15:25:14,12,35.0
279,2026-04-18 15:25:14,13,65.0
280,2026-04-18 15:25:14,14,85.0
281,2026-04-18 15:25:14,15,35.0
282,2026-04-18 15:25:14,16,40.0
283,2026-04-18 15:25:14,17,70.0
284,2026-04-18 15:25:14,18,40.0
285,2026-04-18 15:25:14,19,50.0
286,2026-04-18 15:25:14,20,25.0
287,2026-04-18 15:25:14,21,60.0
288,2026-04-18 15:25:14,50,50.0
289,2026-04-18 15:25:44,11,120.0
290,2026-04-18 15:25:44,12,35.0
291,2026-04-18 15:25:44,13,65.0
292,2026-04-18 15:25:44,14,85.0
293,2026-04-18 15:25:44,15,35.0
294,2026-04-18 15:25:44,16,40.0
295,2026-04-18 15:25:44,17,70.0
296,2026-04-18 15:25:44,18,40.0
297,2026-04-18 15:25:44,19,50.0
298,2026-04-18 15:25:44,20,25.0
299,2026-04-18 15:25:44,21,60.0
300,2026-04-18 15:25:44,50,50.0
301,2026-04-18 15:26:14,11,120.0
302,2026-04-18 15:26:14,12,35.0
303,2026-04-18 15:26:14,13,65.0
304,2026-04-18 15:26:14,14,85.0
305,2026-04-18 15:26:14,15,35.0
306,2026-04-18 15:26:14,16,40.0
307,2026-04-18 15:26:14,17,70.0
308,2026-04-18 15:26:14,18,40.0
309,2026-04-18 15:26:14,19,50.0
310,2026-04-18 15:26:14,20,25.0
311,2026-04-18 15:26:14,21,60.0
312,2026-04-18 15:26:14,50,50.0
313,2026-04-18 15:26:44,11,120.0
314,2026-04-18 15:26:44,12,35.0
315,2026-04-18 15:26:44,13,65.0
316,2026-04-18 15:26:44,14,85.0
317,2026-04-18 15:26:44,15,35.0
318,2026-04-18 15:26:44,16,40.0
319,2026-04-18 15:26:44,17,70.0
320,2026-04-18 15:26:44,18,40.0
321,2026-04-18 15:26:44,19,50.0
322,2026-04-18 15:26:44,20,25.0
323,2026-04-18 15:26:44,21,60.0
324,2026-04-18 15:26:44,50,50.0
325,2026-04-18 15:27:14,11,120.0
326,2026-04-18 15:27:14,12,35.0
327,2026-04-18 15:27:14,13,65.0
328,2026-04-18 15:27:14,14,85.0
329,2026-04-18 15:27:14,15,35.0
330,2026-04-18 15:27:14,16,40.0
331,2026-04-18 15:27:14,17,70.0
332,2026-04-18 15:27:14,18,40.0
333,2026-04-18 15:27:14,19,50.0
334,2026-04-18 15:27:14,20,25.0
335,2026-04-18 15:27:14,21,60.0
336,2026-04-18 15:27:14,50,50.0
337,2026-04-18 15:27:44,11,120.0
338,2026-04-18 15:27:44,12,35.0
339,2026-04-18 15:27:44,13,65.0
340,2026-04-18 15:27:44,14,85.0
341,2026-04-18 15:27:44,15,35.0
342,2026-04-18 15:27:44,16,40.0
343,2026-04-18 15:27:44,17,70.0
344,2026-04-18 15:27:44,18,40.0
345,2026-04-18 15:27:44,19,50.0
346,2026-04-18 15:27:44,20,25.0
347,2026-04-18 15:27:44,21,60.0
348,2026-04-18 15:27:44,50,50.0
349,2026-04-18 15:28:14,11,120.0
350,2026-04-18 15:28:14,12,35.0
351,2026-04-18 15:28:14,13,65.0
352,2026-04-18 15:28:14,14,85.0
353,2026-04-18 15:28:14,15,35.0
354,2026-04-18 15:28:14,16,40.0
355,2026-04-18 15:28:14,17,70.0
356,2026-04-18 15:28:14,18,40.0
357,2026-04-18 15:28:14,19,50.0
358,2026-04-18 15:28:14,20,25.0
359,2026-04-18 15:28:14,21,60.0
360,2026-04-18 15:28:14,50,50.0
361,2026-04-18 15:28:44,11,120.0
362,2026-04-18 15:28:44,12,35.0
363,2026-04-18 15:28:44,13,65.0
364,2026-04-18 15:28:44,14,85.0
365,2026-04-18 15:28:44,15,35.0
366,2026-04-18 15:28:44,16,40.0
367,2026-04-18 15:28:44,17,70.0
368,2026-04-18 15:28:44,18,40.0
369,2026-04-18 15:28:44,19,50.0
370,2026-04-18 15:28:44,20,25.0
371,2026-04-18 15:28:44,21,60.0
372,2026-04-18 15:28:44,50,50.0
373,2026-04-18 15:29:14,11,120.0
374,2026-04-18 15:29:14,12,35.0
375,2026-04-18 15:29:14,13,65.0
376,2026-04-18 15:29:14,14,85.0
377,2026-04-18 15:29:14,15,35.0
378,2026-04-18 15:29:14,16,40.0
379,2026-04-18 15:29:14,17,70.0
380,2026-04-18 15:29:14,18,40.0
381,2026-04-18 15:29:14,19,50.0
382,2026-04-18 15:29:14,20,25.0
383,2026-04-18 15:29:14,21,60.0
384,2026-04-18 15:29:14,50,50.0
385,2026-04-18 15:29:44,11,120.0
386,2026-04-18 15:29:44,12,35.0
387,2026-04-18 15:29:44,13,65.0
388,2026-04-18 15:29:44,14,85.0
389,2026-04-18 15:29:44,15,35.0
390,2026-04-18 15:29:44,16,40.0
391,2026-04-18 15:29:44,17,70.0
392,2026-04-18 15:29:44,18,40.0
393,2026-04-18 15:29:44,19,50.0
394,2026-04-18 15:29:44,20,25.0
395,2026-04-18 15:29:44,21,60.0
396,2026-04-18 15:29:44,50,50.0
397,2026-04-18 15:30:14,11,120.0
398,2026-04-18 15:30:14,12,35.0
399,2026-04-18 15:30:14,13,65.0
400,2026-04-18 15:30:14,14,85.0
401,2026-04-18 15:30:14,15,35.0
402,2026-04-18 15:30:14,16,40.0
403,2026-04-18 15:30:14,17,70.0
404,2026-04-18 15:30:14,18,40.0
405,2026-04-18 15:30:14,19,50.0
406,2026-04-18 15:30:14,20,25.0
407,2026-04-18 15:30:14,21,60.0
408,2026-04-18 15:30:14,50,50.0
409,2026-04-18 15:30:44,11,120.0
410,2026-04-18 15:30:44,12,35.0
411,2026-04-18 15:30:44,13,65.0
412,2026-04-18 15:30:44,14,85.0
413,2026-04-18 15:30:44,15,35.0
414,2026-04-18 15:30:44,16,40.0
415,2026-04-18 15:30:44,17,70.0
416,2026-04-18 15:30:44,18,40.0
417,2026-04-18 15:30:44,19,50.0
418,2026-04-18 15:30:44,20,25.0
419,2026-04-18 15:30:44,21,60.0
420,2026-04-18 15:30:44,50,50.0
421,2026-04-18 15:31:14,11,120.0
422,2026-04-18 15:31:14,12,35.0
423,2026-04-18 15:31:14,13,65.0
424,2026-04-18 15:31:14,14,85.0
425,2026-04-18 15:31:14,15,35.0
426,2026-04-18 15:31:14,16,40.0
427,2026-04-18 15:31:14,17,70.0
428,2026-04-18 15:31:14,18,40.0
429,2026-04-18 15:31:14,19,50.0
430,2026-04-18 15:31:14,20,25.0
431,2026-04-18 15:31:14,21,60.0
432,2026-04-18 15:31:14,50,50.0
433,2026-04-18 15:31:44,11,120.0
434,2026-04-18 15:31:44,12,35.0
435,2026-04-18 15:31:44,13,65.0
436,2026-04-18 15:31:44,14,85.0
437,2026-04-18 15:31:44,15,35.0
438,2026-04-18 15:31:44,16,40.0
439,2026-04-18 15:31:44,17,70.0
440,2026-04-18 15:31:44,18,40.0
441,2026-04-18 15:31:44,19,50.0
442,2026-04-18 15:31:44,20,25.0
443,2026-04-18 15:31:44,21,60.0
444,2026-04-18 15:31:44,50,50.0
445,2026-04-18 15:32:14,11,120.0
446,2026-04-18 15:32:14,12,35.0
447,2026-04-18 15:32:14,13,65.0
448,2026-04-18 15:32:14,14,85.0
449,2026-04-18 15:32:14,15,35.0
450,2026-04-18 15:32:14,16,40.0
451,2026-04-18 15:32:14,17,70.0
452,2026-04-18 15:32:14,18,40.0
453,2026-04-18 15:32:15,19,50.0
454,2026-04-18 15:32:15,20,25.0
455,2026-04-18 15:32:15,21,60.0
456,2026-04-18 15:32:15,50,50.0
457,2026-04-18 15:32:45,11,120.0
458,2026-04-18 15:32:45,12,35.0
459,2026-04-18 15:32:45,13,65.0
460,2026-04-18 15:32:45,14,85.0
461,2026-04-18 15:32:45,15,35.0
462,2026-04-18 15:32:45,16,40.0
463,2026-04-18 15:32:45,17,70.0
464,2026-04-18 15:32:45,18,40.0
465,2026-04-18 15:32:45,19,50.0
466,2026-04-18 15:32:45,20,25.0
467,2026-04-18 15:32:45,21,60.0
468,2026-04-18 15:32:45,50,50.0
469,2026-04-18 15:33:15,11,120.0
470,2026-04-18 15:33:15,12,35.0
471,2026-04-18 15:33:15,13,65.0
472,2026-04-18 15:33:15,14,85.0
473,2026-04-18 15:33:15,15,35.0
474,2026-04-18 15:33:15,16,40.0
475,2026-04-18 15:33:15,17,70.0
476,2026-04-18 15:33:15,18,40.0
477,2026-04-18 15:33:15,19,50.0
478,2026-04-18 15:33:15,20,25.0
479,2026-04-18 15:33:15,21,60.0
480,2026-04-18 15:33:15,50,50.0
481,2026-04-18 15:33:45,11,120.0
482,2026-04-18 15:33:45,12,35.0
483,2026-04-18 15:33:45,13,65.0
484,2026-04-18 15:33:45,14,85.0
485,2026-04-18 15:33:45,15,35.0
486,2026-04-18 15:33:45,16,40.0
487,2026-04-18 15:33:45,17,70.0
488,2026-04-18 15:33:45,18,40.0
489,2026-04-18 15:33:45,19,50.0
490,2026-04-18 15:33:45,20,25.0
491,2026-04-18 15:33:45,21,60.0
492,2026-04-18 15:33:45,50,50.0
493,2026-04-18 15:34:15,11,120.0
494,2026-04-18 15:34:15,12,35.0
495,2026-04-18 15:34:15,13,65.0
496,2026-04-18 15:34:15,14,85.0
497,2026-04-18 15:34:15,15,35.0
498,2026-04-18 15:34:15,16,40.0
499,2026-04-18 15:34:15,17,70.0
500,2026-04-18 15:34:15,18,40.0
501,2026-04-18 15:34:15,19,50.0
502,2026-04-18 15:34:15,20,25.0
503,2026-04-18 15:34:15,21,60.0
504,2026-04-18 15:34:15,50,50.0
505,2026-04-18 15:34:45,11,120.0
506,2026-04-18 15:34:45,12,35.0
507,2026-04-18 15:34:45,13,65.0
508,2026-04-18 15:34:45,14,85.0
509,2026-04-18 15:34:45,15,35.0
510,2026-04-18 15:34:45,16,40.0
511,2026-04-18 15:34:45,17,70.0
512,2026-04-18 15:34:45,18,40.0
513,2026-04-18 15:34:45,19,50.0
514,2026-04-18 15:34:45,20,25.0
515,2026-04-18 15:34:45,21,60.0
516,2026-04-18 15:34:45,50,50.0
517,2026-04-18 15:35:15,11,120.0
518,2026-04-18 15:35:15,12,35.0
519,2026-04-18 15:35:15,13,65.0
520,2026-04-18 15:35:15,14,85.0
521,2026-04-18 15:35:15,15,35.0
522,2026-04-18 15:35:15,16,40.0
523,2026-04-18 15:35:15,17,70.0
524,2026-04-18 15:35:15,18,40.0
525,2026-04-18 15:35:15,19,50.0
526,2026-04-18 15:35:15,20,25.0
527,2026-04-18 15:35:15,21,60.0
528,2026-04-18 15:35:15,50,50.0
529,2026-04-18 15:35:45,11,120.0
530,2026-04-18 15:35:45,12,35.0
531,2026-04-18 15:35:45,13,65.0
532,2026-04-18 15:35:45,14,85.0
533,2026-04-18 15:35:45,15,35.0
534,2026-04-18 15:35:45,16,40.0
535,2026-04-18 15:35:45,17,70.0
536,2026-04-18 15:35:45,18,40.0
537,2026-04-18 15:35:45,19,50.0
538,2026-04-18 15:35:45,20,25.0
539,2026-04-18 15:35:45,21,60.0
540,2026-04-18 15:35:45,50,50.0
541,2026-04-18 15:36:15,11,120.0
542,2026-04-18 15:36:15,12,35.0
543,2026-04-18 15:36:15,13,65.0
544,2026-04-18 15:36:15,14,85.0
545,2026-04-18 15:36:15,15,35.0
546,2026-04-18 15:36:15,16,40.0
547,2026-04-18 15:36:15,17,70.0
548,2026-04-18 15:36:15,18,40.0
549,2026-04-18 15:36:15,19,50.0
550,2026-04-18 15:36:15,20,25.0
551,2026-04-18 15:36:15,21,60.0
552,2026-04-18 15:36:15,50,50.0
553,2026-04-18 15:36:45,11,120.0
554,2026-04-18 15:36:45,12,35.0
555,2026-04-18 15:36:45,13,65.0
556,2026-04-18 15:36:45,14,85.0
557,2026-04-18 15:36:45,15,35.0
558,2026-04-18 15:36:45,16,40.0
559,2026-04-18 15:36:45,17,70.0
560,2026-04-18 15:36:45,18,40.0
561,2026-04-18 15:36:45,19,50.0
562,2026-04-18 15:36:45,20,25.0
563,2026-04-18 15:36:45,21,60.0
564,2026-04-18 15:36:45,50,50.0
565,2026-04-18 15:37:15,11,120.0
566,2026-04-18 15:37:15,12,35.0
567,2026-04-18 15:37:15,13,65.0
568,2026-04-18 15:37:15,14,85.0
569,2026-04-18 15:37:15,15,35.0
570,2026-04-18 15:37:15,16,40.0
571,2026-04-18 15:37:15,17,70.0
572,2026-04-18 15:37:15,18,40.0
573,2026-04-18 15:37:15,19,50.0
574,2026-04-18 15:37:15,20,25.0
575,2026-04-18 15:37:15,21,60.0
576,2026-04-18 15:37:15,50,50.0
577,2026-04-18 15:37:45,11,120.0
578,2026-04-18 15:37:45,12,35.0
579,2026-04-18 15:37:45,13,65.0
580,2026-04-18 15:37:45,14,85.0
581,2026-04-18 15:37:45,15,35.0
582,2026-04-18 15:37:45,16,40.0
583,2026-04-18 15:37:45,17,70.0
584,2026-04-18 15:37:45,18,40.0
585,2026-04-18 15:37:45,19,50.0
586,2026-04-18 15:37:45,20,25.0
587,2026-04-18 15:37:45,21,60.0
588,2026-04-18 15:37:45,50,50.0
589,2026-04-18 15:38:15,11,120.0
590,2026-04-18 15:38:15,12,35.0
591,2026-04-18 15:38:15,13,65.0
592,2026-04-18 15:38:15,14,85.0
593,2026-04-18 15:38:15,15,35.0
594,2026-04-18 15:38:15,16,40.0
595,2026-04-18 15:38:15,17,70.0
596,2026-04-18 15:38:15,18,40.0
597,2026-04-18 15:38:15,19,50.0
598,2026-04-18 15:38:15,20,25.0
599,2026-04-18 15:38:15,21,60.0
600,2026-04-18 15:38:15,50,50.0
601,2026-04-18 15:38:45,11,120.0
602,2026-04-18 15:38:45,12,35.0
603,2026-04-18 15:38:45,13,65.0
604,2026-04-18 15:38:45,14,85.0
605,2026-04-18 15:38:45,15,35.0
606,2026-04-18 15:38:45,16,40.0
607,2026-04-18 15:38:45,17,70.0
608,2026-04-18 15:38:45,18,40.0
609,2026-04-18 15:38:45,19,50.0
610,2026-04-18 15:38:45,20,25.0
611,2026-04-18 15:38:45,21,60.0
612,2026-04-18 15:38:45,50,50.0
613,2026-04-18 15:39:15,11,120.0
614,2026-04-18 15:39:15,12,35.0
615,2026-04-18 15:39:15,13,65.0
616,2026-04-18 15:39:15,14,85.0
617,2026-04-18 15:39:15,15,35.0
618,2026-04-18 15:39:15,16,40.0
619,2026-04-18 15:39:15,17,70.0
620,2026-04-18 15:39:15,18,40.0
621,2026-04-18 15:39:15,19,50.0
622,2026-04-18 15:39:15,20,25.0
623,2026-04-18 15:39:15,21,60.0
624,2026-04-18 15:39:15,50,50.0
625,2026-04-18 15:39:45,11,120.0
626,2026-04-18 15:39:45,12,35.0
627,2026-04-18 15:39:45,13,65.0
628,2026-04-18 15:39:45,14,85.0
629,2026-04-18 15:39:45,15,35.0
630,2026-04-18 15:39:45,16,40.0
631,2026-04-18 15:39:45,17,70.0
632,2026-04-18 15:39:45,18,40.0
633,2026-04-18 15:39:45,19,50.0
634,2026-04-18 15:39:45,20,25.0
635,2026-04-18 15:39:45,21,60.0
636,2026-04-18 15:39:45,50,50.0
637,2026-04-18 15:40:15,11,120.0
638,2026-04-18 15:40:15,12,35.0
639,2026-04-18 15:40:15,13,65.0
640,2026-04-18 15:40:15,14,85.0
641,2026-04-18 15:40:15,15,35.0
642,2026-04-18 15:40:15,16,40.0
643,2026-04-18 15:40:15,17,70.0
644,2026-04-18 15:40:15,18,40.0
645,2026-04-18 15:40:15,19,50.0
646,2026-04-18 15:40:15,20,25.0
647,2026-04-18 15:40:15,21,60.0
648,2026-04-18 15:40:15,50,50.0
649,2026-04-18 15:40:45,11,120.0
650,2026-04-18 15:40:45,12,35.0
651,2026-04-18 15:40:45,13,65.0
652,2026-04-18 15:40:45,14,85.0
653,2026-04-18 15:40:45,15,35.0
654,2026-04-18 15:40:46,16,40.0
655,2026-04-18 15:40:46,17,70.0
656,2026-04-18 15:40:46,18,40.0
657,2026-04-18 15:40:46,19,50.0
658,2026-04-18 15:40:46,20,25.0
659,2026-04-18 15:40:46,21,60.0
660,2026-04-18 15:40:46,50,50.0
661,2026-04-18 15:41:16,11,120.0
662,2026-04-18 15:41:16,12,35.0
663,2026-04-18 15:41:16,13,65.0
664,2026-04-18 15:41:16,14,85.0
665,2026-04-18 15:41:16,15,35.0
666,2026-04-18 15:41:16,16,40.0
667,2026-04-18 15:41:16,17,70.0
668,2026-04-18 15:41:16,18,40.0
669,2026-04-18 15:41:16,19,50.0
670,2026-04-18 15:41:16,20,25.0
671,2026-04-18 15:41:16,21,60.0
672,2026-04-18 15:41:16,50,50.0
673,2026-04-18 15:41:46,11,120.0
674,2026-04-18 15:41:46,12,35.0
675,2026-04-18 15:41:46,13,65.0
676,2026-04-18 15:41:46,14,85.0
677,2026-04-18 15:41:46,15,35.0
678,2026-04-18 15:41:46,16,40.0
679,2026-04-18 15:41:46,17,70.0
680,2026-04-18 15:41:46,18,40.0
681,2026-04-18 15:41:46,19,50.0
682,2026-04-18 15:41:46,20,25.0
683,2026-04-18 15:41:46,21,60.0
684,2026-04-18 15:41:46,50,50.0
685,2026-04-18 15:42:16,11,120.0
686,2026-04-18 15:42:16,12,35.0
687,2026-04-18 15:42:16,13,65.0
688,2026-04-18 15:42:16,14,85.0
689,2026-04-18 15:42:16,15,35.0
690,2026-04-18 15:42:16,16,40.0
691,2026-04-18 15:42:16,17,70.0
692,2026-04-18 15:42:16,18,40.0
693,2026-04-18 15:42:16,19,50.0
694,2026-04-18 15:42:16,20,25.0
695,2026-04-18 15:42:16,21,60.0
696,2026-04-18 15:42:16,50,50.0
697,2026-04-18 15:42:46,11,120.0
698,2026-04-18 15:42:46,12,35.0
699,2026-04-18 15:42:46,13,65.0
700,2026-04-18 15:42:46,14,85.0
701,2026-04-18 15:42:46,15,35.0
702,2026-04-18 15:42:46,16,40.0
703,2026-04-18 15:42:46,17,70.0
704,2026-04-18 15:42:46,18,40.0
705,2026-04-18 15:42:46,19,50.0
706,2026-04-18 15:42:46,20,25.0
707,2026-04-18 15:42:46,21,60.0
708,2026-04-18 15:42:46,50,50.0
709,2026-04-18 15:43:16,11,120.0
710,2026-04-18 15:43:16,12,35.0
711,2026-04-18 15:43:16,13,65.0
712,2026-04-18 15:43:16,14,85.0
713,2026-04-18 15:43:16,15,35.0
714,2026-04-18 15:43:16,16,40.0
715,2026-04-18 15:43:16,17,70.0
716,2026-04-18 15:43:16,18,40.0
717,2026-04-18 15:43:16,19,50.0
718,2026-04-18 15:43:16,20,25.0
719,2026-04-18 15:43:16,21,60.0
720,2026-04-18 15:43:16,50,50.0
721,2026-04-18 15:43:46,11,120.0
722,2026-04-18 15:43:46,12,35.0
723,2026-04-18 15:43:46,13,65.0
724,2026-04-18 15:43:46,14,85.0
725,2026-04-18 15:43:46,15,35.0
726,2026-04-18 15:43:46,16,40.0
727,2026-04-18 15:43:46,17,70.0
728,2026-04-18 15:43:46,18,40.0
729,2026-04-18 15:43:46,19,50.0
730,2026-04-18 15:43:46,20,25.0
731,2026-04-18 15:43:46,21,60.0
732,2026-04-18 15:43:46,50,50.0
733,2026-04-18 15:44:16,11,120.0
734,2026-04-18 15:44:16,12,35.0
735,2026-04-18 15:44:16,13,65.0
736,2026-04-18 15:44:16,14,85.0
737,2026-04-18 15:44:16,15,35.0
738,2026-04-18 15:44:16,16,40.0
739,2026-04-18 15:44:16,17,70.0
740,2026-04-18 15:44:16,18,40.0
741,2026-04-18 15:44:16,19,50.0
742,2026-04-18 15:44:16,20,25.0
743,2026-04-18 15:44:16,21,60.0
744,2026-04-18 15:44:16,50,50.0
745,2026-04-18 15:44:46,11,120.0
746,2026-04-18 15:44:46,12,35.0
747,2026-04-18 15:44:46,13,65.0
748,2026-04-18 15:44:46,14,85.0
749,2026-04-18 15:44:46,15,35.0
750,2026-04-18 15:44:46,16,40.0
751,2026-04-18 15:44:46,17,70.0
752,2026-04-18 15:44:46,18,40.0
753,2026-04-18 15:44:46,19,50.0
754,2026-04-18 15:44:46,20,25.0
755,2026-04-18 15:44:46,21,60.0
756,2026-04-18 15:44:46,50,50.0
757,2026-04-18 15:45:16,11,120.0
758,2026-04-18 15:45:16,12,35.0
759,2026-04-18 15:45:16,13,65.0
760,2026-04-18 15:45:16,14,85.0
761,2026-04-18 15:45:16,15,35.0
762,2026-04-18 15:45:16,16,40.0
763,2026-04-18 15:45:16,17,70.0
764,2026-04-18 15:45:16,18,40.0
765,2026-04-18 15:45:16,19,50.0
766,2026-04-18 15:45:16,20,25.0
767,2026-04-18 15:45:16,21,60.0
768,2026-04-18 15:45:16,50,50.0
769,2026-04-18 15:45:46,11,120.0
770,2026-04-18 15:45:46,12,35.0
771,2026-04-18 15:45:46,13,65.0
772,2026-04-18 15:45:46,14,85.0
773,2026-04-18 15:45:46,15,35.0
774,2026-04-18 15:45:46,16,40.0
775,2026-04-18 15:45:46,17,70.0
776,2026-04-18 15:45:46,18,40.0
777,2026-04-18 15:45:46,19,50.0
778,2026-04-18 15:45:46,20,25.0
779,2026-04-18 15:45:46,21,60.0
780,2026-04-18 15:45:46,50,50.0
781,2026-04-18 15:46:16,11,120.0
782,2026-04-18 15:46:16,12,35.0
783,2026-04-18 15:46:16,13,65.0
784,2026-04-18 15:46:16,14,85.0
785,2026-04-18 15:46:16,15,35.0
786,2026-04-18 15:46:16,16,40.0
787,2026-04-18 15:46:16,17,70.0
788,2026-04-18 15:46:16,18,40.0
789,2026-04-18 15:46:16,19,50.0
790,2026-04-18 15:46:16,20,25.0
791,2026-04-18 15:46:16,21,60.0
792,2026-04-18 15:46:16,50,50.0
793,2026-04-18 15:46:46,11,120.0
794,2026-04-18 15:46:46,12,35.0
795,2026-04-18 15:46:46,13,65.0
796,2026-04-18 15:46:46,14,85.0
797,2026-04-18 15:46:46,15,35.0
798,2026-04-18 15:46:46,16,40.0
799,2026-04-18 15:46:46,17,70.0
800,2026-04-18 15:46:46,18,40.0
801,2026-04-18 15:46:46,19,50.0
802,2026-04-18 15:46:46,20,25.0
803,2026-04-18 15:46:46,21,60.0
804,2026-04-18 15:46:46,50,50.0
805,2026-04-18 15:47:16,11,120.0
806,2026-04-18 15:47:16,12,35.0
807,2026-04-18 15:47:16,13,65.0
808,2026-04-18 15:47:16,14,85.0
809,2026-04-18 15:47:16,15,35.0
810,2026-04-18 15:47:16,16,40.0
811,2026-04-18 15:47:16,17,70.0
812,2026-04-18 15:47:16,18,40.0
813,2026-04-18 15:47:16,19,50.0
814,2026-04-18 15:47:16,20,25.0
815,2026-04-18 15:47:16,21,60.0
816,2026-04-18 15:47:16,50,50.0
817,2026-04-18 15:47:46,11,120.0
818,2026-04-18 15:47:46,12,35.0
819,2026-04-18 15:47:46,13,65.0
820,2026-04-18 15:47:46,14,85.0
821,2026-04-18 15:47:46,15,35.0
822,2026-04-18 15:47:46,16,40.0
823,2026-04-18 15:47:46,17,70.0
824,2026-04-18 15:47:46,18,40.0
825,2026-04-18 15:47:46,19,50.0
826,2026-04-18 15:47:46,20,25.0
827,2026-04-18 15:47:46,21,60.0
828,2026-04-18 15:47:46,50,50.0
829,2026-04-18 15:48:16,11,120.0
830,2026-04-18 15:48:16,12,35.0
831,2026-04-18 15:48:16,13,65.0
832,2026-04-18 15:48:16,14,85.0
833,2026-04-18 15:48:16,15,35.0
834,2026-04-18 15:48:16,16,40.0
835,2026-04-18 15:48:16,17,70.0
836,2026-04-18 15:48:16,18,40.0
837,2026-04-18 15:48:16,19,50.0
838,2026-04-18 15:48:16,20,25.0
839,2026-04-18 15:48:16,21,60.0
840,2026-04-18 15:48:16,50,50.0
841,2026-04-18 15:48:46,11,120.0
842,2026-04-18 15:48:46,12,35.0
843,2026-04-18 15:48:46,13,65.0
844,2026-04-18 15:48:46,14,85.0
845,2026-04-18 15:48:46,15,35.0
846,2026-04-18 15:48:46,16,40.0
847,2026-04-18 15:48:46,17,70.0
848,2026-04-18 15:48:46,18,40.0
849,2026-04-18 15:48:46,19,50.0
850,2026-04-18 15:48:46,20,25.0
851,2026-04-18 15:48:46,21,60.0
852,2026-04-18 15:48:46,50,50.0
853,2026-04-18 15:49:16,11,120.0
854,2026-04-18 15:49:16,12,35.0
855,2026-04-18 15:49:16,13,65.0
856,2026-04-18 15:49:16,14,85.0
857,2026-04-18 15:49:16,15,35.0
858,2026-04-18 15:49:16,16,40.0
859,2026-04-18 15:49:16,17,70.0
860,2026-04-18 15:49:16,18,40.0
861,2026-04-18 15:49:17,19,50.0
862,2026-04-18 15:49:17,20,25.0
863,2026-04-18 15:49:17,21,60.0
864,2026-04-18 15:49:17,50,50.0
865,2026-04-18 15:49:47,11,120.0
866,2026-04-18 15:49:47,12,35.0
867,2026-04-18 15:49:47,13,65.0
868,2026-04-18 15:49:47,14,85.0
869,2026-04-18 15:49:47,15,35.0
870,2026-04-18 15:49:47,16,40.0
871,2026-04-18 15:49:47,17,70.0
872,2026-04-18 15:49:47,18,40.0
873,2026-04-18 15:49:47,19,50.0
874,2026-04-18 15:49:47,20,25.0
875,2026-04-18 15:49:47,21,60.0
876,2026-04-18 15:49:47,50,50.0
877,2026-04-18 15:50:17,11,120.0
878,2026-04-18 15:50:17,12,35.0
879,2026-04-18 15:50:17,13,65.0
880,2026-04-18 15:50:17,14,85.0
881,2026-04-18 15:50:17,15,35.0
882,2026-04-18 15:50:17,16,40.0
883,2026-04-18 15:50:17,17,70.0
884,2026-04-18 15:50:17,18,40.0
885,2026-04-18 15:50:17,19,50.0
886,2026-04-18 15:50:17,20,25.0
887,2026-04-18 15:50:17,21,60.0
888,2026-04-18 15:50:17,50,50.0
889,2026-04-18 15:50:47,11,120.0
890,2026-04-18 15:50:47,12,35.0
891,2026-04-18 15:50:47,13,65.0
892,2026-04-18 15:50:47,14,85.0
893,2026-04-18 15:50:47,15,35.0
894,2026-04-18 15:50:47,16,40.0
895,2026-04-18 15:50:47,17,70.0
896,2026-04-18 15:50:47,18,40.0
897,2026-04-18 15:50:47,19,50.0
898,2026-04-18 15:50:47,20,25.0
899,2026-04-18 15:50:47,21,60.0
900,2026-04-18 15:50:47,50,50.0
901,2026-04-18 15:51:17,11,120.0
902,2026-04-18 15:51:17,12,35.0
903,2026-04-18 15:51:17,13,65.0
904,2026-04-18 15:51:17,14,85.0
905,2026-04-18 15:51:17,15,35.0
906,2026-04-18 15:51:17,16,40.0
907,2026-04-18 15:51:17,17,70.0
908,2026-04-18 15:51:17,18,40.0
909,2026-04-18 15:51:17,19,50.0
910,2026-04-18 15:51:17,20,25.0
911,2026-04-18 15:51:17,21,60.0
912,2026-04-18 15:51:17,50,50.0
913,2026-04-18 15:51:47,11,120.0
914,2026-04-18 15:51:47,12,35.0
915,2026-04-18 15:51:47,13,65.0
916,2026-04-18 15:51:47,14,85.0
917,2026-04-18 15:51:47,15,35.0
918,2026-04-18 15:51:47,16,40.0
919,2026-04-18 15:51:47,17,70.0
920,2026-04-18 15:51:47,18,40.0
921,2026-04-18 15:51:47,19,50.0
922,2026-04-18 15:51:47,20,25.0
923,2026-04-18 15:51:47,21,60.0
924,2026-04-18 15:51:47,50,50.0
925,2026-04-18 15:52:17,11,120.0
926,2026-04-18 15:52:17,12,35.0
927,2026-04-18 15:52:17,13,65.0
928,2026-04-18 15:52:17,14,85.0
929,2026-04-18 15:52:17,15,35.0
930,2026-04-18 15:52:17,16,40.0
931,2026-04-18 15:52:17,17,70.0
932,2026-04-18 15:52:17,18,40.0
933,2026-04-18 15:52:17,19,50.0
934,2026-04-18 15:52:17,20,25.0
935,2026-04-18 15:52:17,21,60.0
936,2026-04-18 15:52:17,50,50.0
937,2026-04-18 15:52:47,11,120.0
938,2026-04-18 15:52:47,12,35.0
939,2026-04-18 15:52:47,13,65.0
940,2026-04-18 15:52:47,14,85.0
941,2026-04-18 15:52:47,15,35.0
942,2026-04-18 15:52:47,16,40.0
943,2026-04-18 15:52:47,17,70.0
944,2026-04-18 15:52:47,18,40.0
945,2026-04-18 15:52:47,19,50.0
946,2026-04-18 15:52:47,20,25.0
947,2026-04-18 15:52:47,21,60.0
948,2026-04-18 15:52:47,50,50.0
949,2026-04-18 15:53:17,11,120.0
950,2026-04-18 15:53:17,12,35.0
951,2026-04-18 15:53:17,13,65.0
952,2026-04-18 15:53:17,14,85.0
953,2026-04-18 15:53:17,15,35.0
954,2026-04-18 15:53:17,16,40.0
955,2026-04-18 15:53:17,17,70.0
956,2026-04-18 15:53:17,18,40.0
957,2026-04-18 15:53:17,19,50.0
958,2026-04-18 15:53:17,20,25.0
959,2026-04-18 15:53:17,21,60.0
960,2026-04-18 15:53:17,50,50.0
961,2026-04-18 15:53:47,11,120.0
962,2026-04-18 15:53:47,12,35.0
963,2026-04-18 15:53:47,13,65.0
964,2026-04-18 15:53:47,14,85.0
965,2026-04-18 15:53:47,15,35.0
966,2026-04-18 15:53:47,16,40.0
967,2026-04-18 15:53:47,17,70.0
968,2026-04-18 15:53:47,18,40.0
969,2026-04-18 15:53:47,19,50.0
970,2026-04-18 15:53:47,20,25.0
971,2026-04-18 15:53:47,21,60.0
972,2026-04-18 15:53:47,50,50.0
973,2026-04-18 15:54:17,11,120.0
974,2026-04-18 15:54:17,12,35.0
975,2026-04-18 15:54:17,13,65.0
976,2026-04-18 15:54:17,14,85.0
977,2026-04-18 15:54:17,15,35.0
978,2026-04-18 15:54:17,16,40.0
979,2026-04-18 15:54:17,17,70.0
980,2026-04-18 15:54:17,18,40.0
981,2026-04-18 15:54:17,19,50.0
982,2026-04-18 15:54:17,20,25.0
983,2026-04-18 15:54:17,21,60.0
984,2026-04-18 15:54:17,50,50.0
985,2026-04-18 15:54:47,11,120.0
986,2026-04-18 15:54:47,12,35.0
987,2026-04-18 15:54:47,13,65.0
988,2026-04-18 15:54:47,14,85.0
989,2026-04-18 15:54:47,15,35.0
990,2026-04-18 15:54:47,16,40.0
991,2026-04-18 15:54:47,17,70.0
992,2026-04-18 15:54:47,18,40.0
993,2026-04-18 15:54:47,19,50.0
994,2026-04-18 15:54:47,20,25.0
995,2026-04-18 15:54:47,21,60.0
996,2026-04-18 15:54:47,50,50.0
997,2026-04-18 15:55:17,11,120.0
998,2026-04-18 15:55:17,12,35.0
999,2026-04-18 15:55:17,13,65.0
1000,2026-04-18 15:55:17,14,85.0
1001,2026-04-18 15:55:17,15,35.0
1002,2026-04-18 15:55:17,16,40.0
1003,2026-04-18 15:55:17,17,70.0
1004,2026-04-18 15:55:17,18,40.0
1005,2026-04-18 15:55:17,19,50.0
1006,2026-04-18 15:55:17,20,25.0
1007,2026-04-18 15:55:17,21,60.0
1008,2026-04-18 15:55:17,50,50.0
1009,2026-04-18 15:55:47,11,120.0
1010,2026-04-18 15:55:47,12,35.0
1011,2026-04-18 15:55:47,13,65.0
1012,2026-04-18 15:55:47,14,85.0
1013,2026-04-18 15:55:47,15,35.0
1014,2026-04-18 15:55:47,16,40.0
1015,2026-04-18 15:55:47,17,70.0
1016,2026-04-18 15:55:47,18,40.0
1017,2026-04-18 15:55:47,19,50.0
1018,2026-04-18 15:55:47,20,25.0
1019,2026-04-18 15:55:47,21,60.0
1020,2026-04-18 15:55:47,50,50.0
1021,2026-04-18 15:56:17,11,120.0
1022,2026-04-18 15:56:17,12,35.0
1023,2026-04-18 15:56:17,13,65.0
1024,2026-04-18 15:56:17,14,85.0
1025,2026-04-18 15:56:17,15,35.0
1026,2026-04-18 15:56:17,16,40.0
1027,2026-04-18 15:56:17,17,70.0
1028,2026-04-18 15:56:17,18,40.0
1029,2026-04-18 15:56:17,19,50.0
1030,2026-04-18 15:56:17,20,25.0
1031,2026-04-18 15:56:17,21,60.0
1032,2026-04-18 15:56:17,50,50.0
1033,2026-04-18 15:56:47,11,120.0
1034,2026-04-18 15:56:47,12,35.0
1035,2026-04-18 15:56:47,13,65.0
1036,2026-04-18 15:56:47,14,85.0
1037,2026-04-18 15:56:47,15,35.0
1038,2026-04-18 15:56:47,16,40.0
1039,2026-04-18 15:56:47,17,70.0
1040,2026-04-18 15:56:47,18,40.0
1041,2026-04-18 15:56:47,19,50.0
1042,2026-04-18 15:56:47,20,25.0
1043,2026-04-18 15:56:47,21,60.0
1044,2026-04-18 15:56:47,50,50.0
1045,2026-04-18 15:57:17,11,120.0
1046,2026-04-18 15:57:17,12,35.0
1047,2026-04-18 15:57:17,13,65.0
1048,2026-04-18 15:57:17,14,85.0
1049,2026-04-18 15:57:17,15,35.0
1050,2026-04-18 15:57:17,16,40.0
1051,2026-04-18 15:57:17,17,70.0
1052,2026-04-18 15:57:17,18,40.0
1053,2026-04-18 15:57:17,19,50.0
1054,2026-04-18 15:57:17,20,25.0
1055,2026-04-18 15:57:17,21,60.0
1056,2026-04-18 15:57:17,50,50.0
1057,2026-04-18 15:57:47,11,120.0
1058,2026-04-18 15:57:47,12,35.0
1059,2026-04-18 15:57:47,13,65.0
1060,2026-04-18 15:57:47,14,85.0
1061,2026-04-18 15:57:48,15,35.0
1062,2026-04-18 15:57:48,16,40.0
1063,2026-04-18 15:57:48,17,70.0
1064,2026-04-18 15:57:48,18,40.0
1065,2026-04-18 15:57:48,19,50.0
1066,2026-04-18 15:57:48,20,25.0
1067,2026-04-18 15:57:48,21,60.0
1068,2026-04-18 15:57:48,50,50.0
1069,2026-04-18 15:58:18,11,120.0
1070,2026-04-18 15:58:18,12,35.0
1071,2026-04-18 15:58:18,13,65.0
1072,2026-04-18 15:58:18,14,85.0
1073,2026-04-18 15:58:18,15,35.0
1074,2026-04-18 15:58:18,16,40.0
1075,2026-04-18 15:58:18,17,70.0
1076,2026-04-18 15:58:18,18,40.0
1077,2026-04-18 15:58:18,19,50.0
1078,2026-04-18 15:58:18,20,25.0
1079,2026-04-18 15:58:18,21,60.0
1080,2026-04-18 15:58:18,50,50.0
1081,2026-04-18 15:58:48,11,120.0
1082,2026-04-18 15:58:48,12,35.0
1083,2026-04-18 15:58:48,13,65.0
1084,2026-04-18 15:58:48,14,85.0
1085,2026-04-18 15:58:48,15,35.0
1086,2026-04-18 15:58:48,16,40.0
1087,2026-04-18 15:58:48,17,70.0
1088,2026-04-18 15:58:48,18,40.0
1089,2026-04-18 15:58:48,19,50.0
1090,2026-04-18 15:58:48,20,25.0
1091,2026-04-18 15:58:48,21,60.0
1092,2026-04-18 15:58:48,50,50.0
1093,2026-04-18 15:59:18,11,120.0
1094,2026-04-18 15:59:18,12,35.0
1095,2026-04-18 15:59:18,13,65.0
1096,2026-04-18 15:59:18,14,85.0
1097,2026-04-18 15:59:18,15,35.0
1098,2026-04-18 15:59:18,16,40.0
1099,2026-04-18 15:59:18,17,70.0
1100,2026-04-18 15:59:18,18,40.0
1101,2026-04-18 15:59:18,19,50.0
1102,2026-04-18 15:59:18,20,25.0
1103,2026-04-18 15:59:18,21,60.0
1104,2026-04-18 15:59:18,50,50.0
1105,2026-04-18 15:59:48,11,120.0
1106,2026-04-18 15:59:48,12,35.0
1107,2026-04-18 15:59:48,13,65.0
1108,2026-04-18 15:59:48,14,85.0
1109,2026-04-18 15:59:48,15,35.0
1110,2026-04-18 15:59:48,16,40.0
1111,2026-04-18 15:59:48,17,70.0
1112,2026-04-18 15:59:48,18,40.0
1113,2026-04-18 15:59:48,19,50.0
1114,2026-04-18 15:59:48,20,25.0
1115,2026-04-18 15:59:48,21,60.0
1116,2026-04-18 15:59:48,50,50.0
1117,2026-04-18 16:00:18,11,120.0
1118,2026-04-18 16:00:18,12,35.0
1119,2026-04-18 16:00:18,13,65.0
1120,2026-04-18 16:00:18,14,85.0
1121,2026-04-18 16:00:18,15,35.0
1122,2026-04-18 16:00:18,16,40.0
1123,2026-04-18 16:00:18,17,70.0
1124,2026-04-18 16:00:18,18,40.0
1125,2026-04-18 16:00:18,19,50.0
1126,2026-04-18 16:00:18,20,25.0
1127,2026-04-18 16:00:18,21,60.0
1128,2026-04-18 16:00:18,50,50.0
1129,2026-04-18 16:00:48,11,120.0
1130,2026-04-18 16:00:48,12,35.0
1131,2026-04-18 16:00:48,13,65.0
1132,2026-04-18 16:00:48,14,85.0
1133,2026-04-18 16:00:48,15,35.0
1134,2026-04-18 16:00:48,16,40.0
1135,2026-04-18 16:00:48,17,70.0
1136,2026-04-18 16:00:48,18,40.0
1137,2026-04-18 16:00:48,19,50.0
1138,2026-04-18 16:00:48,20,25.0
1139,2026-04-18 16:00:48,21,60.0
1140,2026-04-18 16:00:48,50,50.0
1141,2026-04-18 16:01:18,11,120.0
1142,2026-04-18 16:01:18,12,35.0
1143,2026-04-18 16:01:18,13,65.0
1144,2026-04-18 16:01:18,14,85.0
1145,2026-04-18 16:01:18,15,35.0
1146,2026-04-18 16:01:18,16,40.0
1147,2026-04-18 16:01:18,17,70.0
1148,2026-04-18 16:01:18,18,40.0
1149,2026-04-18 16:01:18,19,50.0
1150,2026-04-18 16:01:18,20,25.0
1151,2026-04-18 16:01:18,21,60.0
1152,2026-04-18 16:01:18,50,50.0
1153,2026-04-18 16:01:48,11,120.0
1154,2026-04-18 16:01:48,12,35.0
1155,2026-04-18 16:01:48,13,65.0
1156,2026-04-18 16:01:48,14,85.0
1157,2026-04-18 16:01:48,15,35.0
1158,2026-04-18 16:01:48,16,40.0
1159,2026-04-18 16:01:48,17,70.0
1160,2026-04-18 16:01:48,18,40.0
1161,2026-04-18 16:01:48,19,50.0
1162,2026-04-18 16:01:48,20,25.0
1163,2026-04-18 16:01:48,21,60.0
1164,2026-04-18 16:01:48,50,50.0
1165,2026-04-18 16:02:18,11,120.0
1166,2026-04-18 16:02:18,12,35.0
1167,2026-04-18 16:02:18,13,65.0
1168,2026-04-18 16:02:18,14,85.0
1169,2026-04-18 16:02:18,15,35.0
1170,2026-04-18 16:02:18,16,40.0
1171,2026-04-18 16:02:18,17,70.0
1172,2026-04-18 16:02:18,18,40.0
1173,2026-04-18 16:02:18,19,50.0
1174,2026-04-18 16:02:18,20,25.0
1175,2026-04-18 16:02:18,21,60.0
1176,2026-04-18 16:02:18,50,50.0
1177,2026-04-18 16:02:48,11,120.0
1178,2026-04-18 16:02:48,12,35.0
1179,2026-04-18 16:02:48,13,65.0
1180,2026-04-18 16:02:48,14,85.0
1181,2026-04-18 16:02:48,15,35.0
1182,2026-04-18 16:02:48,16,40.0
1183,2026-04-18 16:02:48,17,70.0
1184,2026-04-18 16:02:48,18,40.0
1185,2026-04-18 16:02:48,19,50.0
1186,2026-04-18 16:02:48,20,25.0
1187,2026-04-18 16:02:48,21,60.0
1188,2026-04-18 16:02:48,50,50.0
1189,2026-04-18 16:03:18,11,120.0
1190,2026-04-18 16:03:18,12,35.0
1191,2026-04-18 16:03:18,13,65.0
1192,2026-04-18 16:03:18,14,85.0
1193,2026-04-18 16:03:18,15,35.0
1194,2026-04-18 16:03:18,16,40.0
1195,2026-04-18 16:03:18,17,70.0
1196,2026-04-18 16:03:18,18,40.0
1197,2026-04-18 16:03:18,19,50.0
1198,2026-04-18 16:03:18,20,25.0
1199,2026-04-18 16:03:18,21,60.0
1200,2026-04-18 16:03:18,50,50.0
1201,2026-04-18 16:03:48,11,120.0
1202,2026-04-18 16:03:48,12,35.0
1203,2026-04-18 16:03:48,13,65.0
1204,2026-04-18 16:03:48,14,85.0
1205,2026-04-18 16:03:48,15,35.0
1206,2026-04-18 16:03:48,16,40.0
1207,2026-04-18 16:03:48,17,70.0
1208,2026-04-18 16:03:48,18,40.0
1209,2026-04-18 16:03:48,19,50.0
1210,2026-04-18 16:03:48,20,25.0
1211,2026-04-18 16:03:48,21,60.0
1212,2026-04-18 16:03:48,50,50.0
1213,2026-04-18 16:04:18,11,120.0
1214,2026-04-18 16:04:18,12,35.0
1215,2026-04-18 16:04:18,13,65.0
1216,2026-04-18 16:04:18,14,85.0
1217,2026-04-18 16:04:18,15,35.0
1218,2026-04-18 16:04:18,16,40.0
1219,2026-04-18 16:04:18,17,70.0
1220,2026-04-18 16:04:18,18,40.0
1221,2026-04-18 16:04:18,19,50.0
1222,2026-04-18 16:04:18,20,25.0
1223,2026-04-18 16:04:18,21,60.0
1224,2026-04-18 16:04:18,50,50.0
1225,2026-04-18 16:04:48,11,120.0
1226,2026-04-18 16:04:48,12,35.0
1227,2026-04-18 16:04:48,13,65.0
1228,2026-04-18 16:04:48,14,85.0
1229,2026-04-18 16:04:48,15,35.0
1230,2026-04-18 16:04:48,16,40.0
1231,2026-04-18 16:04:48,17,70.0
1232,2026-04-18 16:04:48,18,40.0
1233,2026-04-18 16:04:48,19,50.0
1234,2026-04-18 16:04:48,20,25.0
1235,2026-04-18 16:04:48,21,60.0
1236,2026-04-18 16:04:48,50,50.0
1237,2026-04-18 16:05:18,11,120.0
1238,2026-04-18 16:05:18,12,35.0
1239,2026-04-18 16:05:18,13,65.0
1240,2026-04-18 16:05:18,14,85.0
1241,2026-04-18 16:05:18,15,35.0
1242,2026-04-18 16:05:18,16,40.0
1243,2026-04-18 16:05:18,17,70.0
1244,2026-04-18 16:05:18,18,40.0
1245,2026-04-18 16:05:18,19,50.0
1246,2026-04-18 16:05:18,20,25.0
1247,2026-04-18 16:05:18,21,60.0
1248,2026-04-18 16:05:18,50,50.0
1249,2026-04-18 16:05:48,11,120.0
1250,2026-04-18 16:05:48,12,35.0
1251,2026-04-18 16:05:48,13,65.0
1252,2026-04-18 16:05:48,14,85.0
1253,2026-04-18 16:05:48,15,35.0
1254,2026-04-18 16:05:48,16,40.0
1255,2026-04-18 16:05:48,17,70.0
1256,2026-04-18 16:05:48,18,40.0
1257,2026-04-18 16:05:48,19,50.0
1258,2026-04-18 16:05:48,20,25.0
1259,2026-04-18 16:05:48,21,60.0
1260,2026-04-18 16:05:48,50,50.0
1261,2026-04-18 16:06:18,11,120.0
1262,2026-04-18 16:06:18,12,35.0
1263,2026-04-18 16:06:18,13,65.0
1264,2026-04-18 16:06:18,14,85.0
1265,2026-04-18 16:06:18,15,35.0
1266,2026-04-18 16:06:18,16,40.0
1267,2026-04-18 16:06:18,17,70.0
1268,2026-04-18 16:06:19,18,40.0
1269,2026-04-18 16:06:19,19,50.0
1270,2026-04-18 16:06:19,20,25.0
1271,2026-04-18 16:06:19,21,60.0
1272,2026-04-18 16:06:19,50,50.0
1273,2026-04-18 16:06:49,11,120.0
1274,2026-04-18 16:06:49,12,35.0
1275,2026-04-18 16:06:49,13,65.0
1276,2026-04-18 16:06:49,14,85.0
1277,2026-04-18 16:06:49,15,35.0
1278,2026-04-18 16:06:49,16,40.0
1279,2026-04-18 16:06:49,17,70.0
1280,2026-04-18 16:06:49,18,40.0
1281,2026-04-18 16:06:49,19,50.0
1282,2026-04-18 16:06:49,20,25.0
1283,2026-04-18 16:06:49,21,60.0
1284,2026-04-18 16:06:49,50,50.0
1285,2026-04-18 16:07:19,11,120.0
1286,2026-04-18 16:07:19,12,35.0
1287,2026-04-18 16:07:19,13,65.0
1288,2026-04-18 16:07:19,14,85.0
1289,2026-04-18 16:07:19,15,35.0
1290,2026-04-18 16:07:19,16,40.0
1291,2026-04-18 16:07:19,17,70.0
1292,2026-04-18 16:07:19,18,40.0
1293,2026-04-18 16:07:19,19,50.0
1294,2026-04-18 16:07:19,20,25.0
1295,2026-04-18 16:07:19,21,60.0
1296,2026-04-18 16:07:19,50,50.0
1297,2026-04-18 16:07:49,11,120.0
1298,2026-04-18 16:07:49,12,35.0
1299,2026-04-18 16:07:49,13,65.0
1300,2026-04-18 16:07:49,14,85.0
1301,2026-04-18 16:07:49,15,35.0
1302,2026-04-18 16:07:49,16,40.0
1303,2026-04-18 16:07:49,17,70.0
1304,2026-04-18 16:07:49,18,40.0
1305,2026-04-18 16:07:49,19,50.0
1306,2026-04-18 16:07:49,20,25.0
1307,2026-04-18 16:07:49,21,60.0
1308,2026-04-18 16:07:49,50,50.0
1309,2026-04-18 16:08:19,11,120.0
1310,2026-04-18 16:08:19,12,35.0
1311,2026-04-18 16:08:19,13,65.0
1312,2026-04-18 16:08:19,14,85.0
1313,2026-04-18 16:08:19,15,35.0
1314,2026-04-18 16:08:19,16,40.0
1315,2026-04-18 16:08:19,17,70.0
1316,2026-04-18 16:08:19,18,40.0
1317,2026-04-18 16:08:19,19,50.0
1318,2026-04-18 16:08:19,20,25.0
1319,2026-04-18 16:08:19,21,60.0
1320,2026-04-18 16:08:19,50,50.0
1321,2026-04-18 16:08:49,11,120.0
1322,2026-04-18 16:08:49,12,35.0
1323,2026-04-18 16:08:49,13,65.0
1324,2026-04-18 16:08:49,14,85.0
1325,2026-04-18 16:08:49,15,35.0
1326,2026-04-18 16:08:49,16,40.0
1327,2026-04-18 16:08:49,17,70.0
1328,2026-04-18 16:08:49,18,40.0
1329,2026-04-18 16:08:49,19,50.0
1330,2026-04-18 16:08:49,20,25.0
1331,2026-04-18 16:08:49,21,60.0
1332,2026-04-18 16:08:49,50,50.0
1333,2026-04-18 16:09:19,11,120.0
1334,2026-04-18 16:09:19,12,35.0
1335,2026-04-18 16:09:19,13,65.0
1336,2026-04-18 16:09:19,14,85.0
1337,2026-04-18 16:09:19,15,35.0
1338,2026-04-18 16:09:19,16,40.0
1339,2026-04-18 16:09:19,17,70.0
1340,2026-04-18 16:09:19,18,40.0
1341,2026-04-18 16:09:19,19,50.0
1342,2026-04-18 16:09:19,20,25.0
1343,2026-04-18 16:09:19,21,60.0
1344,2026-04-18 16:09:19,50,50.0
1345,2026-04-18 16:09:49,11,120.0
1346,2026-04-18 16:09:49,12,35.0
1347,2026-04-18 16:09:49,13,65.0
1348,2026-04-18 16:09:49,14,85.0
1349,2026-04-18 16:09:49,15,35.0
1350,2026-04-18 16:09:49,16,40.0
1351,2026-04-18 16:09:49,17,70.0
1352,2026-04-18 16:09:49,18,40.0
1353,2026-04-18 16:09:49,19,50.0
1354,2026-04-18 16:09:49,20,25.0
1355,2026-04-18 16:09:49,21,60.0
1356,2026-04-18 16:09:49,50,50.0
1357,2026-04-18 16:10:19,11,120.0
1358,2026-04-18 16:10:19,12,35.0
1359,2026-04-18 16:10:19,13,65.0
1360,2026-04-18 16:10:19,14,85.0
1361,2026-04-18 16:10:19,15,35.0
1362,2026-04-18 16:10:19,16,40.0
1363,2026-04-18 16:10:19,17,70.0
1364,2026-04-18 16:10:19,18,40.0
1365,2026-04-18 16:10:19,19,50.0
1366,2026-04-18 16:10:19,20,25.0
1367,2026-04-18 16:10:19,21,60.0
1368,2026-04-18 16:10:19,50,50.0
1369,2026-04-18 16:10:49,11,120.0
1370,2026-04-18 16:10:49,12,35.0
1371,2026-04-18 16:10:49,13,65.0
1372,2026-04-18 16:10:49,14,85.0
1373,2026-04-18 16:10:49,15,35.0
1374,2026-04-18 16:10:49,16,40.0
1375,2026-04-18 16:10:49,17,70.0
1376,2026-04-18 16:10:49,18,40.0
1377,2026-04-18 16:10:49,19,50.0
1378,2026-04-18 16:10:49,20,25.0
1379,2026-04-18 16:10:49,21,60.0
1380,2026-04-18 16:10:49,50,50.0
1381,2026-04-18 16:11:19,11,120.0
1382,2026-04-18 16:11:19,12,35.0
1383,2026-04-18 16:11:19,13,65.0
1384,2026-04-18 16:11:19,14,85.0
1385,2026-04-18 16:11:19,15,35.0
1386,2026-04-18 16:11:19,16,40.0
1387,2026-04-18 16:11:19,17,70.0
1388,2026-04-18 16:11:19,18,40.0
1389,2026-04-18 16:11:19,19,50.0
1390,2026-04-18 16:11:19,20,25.0
1391,2026-04-18 16:11:19,21,60.0
1392,2026-04-18 16:11:19,50,50.0
1393,2026-04-18 16:11:49,11,120.0
1394,2026-04-18 16:11:49,12,35.0
1395,2026-04-18 16:11:49,13,65.0
1396,2026-04-18 16:11:49,14,85.0
1397,2026-04-18 16:11:49,15,35.0
1398,2026-04-18 16:11:49,16,40.0
1399,2026-04-18 16:11:49,17,70.0
1400,2026-04-18 16:11:49,18,40.0
1401,2026-04-18 16:11:49,19,50.0
1402,2026-04-18 16:11:49,20,25.0
1403,2026-04-18 16:11:49,21,60.0
1404,2026-04-18 16:11:49,50,50.0
1405,2026-04-18 16:12:19,11,120.0
1406,2026-04-18 16:12:19,12,35.0
1407,2026-04-18 16:12:19,13,65.0
1408,2026-04-18 16:12:19,14,85.0
1409,2026-04-18 16:12:19,15,35.0
1410,2026-04-18 16:12:19,16,40.0
1411,2026-04-18 16:12:19,17,70.0
1412,2026-04-18 16:12:19,18,40.0
1413,2026-04-18 16:12:19,19,50.0
1414,2026-04-18 16:12:19,20,25.0
1415,2026-04-18 16:12:19,21,60.0
1416,2026-04-18 16:12:19,50,50.0
1417,2026-04-18 16:12:49,11,120.0
1418,2026-04-18 16:12:49,12,35.0
1419,2026-04-18 16:12:49,13,65.0
1420,2026-04-18 16:12:49,14,85.0
1421,2026-04-18 16:12:49,15,35.0
1422,2026-04-18 16:12:49,16,40.0
1423,2026-04-18 16:12:49,17,70.0
1424,2026-04-18 16:12:49,18,40.0
1425,2026-04-18 16:12:49,19,50.0
1426,2026-04-18 16:12:49,20,25.0
1427,2026-04-18 16:12:49,21,60.0
1428,2026-04-18 16:12:49,50,50.0
1429,2026-04-18 16:13:19,11,120.0
1430,2026-04-18 16:13:19,12,35.0
1431,2026-04-18 16:13:19,13,65.0
1432,2026-04-18 16:13:19,14,85.0
1433,2026-04-18 16:13:19,15,35.0
1434,2026-04-18 16:13:19,16,40.0
1435,2026-04-18 16:13:19,17,70.0
1436,2026-04-18 16:13:19,18,40.0
1437,2026-04-18 16:13:19,19,50.0
1438,2026-04-18 16:13:19,20,25.0
1439,2026-04-18 16:13:19,21,60.0
1440,2026-04-18 16:13:19,50,50.0
1441,2026-04-18 16:13:49,11,120.0
1442,2026-04-18 16:13:49,12,35.0
1443,2026-04-18 16:13:49,13,65.0
1444,2026-04-18 16:13:49,14,85.0
1445,2026-04-18 16:13:49,15,35.0
1446,2026-04-18 16:13:49,16,40.0
1447,2026-04-18 16:13:49,17,70.0
1448,2026-04-18 16:13:49,18,40.0
1449,2026-04-18 16:13:49,19,50.0
1450,2026-04-18 16:13:49,20,25.0
1451,2026-04-18 16:13:49,21,60.0
1452,2026-04-18 16:13:49,50,50.0
1453,2026-04-18 16:14:19,11,120.0
1454,2026-04-18 16:14:19,12,35.0
1455,2026-04-18 16:14:19,13,65.0
1456,2026-04-18 16:14:19,14,85.0
1457,2026-04-18 16:14:19,15,35.0
1458,2026-04-18 16:14:19,16,40.0
1459,2026-04-18 16:14:19,17,70.0
1460,2026-04-18 16:14:19,18,40.0
1461,2026-04-18 16:14:19,19,50.0
1462,2026-04-18 16:14:19,20,25.0
1463,2026-04-18 16:14:19,21,60.0
1464,2026-04-18 16:14:19,50,50.0
1465,2026-04-18 16:14:49,11,120.0
1466,2026-04-18 16:14:49,12,35.0
1467,2026-04-18 16:14:49,13,65.0
1468,2026-04-18 16:14:49,14,85.0
1469,2026-04-18 16:14:49,15,35.0
1470,2026-04-18 16:14:49,16,40.0
1471,2026-04-18 16:14:50,17,70.0
1472,2026-04-18 16:14:50,18,40.0
1473,2026-04-18 16:14:50,19,50.0
1474,2026-04-18 16:14:50,20,25.0
1475,2026-04-18 16:14:50,21,60.0
1476,2026-04-18 16:14:50,50,50.0
1477,2026-04-18 16:15:20,11,120.0
1478,2026-04-18 16:15:20,12,35.0
1479,2026-04-18 16:15:20,13,65.0
1480,2026-04-18 16:15:20,14,85.0
1481,2026-04-18 16:15:20,15,35.0
1482,2026-04-18 16:15:20,16,40.0
1483,2026-04-18 16:15:20,17,70.0
1484,2026-04-18 16:15:20,18,40.0
1485,2026-04-18 16:15:20,19,50.0
1486,2026-04-18 16:15:20,20,25.0
1487,2026-04-18 16:15:20,21,60.0
1488,2026-04-18 16:15:20,50,50.0
1489,2026-04-18 16:15:50,11,120.0
1490,2026-04-18 16:15:50,12,35.0
1491,2026-04-18 16:15:50,13,65.0
1492,2026-04-18 16:15:50,14,85.0
1493,2026-04-18 16:15:50,15,35.0
1494,2026-04-18 16:15:50,16,40.0
1495,2026-04-18 16:15:50,17,70.0
1496,2026-04-18 16:15:50,18,40.0
1497,2026-04-18 16:15:50,19,50.0
1498,2026-04-18 16:15:50,20,25.0
1499,2026-04-18 16:15:50,21,60.0
1500,2026-04-18 16:15:50,50,50.0
1501,2026-04-18 16:16:20,11,120.0
1502,2026-04-18 16:16:20,12,35.0
1503,2026-04-18 16:16:20,13,65.0
1504,2026-04-18 16:16:20,14,85.0
1505,2026-04-18 16:16:20,15,35.0
1506,2026-04-18 16:16:20,16,40.0
1507,2026-04-18 16:16:20,17,70.0
1508,2026-04-18 16:16:20,18,40.0
1509,2026-04-18 16:16:20,19,50.0
1510,2026-04-18 16:16:20,20,25.0
1511,2026-04-18 16:16:20,21,60.0
1512,2026-04-18 16:16:20,50,50.0
1513,2026-04-18 16:16:50,11,120.0
1514,2026-04-18 16:16:50,12,35.0
1515,2026-04-18 16:16:50,13,65.0
1516,2026-04-18 16:16:50,14,85.0
1517,2026-04-18 16:16:50,15,35.0
1518,2026-04-18 16:16:50,16,40.0
1519,2026-04-18 16:16:50,17,70.0
1520,2026-04-18 16:16:50,18,40.0
1521,2026-04-18 16:16:50,19,50.0
1522,2026-04-18 16:16:50,20,25.0
1523,2026-04-18 16:16:50,21,60.0
1524,2026-04-18 16:16:50,50,50.0
1525,2026-04-18 16:17:20,11,120.0
1526,2026-04-18 16:17:20,12,35.0
1527,2026-04-18 16:17:20,13,65.0
1528,2026-04-18 16:17:20,14,85.0
1529,2026-04-18 16:17:20,15,35.0
1530,2026-04-18 16:17:20,16,40.0
1531,2026-04-18 16:17:20,17,70.0
1532,2026-04-18 16:17:20,18,40.0
1533,2026-04-18 16:17:20,19,50.0
1534,2026-04-18 16:17:20,20,25.0
1535,2026-04-18 16:17:20,21,60.0
1536,2026-04-18 16:17:20,50,50.0
1537,2026-04-18 16:17:50,11,120.0
1538,2026-04-18 16:17:50,12,35.0
1539,2026-04-18 16:17:50,13,65.0
1540,2026-04-18 16:17:50,14,85.0
1541,2026-04-18 16:17:50,15,35.0
1542,2026-04-18 16:17:50,16,40.0
1543,2026-04-18 16:17:50,17,70.0
1544,2026-04-18 16:17:50,18,40.0
1545,2026-04-18 16:17:50,19,50.0
1546,2026-04-18 16:17:50,20,25.0
1547,2026-04-18 16:17:50,21,60.0
1548,2026-04-18 16:17:50,50,50.0
1549,2026-04-18 16:18:20,11,120.0
1550,2026-04-18 16:18:20,12,35.0
1551,2026-04-18 16:18:20,13,65.0
1552,2026-04-18 16:18:20,14,85.0
1553,2026-04-18 16:18:20,15,35.0
1554,2026-04-18 16:18:20,16,40.0
1555,2026-04-18 16:18:20,17,70.0
1556,2026-04-18 16:18:20,18,40.0
1557,2026-04-18 16:18:20,19,50.0
1558,2026-04-18 16:18:20,20,25.0
1559,2026-04-18 16:18:20,21,60.0
1560,2026-04-18 16:18:20,50,50.0
1561,2026-04-18 16:18:50,11,120.0
1562,2026-04-18 16:18:50,12,35.0
1563,2026-04-18 16:18:50,13,65.0
1564,2026-04-18 16:18:50,14,85.0
1565,2026-04-18 16:18:50,15,35.0
1566,2026-04-18 16:18:50,16,40.0
1567,2026-04-18 16:18:50,17,70.0
1568,2026-04-18 16:18:50,18,40.0
1569,2026-04-18 16:18:50,19,50.0
1570,2026-04-18 16:18:50,20,25.0
1571,2026-04-18 16:18:50,21,60.0
1572,2026-04-18 16:18:50,50,50.0
1573,2026-04-18 16:19:20,11,120.0
1574,2026-04-18 16:19:20,12,35.0
1575,2026-04-18 16:19:20,13,65.0
1576,2026-04-18 16:19:20,14,85.0
1577,2026-04-18 16:19:20,15,35.0
1578,2026-04-18 16:19:20,16,40.0
1579,2026-04-18 16:19:20,17,70.0
1580,2026-04-18 16:19:20,18,40.0
1581,2026-04-18 16:19:20,19,50.0
1582,2026-04-18 16:19:20,20,25.0
1583,2026-04-18 16:19:20,21,60.0
1584,2026-04-18 16:19:20,50,50.0
1585,2026-04-18 16:19:50,11,120.0
1586,2026-04-18 16:19:50,12,35.0
1587,2026-04-18 16:19:50,13,65.0
1588,2026-04-18 16:19:50,14,85.0
1589,2026-04-18 16:19:50,15,35.0
1590,2026-04-18 16:19:50,16,40.0
1591,2026-04-18 16:19:50,17,70.0
1592,2026-04-18 16:19:50,18,40.0
1593,2026-04-18 16:19:50,19,50.0
1594,2026-04-18 16:19:50,20,25.0
1595,2026-04-18 16:19:50,21,60.0
1596,2026-04-18 16:19:50,50,50.0
1597,2026-04-18 16:20:20,11,120.0
1598,2026-04-18 16:20:20,12,35.0
1599,2026-04-18 16:20:20,13,65.0
1600,2026-04-18 16:20:20,14,85.0
1601,2026-04-18 16:20:20,15,35.0
1602,2026-04-18 16:20:20,16,40.0
1603,2026-04-18 16:20:20,17,70.0
1604,2026-04-18 16:20:20,18,40.0
1605,2026-04-18 16:20:20,19,50.0
1606,2026-04-18 16:20:20,20,25.0
1607,2026-04-18 16:20:20,21,60.0
1608,2026-04-18 16:20:20,50,50.0
1609,2026-04-18 16:20:50,11,120.0
1610,2026-04-18 16:20:50,12,35.0
1611,2026-04-18 16:20:50,13,65.0
1612,2026-04-18 16:20:50,14,85.0
1613,2026-04-18 16:20:50,15,35.0
1614,2026-04-18 16:20:50,16,40.0
1615,2026-04-18 16:20:50,17,70.0
1616,2026-04-18 16:20:50,18,40.0
1617,2026-04-18 16:20:50,19,50.0
1618,2026-04-18 16:20:50,20,25.0
1619,2026-04-18 16:20:50,21,60.0
1620,2026-04-18 16:20:50,50,50.0
1621,2026-04-18 16:21:20,11,120.0
1622,2026-04-18 16:21:20,12,35.0
1623,2026-04-18 16:21:20,13,65.0
1624,2026-04-18 16:21:20,14,85.0
1625,2026-04-18 16:21:20,15,35.0
1626,2026-04-18 16:21:20,16,40.0
1627,2026-04-18 16:21:20,17,70.0
1628,2026-04-18 16:21:20,18,40.0
1629,2026-04-18 16:21:20,19,50.0
1630,2026-04-18 16:21:20,20,25.0
1631,2026-04-18 16:21:20,21,60.0
1632,2026-04-18 16:21:20,50,50.0
1633,2026-04-18 16:21:50,11,120.0
1634,2026-04-18 16:21:50,12,35.0
1635,2026-04-18 16:21:50,13,65.0
1636,2026-04-18 16:21:50,14,85.0
1637,2026-04-18 16:21:50,15,35.0
1638,2026-04-18 16:21:50,16,40.0
1639,2026-04-18 16:21:50,17,70.0
1640,2026-04-18 16:21:50,18,40.0
1641,2026-04-18 16:21:50,19,50.0
1642,2026-04-18 16:21:50,20,25.0
1643,2026-04-18 16:21:50,21,60.0
1644,2026-04-18 16:21:50,50,50.0
1645,2026-04-18 16:22:20,11,120.0
1646,2026-04-18 16:22:20,12,35.0
1647,2026-04-18 16:22:20,13,65.0
1648,2026-04-18 16:22:20,14,85.0
1649,2026-04-18 16:22:20,15,35.0
1650,2026-04-18 16:22:20,16,40.0
1651,2026-04-18 16:22:20,17,70.0
1652,2026-04-18 16:22:20,18,40.0
1653,2026-04-18 16:22:20,19,50.0
1654,2026-04-18 16:22:20,20,25.0
1655,2026-04-18 16:22:20,21,60.0
1656,2026-04-18 16:22:20,50,50.0
1657,2026-04-18 16:22:50,11,120.0
1658,2026-04-18 16:22:50,12,35.0
1659,2026-04-18 16:22:50,13,65.0
1660,2026-04-18 16:22:50,14,85.0
1661,2026-04-18 16:22:50,15,35.0
1662,2026-04-18 16:22:50,16,40.0
1663,2026-04-18 16:22:50,17,70.0
1664,2026-04-18 16:22:50,18,40.0
1665,2026-04-18 16:22:50,19,50.0
1666,2026-04-18 16:22:50,20,25.0
1667,2026-04-18 16:22:50,21,60.0
1668,2026-04-18 16:22:50,50,50.0
1669,2026-04-18 16:23:20,11,120.0
1670,2026-04-18 16:23:20,12,35.0
1671,2026-04-18 16:23:20,13,65.0
1672,2026-04-18 16:23:21,14,85.0
1673,2026-04-18 16:23:21,15,35.0
1674,2026-04-18 16:23:21,16,40.0
1675,2026-04-18 16:23:21,17,70.0
1676,2026-04-18 16:23:21,18,40.0
1677,2026-04-18 16:23:21,19,50.0
1678,2026-04-18 16:23:21,20,25.0
1679,2026-04-18 16:23:21,21,60.0
1680,2026-04-18 16:23:21,50,50.0
1681,2026-04-18 16:23:51,11,120.0
1682,2026-04-18 16:23:51,12,35.0
1683,2026-04-18 16:23:51,13,65.0
1684,2026-04-18 16:23:51,14,85.0
1685,2026-04-18 16:23:51,15,35.0
1686,2026-04-18 16:23:51,16,40.0
1687,2026-04-18 16:23:51,17,70.0
1688,2026-04-18 16:23:51,18,40.0
1689,2026-04-18 16:23:51,19,50.0
1690,2026-04-18 16:23:51,20,25.0
1691,2026-04-18 16:23:51,21,60.0
1692,2026-04-18 16:23:51,50,50.0
1693,2026-04-18 16:24:21,11,120.0
1694,2026-04-18 16:24:21,12,35.0
1695,2026-04-18 16:24:21,13,65.0
1696,2026-04-18 16:24:21,14,85.0
1697,2026-04-18 16:24:21,15,35.0
1698,2026-04-18 16:24:21,16,40.0
1699,2026-04-18 16:24:21,17,70.0
1700,2026-04-18 16:24:21,18,40.0
1701,2026-04-18 16:24:21,19,50.0
1702,2026-04-18 16:24:21,20,25.0
1703,2026-04-18 16:24:21,21,60.0
1704,2026-04-18 16:24:21,50,50.0
1705,2026-04-18 16:24:51,11,120.0
1706,2026-04-18 16:24:51,12,35.0
1707,2026-04-18 16:24:51,13,65.0
1708,2026-04-18 16:24:51,14,85.0
1709,2026-04-18 16:24:51,15,35.0
1710,2026-04-18 16:24:51,16,40.0
1711,2026-04-18 16:24:51,17,70.0
1712,2026-04-18 16:24:51,18,40.0
1713,2026-04-18 16:24:51,19,50.0
1714,2026-04-18 16:24:51,20,25.0
1715,2026-04-18 16:24:51,21,60.0
1716,2026-04-18 16:24:51,50,50.0
1717,2026-04-18 16:25:21,11,120.0
1718,2026-04-18 16:25:21,12,35.0
1719,2026-04-18 16:25:21,13,65.0
1720,2026-04-18 16:25:21,14,85.0
1721,2026-04-18 16:25:21,15,35.0
1722,2026-04-18 16:25:21,16,40.0
1723,2026-04-18 16:25:21,17,70.0
1724,2026-04-18 16:25:21,18,40.0
1725,2026-04-18 16:25:21,19,50.0
1726,2026-04-18 16:25:21,20,25.0
1727,2026-04-18 16:25:21,21,60.0
1728,2026-04-18 16:25:21,50,50.0
1729,2026-04-18 16:25:51,11,120.0
1730,2026-04-18 16:25:51,12,35.0
1731,2026-04-18 16:25:51,13,65.0
1732,2026-04-18 16:25:51,14,85.0
1733,2026-04-18 16:25:51,15,35.0
1734,2026-04-18 16:25:51,16,40.0
1735,2026-04-18 16:25:51,17,70.0
1736,2026-04-18 16:25:51,18,40.0
1737,2026-04-18 16:25:51,19,50.0
1738,2026-04-18 16:25:51,20,25.0
1739,2026-04-18 16:25:51,21,60.0
1740,2026-04-18 16:25:51,50,50.0
1741,2026-04-18 16:26:21,11,120.0
1742,2026-04-18 16:26:21,12,35.0
1743,2026-04-18 16:26:21,13,65.0
1744,2026-04-18 16:26:21,14,85.0
1745,2026-04-18 16:26:21,15,35.0
1746,2026-04-18 16:26:21,16,40.0
1747,2026-04-18 16:26:21,17,70.0
1748,2026-04-18 16:26:21,18,40.0
1749,2026-04-18 16:26:21,19,50.0
1750,2026-04-18 16:26:21,20,25.0
1751,2026-04-18 16:26:21,21,60.0
1752,2026-04-18 16:26:21,50,50.0
1753,2026-04-18 16:26:51,11,120.0
1754,2026-04-18 16:26:51,12,35.0
1755,2026-04-18 16:26:51,13,65.0
1756,2026-04-18 16:26:51,14,85.0
1757,2026-04-18 16:26:51,15,35.0
1758,2026-04-18 16:26:51,16,40.0
1759,2026-04-18 16:26:51,17,70.0
1760,2026-04-18 16:26:51,18,40.0
1761,2026-04-18 16:26:51,19,50.0
1762,2026-04-18 16:26:51,20,25.0
1763,2026-04-18 16:26:51,21,60.0
1764,2026-04-18 16:26:51,50,50.0
1765,2026-04-18 16:27:21,11,120.0
1766,2026-04-18 16:27:21,12,35.0
1767,2026-04-18 16:27:21,13,65.0
1768,2026-04-18 16:27:21,14,85.0
1769,2026-04-18 16:27:21,15,35.0
1770,2026-04-18 16:27:21,16,40.0
1771,2026-04-18 16:27:21,17,70.0
1772,2026-04-18 16:27:21,18,40.0
1773,2026-04-18 16:27:21,19,50.0
1774,2026-04-18 16:27:21,20,25.0
1775,2026-04-18 16:27:21,21,60.0
1776,2026-04-18 16:27:21,50,50.0
1777,2026-04-18 16:27:51,11,120.0
1778,2026-04-18 16:27:51,12,35.0
1779,2026-04-18 16:27:51,13,65.0
1780,2026-04-18 16:27:51,14,85.0
1781,2026-04-18 16:27:51,15,35.0
1782,2026-04-18 16:27:51,16,40.0
1783,2026-04-18 16:27:51,17,70.0
1784,2026-04-18 16:27:51,18,40.0
1785,2026-04-18 16:27:51,19,50.0
1786,2026-04-18 16:27:51,20,25.0
1787,2026-04-18 16:27:51,21,60.0
1788,2026-04-18 16:27:51,50,50.0
1789,2026-04-18 16:28:21,11,120.0
1790,2026-04-18 16:28:21,12,35.0
1791,2026-04-18 16:28:21,13,65.0
1792,2026-04-18 16:28:21,14,85.0
1793,2026-04-18 16:28:21,15,35.0
1794,2026-04-18 16:28:21,16,40.0
1795,2026-04-18 16:28:21,17,70.0
1796,2026-04-18 16:28:21,18,40.0
1797,2026-04-18 16:28:21,19,50.0
1798,2026-04-18 16:28:21,20,25.0
1799,2026-04-18 16:28:21,21,60.0
1800,2026-04-18 16:28:21,50,50.0
1801,2026-04-18 16:28:51,11,120.0
1802,2026-04-18 16:28:51,12,35.0
1803,2026-04-18 16:28:51,13,65.0
1804,2026-04-18 16:28:51,14,85.0
1805,2026-04-18 16:28:51,15,35.0
1806,2026-04-18 16:28:51,16,40.0
1807,2026-04-18 16:28:51,17,70.0
1808,2026-04-18 16:28:51,18,40.0
1809,2026-04-18 16:28:51,19,50.0
1810,2026-04-18 16:28:51,20,25.0
1811,2026-04-18 16:28:51,21,60.0
1812,2026-04-18 16:28:51,50,50.0
1813,2026-04-18 16:29:21,11,120.0
1814,2026-04-18 16:29:21,12,35.0
1815,2026-04-18 16:29:21,13,65.0
1816,2026-04-18 16:29:21,14,85.0
1817,2026-04-18 16:29:21,15,35.0
1818,2026-04-18 16:29:21,16,40.0
1819,2026-04-18 16:29:21,17,70.0
1820,2026-04-18 16:29:21,18,40.0
1821,2026-04-18 16:29:21,19,50.0
1822,2026-04-18 16:29:21,20,25.0
1823,2026-04-18 16:29:21,21,60.0
1824,2026-04-18 16:29:21,50,50.0
1825,2026-04-18 16:29:51,11,120.0
1826,2026-04-18 16:29:51,12,35.0
1827,2026-04-18 16:29:51,13,65.0
1828,2026-04-18 16:29:51,14,85.0
1829,2026-04-18 16:29:51,15,35.0
1830,2026-04-18 16:29:51,16,40.0
1831,2026-04-18 16:29:51,17,70.0
1832,2026-04-18 16:29:51,18,40.0
1833,2026-04-18 16:29:51,19,50.0
1834,2026-04-18 16:29:51,20,25.0
1835,2026-04-18 16:29:51,21,60.0
1836,2026-04-18 16:29:51,50,50.0
1837,2026-04-18 16:29:51,51,75.0
1838,2026-04-18 16:30:21,11,120.0
1839,2026-04-18 16:30:21,12,35.0
1840,2026-04-18 16:30:21,13,65.0
1841,2026-04-18 16:30:21,14,85.0
1842,2026-04-18 16:30:21,15,35.0
1843,2026-04-18 16:30:21,16,40.0
1844,2026-04-18 16:30:21,17,70.0
1845,2026-04-18 16:30:21,18,40.0
1846,2026-04-18 16:30:21,19,50.0
1847,2026-04-18 16:30:21,20,25.0
1848,2026-04-18 16:30:21,21,60.0
1849,2026-04-18 16:30:21,50,50.0
1850,2026-04-18 16:30:21,51,75.0
1851,2026-04-18 16:30:51,11,120.0
1852,2026-04-18 16:30:51,12,35.0
1853,2026-04-18 16:30:51,13,65.0
1854,2026-04-18 16:30:51,14,85.0
1855,2026-04-18 16:30:51,15,35.0
1856,2026-04-18 16:30:51,16,40.0
1857,2026-04-18 16:30:51,17,70.0
1858,2026-04-18 16:30:51,18,40.0
1859,2026-04-18 16:30:51,19,50.0
1860,2026-04-18 16:30:51,20,25.0
1861,2026-04-18 16:30:51,21,60.0
1862,2026-04-18 16:30:51,50,50.0
1863,2026-04-18 16:30:51,51,75.11
1864,2026-04-18 16:31:21,11,120.0
1865,2026-04-18 16:31:21,12,35.0
1866,2026-04-18 16:31:21,13,65.0
1867,2026-04-18 16:31:21,14,85.0
1868,2026-04-18 16:31:21,15,35.0
1869,2026-04-18 16:31:22,16,40.0
1870,2026-04-18 16:31:22,17,70.0
1871,2026-04-18 16:31:22,18,40.0
1872,2026-04-18 16:31:22,19,50.0
1873,2026-04-18 16:31:22,20,25.0
1874,2026-04-18 16:31:22,21,60.0
1875,2026-04-18 16:31:22,50,50.0
1876,2026-04-18 16:31:22,51,75.03
1877,2026-04-18 16:31:52,11,120.0
1878,2026-04-18 16:31:52,12,35.0
1879,2026-04-18 16:31:52,13,65.0
1880,2026-04-18 16:31:52,14,85.0
1881,2026-04-18 16:31:52,15,35.0
1882,2026-04-18 16:31:52,16,40.0
1883,2026-04-18 16:31:52,17,70.0
1884,2026-04-18 16:31:52,18,40.0
1885,2026-04-18 16:31:52,19,50.0
1886,2026-04-18 16:31:52,20,25.0
1887,2026-04-18 16:31:52,21,60.0
1888,2026-04-18 16:31:52,50,50.0
1889,2026-04-18 16:31:52,51,75.41
1890,2026-04-18 16:31:52,52,75.0
1891,2026-04-18 16:32:22,11,120.0
1892,2026-04-18 16:32:22,12,35.0
1893,2026-04-18 16:32:22,13,65.0
1894,2026-04-18 16:32:22,14,85.0
1895,2026-04-18 16:32:22,15,35.0
1896,2026-04-18 16:32:22,16,40.0
1897,2026-04-18 16:32:22,17,70.0
1898,2026-04-18 16:32:22,18,40.0
1899,2026-04-18 16:32:22,19,50.0
1900,2026-04-18 16:32:22,20,25.0
1901,2026-04-18 16:32:22,21,60.0
1902,2026-04-18 16:32:22,50,50.0
1903,2026-04-18 16:32:22,51,75.82
1904,2026-04-18 16:32:22,52,75.0
1905,2026-04-18 16:32:52,11,120.0
1906,2026-04-18 16:32:52,12,35.0
1907,2026-04-18 16:32:52,13,65.0
1908,2026-04-18 16:32:52,14,85.0
1909,2026-04-18 16:32:52,15,35.0
1910,2026-04-18 16:32:52,16,40.0
1911,2026-04-18 16:32:52,17,70.0
1912,2026-04-18 16:32:52,18,40.0
1913,2026-04-18 16:32:52,19,50.0
1914,2026-04-18 16:32:52,20,25.0
1915,2026-04-18 16:32:52,21,60.0
1916,2026-04-18 16:32:52,50,50.0
1917,2026-04-18 16:32:52,51,76.12
1918,2026-04-18 16:32:52,52,75.0
1919,2026-04-18 16:32:52,53,75.0
1920,2026-04-18 16:33:22,11,120.0
1921,2026-04-18 16:33:22,12,35.0
1922,2026-04-18 16:33:22,13,65.0
1923,2026-04-18 16:33:22,14,85.0
1924,2026-04-18 16:33:22,15,35.0
1925,2026-04-18 16:33:22,16,40.0
1926,2026-04-18 16:33:22,17,70.0
1927,2026-04-18 16:33:22,18,40.0
1928,2026-04-18 16:33:22,19,50.0
1929,2026-04-18 16:33:22,20,25.0
1930,2026-04-18 16:33:22,21,60.0
1931,2026-04-18 16:33:22,50,50.0
1932,2026-04-18 16:33:22,51,75.85
1933,2026-04-18 16:33:22,52,75.07
1934,2026-04-18 16:33:22,53,75.07
1935,2026-04-18 16:33:52,11,120.0
1936,2026-04-18 16:33:52,12,35.0
1937,2026-04-18 16:33:52,13,65.0
1938,2026-04-18 16:33:52,14,85.0
1939,2026-04-18 16:33:52,15,35.0
1940,2026-04-18 16:33:52,16,40.0
1941,2026-04-18 16:33:52,17,70.0
1942,2026-04-18 16:33:52,18,40.0
1943,2026-04-18 16:33:52,19,50.0
1944,2026-04-18 16:33:52,20,25.0
1945,2026-04-18 16:33:52,21,60.0
1946,2026-04-18 16:33:52,50,50.0
1947,2026-04-18 16:33:52,51,75.58
1948,2026-04-18 16:33:52,52,75.22
1949,2026-04-18 16:33:52,53,75.0
1950,2026-04-18 16:34:22,11,120.0
1951,2026-04-18 16:34:22,12,35.0
1952,2026-04-18 16:34:22,13,65.0
1953,2026-04-18 16:34:22,14,85.0
1954,2026-04-18 16:34:22,15,35.0
1955,2026-04-18 16:34:22,16,40.0
1956,2026-04-18 16:34:22,17,70.0
1957,2026-04-18 16:34:22,18,40.0
1958,2026-04-18 16:34:22,19,50.0
1959,2026-04-18 16:34:22,20,25.0
1960,2026-04-18 16:34:22,21,60.0
1961,2026-04-18 16:34:22,50,50.0
1962,2026-04-18 16:34:22,51,76.03
1963,2026-04-18 16:34:22,52,75.18
1964,2026-04-18 16:34:22,53,75.37
1965,2026-04-18 16:34:22,54,75.0
1966,2026-04-18 16:34:22,55,75.0
1967,2026-04-18 16:34:52,11,120.0
1968,2026-04-18 16:34:52,12,35.0
1969,2026-04-18 16:34:52,13,65.0
1970,2026-04-18 16:34:52,14,85.0
1971,2026-04-18 16:34:52,15,35.0
1972,2026-04-18 16:34:52,16,40.0
1973,2026-04-18 16:34:52,17,70.0
1974,2026-04-18 16:34:52,18,40.0
1975,2026-04-18 16:34:52,19,50.0
1976,2026-04-18 16:34:52,20,25.0
1977,2026-04-18 16:34:52,21,60.0
1978,2026-04-18 16:34:52,50,50.0
1979,2026-04-18 16:34:52,51,76.14
1980,2026-04-18 16:34:52,52,75.63
1981,2026-04-18 16:34:52,53,75.82
1982,2026-04-18 16:34:52,54,75.19
1983,2026-04-18 16:34:52,55,75.0
1984,2026-04-18 16:35:22,11,120.0
1985,2026-04-18 16:35:22,12,35.0
1986,2026-04-18 16:35:22,13,65.0
1987,2026-04-18 16:35:22,14,85.0
1988,2026-04-18 16:35:22,15,35.0
1989,2026-04-18 16:35:22,16,40.0
1990,2026-04-18 16:35:22,17,70.0
1991,2026-04-18 16:35:22,18,40.0
1992,2026-04-18 16:35:22,19,50.0
1993,2026-04-18 16:35:22,20,25.0
1994,2026-04-18 16:35:22,21,60.0
1995,2026-04-18 16:35:22,50,50.0
1996,2026-04-18 16:35:22,51,75.95
1997,2026-04-18 16:35:22,52,75.93
1998,2026-04-18 16:35:22,53,75.82
1999,2026-04-18 16:35:22,54,75.19
2000,2026-04-18 16:35:22,55,75.0
2001,2026-04-18 16:35:52,11,120.0
2002,2026-04-18 16:35:52,12,35.0
2003,2026-04-18 16:35:52,13,65.0
2004,2026-04-18 16:35:52,14,85.0
2005,2026-04-18 16:35:52,15,35.0
2006,2026-04-18 16:35:52,16,40.0
2007,2026-04-18 16:35:52,17,70.0
2008,2026-04-18 16:35:52,18,40.0
2009,2026-04-18 16:35:52,19,50.0
2010,2026-04-18 16:35:52,20,25.0
2011,2026-04-18 16:35:52,21,60.0
2012,2026-04-18 16:35:52,50,50.0
2013,2026-04-18 16:35:52,51,75.95
2014,2026-04-18 16:35:52,52,76.23
2015,2026-04-18 16:35:52,53,76.01
2016,2026-04-18 16:35:52,54,75.6
2017,2026-04-18 16:35:52,55,75.0
2018,2026-04-18 16:36:22,11,120.0
2019,2026-04-18 16:36:22,12,35.0
2020,2026-04-18 16:36:22,13,65.0
2021,2026-04-18 16:36:22,14,85.0
2022,2026-04-18 16:36:22,15,35.0
2023,2026-04-18 16:36:22,16,40.0
2024,2026-04-18 16:36:22,17,70.0
2025,2026-04-18 16:36:22,18,40.0
2026,2026-04-18 16:36:22,19,50.0
2027,2026-04-18 16:36:22,20,25.0
2028,2026-04-18 16:36:22,21,60.0
2029,2026-04-18 16:36:22,50,50.0
2030,2026-04-18 16:36:22,51,75.91
2031,2026-04-18 16:36:22,52,76.53
2032,2026-04-18 16:36:22,53,76.39
2033,2026-04-18 16:36:22,54,75.79
2034,2026-04-18 16:36:22,55,75.0
2035,2026-04-18 16:36:52,11,120.0
2036,2026-04-18 16:36:52,12,35.0
2037,2026-04-18 16:36:52,13,65.0
2038,2026-04-18 16:36:52,14,85.0
2039,2026-04-18 16:36:52,15,35.0
2040,2026-04-18 16:36:52,16,40.0
2041,2026-04-18 16:36:52,17,70.0
2042,2026-04-18 16:36:52,18,40.0
2043,2026-04-18 16:36:52,19,50.0
2044,2026-04-18 16:36:52,20,25.0
2045,2026-04-18 16:36:52,21,60.0
2046,2026-04-18 16:36:52,50,50.0
2047,2026-04-18 16:36:52,51,75.95
2048,2026-04-18 16:36:52,52,76.61
2049,2026-04-18 16:36:52,53,76.35
2050,2026-04-18 16:36:52,54,75.68
2051,2026-04-18 16:36:52,55,75.0
2052,2026-04-18 16:37:22,11,120.0
2053,2026-04-18 16:37:22,12,35.0
2054,2026-04-18 16:37:22,13,65.0
2055,2026-04-18 16:37:22,14,85.0
2056,2026-04-18 16:37:22,15,35.0
2057,2026-04-18 16:37:22,16,40.0
2058,2026-04-18 16:37:22,17,70.0
2059,2026-04-18 16:37:22,18,40.0
2060,2026-04-18 16:37:22,19,50.0
2061,2026-04-18 16:37:22,20,25.0
2062,2026-04-18 16:37:22,21,60.0
2063,2026-04-18 16:37:22,50,50.0
2064,2026-04-18 16:37:22,51,76.22
2065,2026-04-18 16:37:22,52,76.3
2066,2026-04-18 16:37:23,53,76.5
2067,2026-04-18 16:37:23,54,76.02
2068,2026-04-18 16:37:23,55,75.22
2069,2026-04-18 16:37:53,11,120.0
2070,2026-04-18 16:37:53,12,35.0
2071,2026-04-18 16:37:53,13,65.0
2072,2026-04-18 16:37:53,14,85.0
2073,2026-04-18 16:37:53,15,35.0
2074,2026-04-18 16:37:53,16,40.0
2075,2026-04-18 16:37:53,17,70.0
2076,2026-04-18 16:37:53,18,40.0
2077,2026-04-18 16:37:53,19,50.0
2078,2026-04-18 16:37:53,20,25.0
2079,2026-04-18 16:37:53,21,60.0
2080,2026-04-18 16:37:53,50,50.0
2081,2026-04-18 16:37:53,51,76.45
2082,2026-04-18 16:37:53,52,76.22
2083,2026-04-18 16:37:53,53,76.42
2084,2026-04-18 16:37:53,54,76.17
2085,2026-04-18 16:37:53,55,75.37
2086,2026-04-18 16:38:23,11,120.0
2087,2026-04-18 16:38:23,12,35.0
2088,2026-04-18 16:38:23,13,65.0
2089,2026-04-18 16:38:23,14,85.0
2090,2026-04-18 16:38:23,15,35.0
2091,2026-04-18 16:38:23,16,40.0
2092,2026-04-18 16:38:23,17,70.0
2093,2026-04-18 16:38:23,18,40.0
2094,2026-04-18 16:38:23,19,50.0
2095,2026-04-18 16:38:23,20,25.0
2096,2026-04-18 16:38:23,21,60.0
2097,2026-04-18 16:38:23,50,50.0
2098,2026-04-18 16:38:23,51,76.49
2099,2026-04-18 16:38:23,52,75.99
2100,2026-04-18 16:38:23,53,76.23
2101,2026-04-18 16:38:23,54,76.63
2102,2026-04-18 16:38:23,55,75.71
2103,2026-04-18 16:38:53,11,120.0
2104,2026-04-18 16:38:53,12,35.0
2105,2026-04-18 16:38:53,13,65.0
2106,2026-04-18 16:38:53,14,85.0
2107,2026-04-18 16:38:53,15,35.0
2108,2026-04-18 16:38:53,16,40.0
2109,2026-04-18 16:38:53,17,70.0
2110,2026-04-18 16:38:53,18,40.0
2111,2026-04-18 16:38:53,19,50.0
2112,2026-04-18 16:38:53,20,25.0
2113,2026-04-18 16:38:53,21,60.0
2114,2026-04-18 16:38:53,50,50.0
2115,2026-04-18 16:38:53,51,76.64
2116,2026-04-18 16:38:53,52,76.45
2117,2026-04-18 16:38:53,53,76.08
2118,2026-04-18 16:38:53,54,76.63
2119,2026-04-18 16:38:53,55,75.63
2120,2026-04-18 16:39:23,11,120.0
2121,2026-04-18 16:39:23,12,35.0
2122,2026-04-18 16:39:23,13,65.0
2123,2026-04-18 16:39:23,14,85.0
2124,2026-04-18 16:39:23,15,35.0
2125,2026-04-18 16:39:23,16,40.0
2126,2026-04-18 16:39:23,17,70.0
2127,2026-04-18 16:39:23,18,40.0
2128,2026-04-18 16:39:23,19,50.0
2129,2026-04-18 16:39:23,20,25.0
2130,2026-04-18 16:39:23,21,60.0
2131,2026-04-18 16:39:23,50,50.0
2132,2026-04-18 16:39:23,51,76.56
2133,2026-04-18 16:39:23,52,76.68
2134,2026-04-18 16:39:23,53,76.0
2135,2026-04-18 16:39:23,54,76.48
2136,2026-04-18 16:39:23,55,75.52
2137,2026-04-18 16:39:53,11,120.0
2138,2026-04-18 16:39:53,12,35.0
2139,2026-04-18 16:39:53,13,65.0
2140,2026-04-18 16:39:53,14,85.0
2141,2026-04-18 16:39:53,15,35.0
2142,2026-04-18 16:39:53,16,40.0
2143,2026-04-18 16:39:53,17,70.0
2144,2026-04-18 16:39:53,18,40.0
2145,2026-04-18 16:39:53,19,50.0
2146,2026-04-18 16:39:53,20,25.0
2147,2026-04-18 16:39:53,21,60.0
2148,2026-04-18 16:39:53,50,50.0
2149,2026-04-18 16:39:53,51,76.25
2150,2026-04-18 16:39:53,52,76.41
2151,2026-04-18 16:39:53,53,75.92
2152,2026-04-18 16:39:53,54,76.4
2153,2026-04-18 16:39:53,55,75.22
2154,2026-04-18 16:40:23,11,120.0
2155,2026-04-18 16:40:23,12,35.0
2156,2026-04-18 16:40:23,13,65.0
2157,2026-04-18 16:40:23,14,85.0
2158,2026-04-18 16:40:23,15,35.0
2159,2026-04-18 16:40:23,16,40.0
2160,2026-04-18 16:40:23,17,70.0
2161,2026-04-18 16:40:23,18,40.0
2162,2026-04-18 16:40:23,19,50.0
2163,2026-04-18 16:40:23,20,25.0
2164,2026-04-18 16:40:23,21,60.0
2165,2026-04-18 16:40:23,50,50.0
2166,2026-04-18 16:40:23,51,76.33
2167,2026-04-18 16:40:23,52,76.26
2168,2026-04-18 16:40:23,53,75.96
2169,2026-04-18 16:40:23,54,76.48
2170,2026-04-18 16:40:23,55,75.45
2171,2026-04-18 16:40:53,11,120.0
2172,2026-04-18 16:40:53,12,35.0
2173,2026-04-18 16:40:53,13,65.0
2174,2026-04-18 16:40:53,14,85.0
2175,2026-04-18 16:40:53,15,35.0
2176,2026-04-18 16:40:53,16,40.0
2177,2026-04-18 16:40:53,17,70.0
2178,2026-04-18 16:40:53,18,40.0
2179,2026-04-18 16:40:53,19,50.0
2180,2026-04-18 16:40:53,20,25.0
2181,2026-04-18 16:40:53,21,60.0
2182,2026-04-18 16:40:53,50,50.0
2183,2026-04-18 16:40:53,51,76.37
2184,2026-04-18 16:40:53,52,76.34
2185,2026-04-18 16:40:53,53,76.23
2186,2026-04-18 16:40:53,54,76.29
2187,2026-04-18 16:40:53,55,75.64
2188,2026-04-18 16:41:23,11,120.0
2189,2026-04-18 16:41:23,12,35.0
2190,2026-04-18 16:41:23,13,65.0
2191,2026-04-18 16:41:23,14,85.0
2192,2026-04-18 16:41:23,15,35.0
2193,2026-04-18 16:41:23,16,40.0
2194,2026-04-18 16:41:23,17,70.0
2195,2026-04-18 16:41:23,18,40.0
2196,2026-04-18 16:41:23,19,50.0
2197,2026-04-18 16:41:23,20,25.0
2198,2026-04-18 16:41:23,21,60.0
2199,2026-04-18 16:41:23,50,50.0
2200,2026-04-18 16:41:23,51,76.41
2201,2026-04-18 16:41:23,52,76.42
2202,2026-04-18 16:41:23,53,76.57
2203,2026-04-18 16:41:23,54,76.14
2204,2026-04-18 16:41:23,55,75.49
2205,2026-04-18 16:41:53,11,120.0
2206,2026-04-18 16:41:53,12,35.0
2207,2026-04-18 16:41:53,13,65.0
2208,2026-04-18 16:41:53,14,85.0
2209,2026-04-18 16:41:53,15,35.0
2210,2026-04-18 16:41:53,16,40.0
2211,2026-04-18 16:41:53,17,70.0
2212,2026-04-18 16:41:53,18,40.0
2213,2026-04-18 16:41:53,19,50.0
2214,2026-04-18 16:41:53,20,25.0
2215,2026-04-18 16:41:53,21,60.0
2216,2026-04-18 16:41:53,50,50.0
2217,2026-04-18 16:41:53,51,76.75
2218,2026-04-18 16:41:53,52,76.23
2219,2026-04-18 16:41:53,53,77.03
2220,2026-04-18 16:41:53,54,76.48
2221,2026-04-18 16:41:53,55,75.79
2222,2026-04-18 16:42:23,11,120.0
2223,2026-04-18 16:42:23,12,35.0
2224,2026-04-18 16:42:23,13,65.0
2225,2026-04-18 16:42:23,14,85.0
2226,2026-04-18 16:42:23,15,35.0
2227,2026-04-18 16:42:23,16,40.0
2228,2026-04-18 16:42:23,17,70.0
2229,2026-04-18 16:42:23,18,40.0
2230,2026-04-18 16:42:23,19,50.0
2231,2026-04-18 16:42:23,20,25.0
2232,2026-04-18 16:42:23,21,60.0
2233,2026-04-18 16:42:23,50,50.0
2234,2026-04-18 16:42:23,51,77.06
2235,2026-04-18 16:42:23,52,76.65
2236,2026-04-18 16:42:23,53,77.42
2237,2026-04-18 16:42:23,54,76.37
2238,2026-04-18 16:42:23,55,75.83
2239,2026-04-18 16:42:53,11,120.0
2240,2026-04-18 16:42:53,12,35.0
2241,2026-04-18 16:42:53,13,65.0
2242,2026-04-18 16:42:53,14,85.0
2243,2026-04-18 16:42:53,15,35.0
2244,2026-04-18 16:42:53,16,40.0
2245,2026-04-18 16:42:53,17,70.0
2246,2026-04-18 16:42:53,18,40.0
2247,2026-04-18 16:42:53,19,50.0
2248,2026-04-18 16:42:53,20,25.0
2249,2026-04-18 16:42:53,21,60.0
2250,2026-04-18 16:42:53,50,50.0
2251,2026-04-18 16:42:53,51,77.1
2252,2026-04-18 16:42:53,52,76.96
2253,2026-04-18 16:42:53,53,77.34
2254,2026-04-18 16:42:53,54,76.33
2255,2026-04-18 16:42:53,55,76.21
2256,2026-04-18 16:43:23,11,120.0
2257,2026-04-18 16:43:23,12,35.0
2258,2026-04-18 16:43:23,13,65.0
2259,2026-04-18 16:43:24,14,85.0
2260,2026-04-18 16:43:24,15,35.0
2261,2026-04-18 16:43:24,16,40.0
2262,2026-04-18 16:43:24,17,70.0
2263,2026-04-18 16:43:24,18,40.0
2264,2026-04-18 16:43:24,19,50.0
2265,2026-04-18 16:43:24,20,25.0
2266,2026-04-18 16:43:24,21,60.0
2267,2026-04-18 16:43:24,50,50.0
2268,2026-04-18 16:43:24,51,76.87
2269,2026-04-18 16:43:24,52,77.19
2270,2026-04-18 16:43:24,53,77.26
2271,2026-04-18 16:43:24,54,76.64
2272,2026-04-18 16:43:24,55,76.51
2273,2026-04-18 16:43:54,11,120.0
2274,2026-04-18 16:43:54,12,35.0
2275,2026-04-18 16:43:54,13,65.0
2276,2026-04-18 16:43:54,14,85.0
2277,2026-04-18 16:43:54,15,35.0
2278,2026-04-18 16:43:54,16,40.0
2279,2026-04-18 16:43:54,17,70.0
2280,2026-04-18 16:43:54,18,40.0
2281,2026-04-18 16:43:54,19,50.0
2282,2026-04-18 16:43:54,20,25.0
2283,2026-04-18 16:43:54,21,60.0
2284,2026-04-18 16:43:54,50,50.0
2285,2026-04-18 16:43:54,51,76.72
2286,2026-04-18 16:43:54,52,77.46
2287,2026-04-18 16:43:54,53,77.38
2288,2026-04-18 16:43:54,54,76.49
2289,2026-04-18 16:43:54,55,76.74
2290,2026-04-18 16:44:24,11,120.0
2291,2026-04-18 16:44:24,12,35.0
2292,2026-04-18 16:44:24,13,65.0
2293,2026-04-18 16:44:24,14,85.0
2294,2026-04-18 16:44:24,15,35.0
2295,2026-04-18 16:44:24,16,40.0
2296,2026-04-18 16:44:24,17,70.0
2297,2026-04-18 16:44:24,18,40.0
2298,2026-04-18 16:44:24,19,50.0
2299,2026-04-18 16:44:24,20,25.0
2300,2026-04-18 16:44:24,21,60.0
2301,2026-04-18 16:44:24,50,50.0
2302,2026-04-18 16:44:24,51,76.91
2303,2026-04-18 16:44:24,52,77.65
2304,2026-04-18 16:44:24,53,77.81
2305,2026-04-18 16:44:24,54,76.3
2306,2026-04-18 16:44:24,55,76.7
2307,2026-04-18 16:44:54,11,120.0
2308,2026-04-18 16:44:54,12,35.0
2309,2026-04-18 16:44:54,13,65.0
2310,2026-04-18 16:44:54,14,85.0
2311,2026-04-18 16:44:54,15,35.0
2312,2026-04-18 16:44:54,16,40.0
2313,2026-04-18 16:44:54,17,70.0
2314,2026-04-18 16:44:54,18,40.0
2315,2026-04-18 16:44:54,19,50.0
2316,2026-04-18 16:44:54,20,25.0
2317,2026-04-18 16:44:54,21,60.0
2318,2026-04-18 16:44:54,50,50.0
2319,2026-04-18 16:44:54,51,77.22
2320,2026-04-18 16:44:54,52,78.12
2321,2026-04-18 16:44:54,53,78.04
2322,2026-04-18 16:44:54,54,76.38
2323,2026-04-18 16:44:54,55,77.16
2324,2026-04-18 16:45:24,11,120.0
2325,2026-04-18 16:45:24,12,35.0
2326,2026-04-18 16:45:24,13,65.0
2327,2026-04-18 16:45:24,14,85.0
2328,2026-04-18 16:45:24,15,35.0
2329,2026-04-18 16:45:24,16,40.0
2330,2026-04-18 16:45:24,17,70.0
2331,2026-04-18 16:45:24,18,40.0
2332,2026-04-18 16:45:24,19,50.0
2333,2026-04-18 16:45:24,20,25.0
2334,2026-04-18 16:45:24,21,60.0
2335,2026-04-18 16:45:24,50,50.0
2336,2026-04-18 16:45:24,51,77.49
2337,2026-04-18 16:45:24,52,78.12
2338,2026-04-18 16:45:24,53,77.77
2339,2026-04-18 16:45:24,54,76.42
2340,2026-04-18 16:45:24,55,77.58
2341,2026-04-18 16:45:54,11,120.0
2342,2026-04-18 16:45:54,12,35.0
2343,2026-04-18 16:45:54,13,65.0
2344,2026-04-18 16:45:54,14,85.0
2345,2026-04-18 16:45:54,15,35.0
2346,2026-04-18 16:45:54,16,40.0
2347,2026-04-18 16:45:54,17,70.0
2348,2026-04-18 16:45:54,18,40.0
2349,2026-04-18 16:45:54,19,50.0
2350,2026-04-18 16:45:54,20,25.0
2351,2026-04-18 16:45:54,21,60.0
2352,2026-04-18 16:45:54,50,50.0
2353,2026-04-18 16:45:54,51,77.37
2354,2026-04-18 16:45:54,52,78.55
2355,2026-04-18 16:45:54,53,78.2
2356,2026-04-18 16:45:54,54,76.73
2357,2026-04-18 16:45:54,55,77.54
2358,2026-04-18 16:46:24,11,120.0
2359,2026-04-18 16:46:24,12,35.0
2360,2026-04-18 16:46:24,13,65.0
2361,2026-04-18 16:46:24,14,85.0
2362,2026-04-18 16:46:24,15,35.0
2363,2026-04-18 16:46:24,16,40.0
2364,2026-04-18 16:46:24,17,70.0
2365,2026-04-18 16:46:24,18,40.0
2366,2026-04-18 16:46:24,19,50.0
2367,2026-04-18 16:46:24,20,25.0
2368,2026-04-18 16:46:24,21,60.0
2369,2026-04-18 16:46:24,50,50.0
2370,2026-04-18 16:46:24,51,77.68
2371,2026-04-18 16:46:24,52,78.31
2372,2026-04-18 16:46:24,53,77.97
2373,2026-04-18 16:46:24,54,76.58
2374,2026-04-18 16:46:24,55,77.31
2375,2026-04-18 16:46:54,11,120.0
2376,2026-04-18 16:46:54,12,35.0
2377,2026-04-18 16:46:54,13,65.0
2378,2026-04-18 16:46:54,14,85.0
2379,2026-04-18 16:46:54,15,35.0
2380,2026-04-18 16:46:54,16,40.0
2381,2026-04-18 16:46:54,17,70.0
2382,2026-04-18 16:46:54,18,40.0
2383,2026-04-18 16:46:54,19,50.0
2384,2026-04-18 16:46:54,20,25.0
2385,2026-04-18 16:46:54,21,60.0
2386,2026-04-18 16:46:54,50,50.0
2387,2026-04-18 16:46:54,51,77.84
2388,2026-04-18 16:46:54,52,78.51
2389,2026-04-18 16:46:54,53,78.28
2390,2026-04-18 16:46:54,54,76.92
2391,2026-04-18 16:46:54,55,77.46
2392,2026-04-18 16:47:24,11,120.0
2393,2026-04-18 16:47:24,12,35.0
2394,2026-04-18 16:47:24,13,65.0
2395,2026-04-18 16:47:24,14,85.0
2396,2026-04-18 16:47:24,15,35.0
2397,2026-04-18 16:47:24,16,40.0
2398,2026-04-18 16:47:24,17,70.0
2399,2026-04-18 16:47:24,18,40.0
2400,2026-04-18 16:47:24,19,50.0
2401,2026-04-18 16:47:24,20,25.0
2402,2026-04-18 16:47:24,21,60.0
2403,2026-04-18 16:47:24,50,50.0
2404,2026-04-18 16:47:24,51,78.23
2405,2026-04-18 16:47:24,52,78.43
2406,2026-04-18 16:47:24,53,78.28
2407,2026-04-18 16:47:24,54,77.3
2408,2026-04-18 16:47:24,55,77.5
2409,2026-04-18 16:47:54,11,120.0
2410,2026-04-18 16:47:54,12,35.0
2411,2026-04-18 16:47:54,13,65.0
2412,2026-04-18 16:47:54,14,85.0
2413,2026-04-18 16:47:54,15,35.0
2414,2026-04-18 16:47:54,16,40.0
2415,2026-04-18 16:47:54,17,70.0
2416,2026-04-18 16:47:54,18,40.0
2417,2026-04-18 16:47:54,19,50.0
2418,2026-04-18 16:47:54,20,25.0
2419,2026-04-18 16:47:54,21,60.0
2420,2026-04-18 16:47:54,50,50.0
2421,2026-04-18 16:47:54,51,78.7
2422,2026-04-18 16:47:54,52,78.51
2423,2026-04-18 16:47:54,53,78.28
2424,2026-04-18 16:47:54,54,77.57
2425,2026-04-18 16:47:54,55,77.66
2426,2026-04-18 16:48:24,11,120.0
2427,2026-04-18 16:48:24,12,35.0
2428,2026-04-18 16:48:24,13,65.0
2429,2026-04-18 16:48:24,14,85.0
2430,2026-04-18 16:48:24,15,35.0
2431,2026-04-18 16:48:24,16,40.0
2432,2026-04-18 16:48:24,17,70.0
2433,2026-04-18 16:48:24,18,40.0
2434,2026-04-18 16:48:24,19,50.0
2435,2026-04-18 16:48:24,20,25.0
2436,2026-04-18 16:48:24,21,60.0
2437,2026-04-18 16:48:24,50,50.0
2438,2026-04-18 16:48:24,51,78.98
2439,2026-04-18 16:48:24,52,78.43
2440,2026-04-18 16:48:24,53,78.63
2441,2026-04-18 16:48:24,54,77.34
2442,2026-04-18 16:48:24,55,77.93
2443,2026-04-18 16:48:54,11,120.0
2444,2026-04-18 16:48:54,12,35.0
2445,2026-04-18 16:48:54,13,65.0
2446,2026-04-18 16:48:54,14,85.0
2447,2026-04-18 16:48:55,15,35.0
2448,2026-04-18 16:48:55,16,40.0
2449,2026-04-18 16:48:55,17,70.0
2450,2026-04-18 16:48:55,18,40.0
2451,2026-04-18 16:48:55,19,50.0
2452,2026-04-18 16:48:55,20,25.0
2453,2026-04-18 16:48:55,21,60.0
2454,2026-04-18 16:48:55,50,50.0
2455,2026-04-18 16:48:55,51,79.06
2456,2026-04-18 16:48:55,52,78.35
2457,2026-04-18 16:48:55,53,78.98
2458,2026-04-18 16:48:55,54,77.69
2459,2026-04-18 16:48:55,55,77.97
2460,2026-04-18 16:49:25,11,120.0
2461,2026-04-18 16:49:25,12,35.0
2462,2026-04-18 16:49:25,13,65.0
2463,2026-04-18 16:49:25,14,85.0
2464,2026-04-18 16:49:25,15,35.0
2465,2026-04-18 16:49:25,16,40.0
2466,2026-04-18 16:49:25,17,70.0
2467,2026-04-18 16:49:25,18,40.0
2468,2026-04-18 16:49:25,19,50.0
2469,2026-04-18 16:49:25,20,25.0
2470,2026-04-18 16:49:25,21,60.0
2471,2026-04-18 16:49:25,50,50.0
2472,2026-04-18 16:49:25,51,78.82
2473,2026-04-18 16:49:25,52,78.47
2474,2026-04-18 16:49:25,53,79.1
2475,2026-04-18 16:49:25,54,77.77
2476,2026-04-18 16:49:25,55,78.4
2477,2026-04-18 16:49:55,11,120.0
2478,2026-04-18 16:49:55,12,35.0
2479,2026-04-18 16:49:55,13,65.0
2480,2026-04-18 16:49:55,14,85.0
2481,2026-04-18 16:49:55,15,35.0
2482,2026-04-18 16:49:55,16,40.0
2483,2026-04-18 16:49:55,17,70.0
2484,2026-04-18 16:49:55,18,40.0
2485,2026-04-18 16:49:55,19,50.0
2486,2026-04-18 16:49:55,20,25.0
2487,2026-04-18 16:49:55,21,60.0
2488,2026-04-18 16:49:55,50,50.0
2489,2026-04-18 16:49:55,51,78.94
2490,2026-04-18 16:49:55,52,78.51
2491,2026-04-18 16:49:55,53,79.22
2492,2026-04-18 16:49:55,54,78.2
2493,2026-04-18 16:49:55,55,78.13
2494,2026-04-18 16:50:25,11,120.0
2495,2026-04-18 16:50:25,12,35.0
2496,2026-04-18 16:50:25,13,65.0
2497,2026-04-18 16:50:25,14,85.0
2498,2026-04-18 16:50:25,15,35.0
2499,2026-04-18 16:50:25,16,40.0
2500,2026-04-18 16:50:25,17,70.0
2501,2026-04-18 16:50:25,18,40.0
2502,2026-04-18 16:50:25,19,50.0
2503,2026-04-18 16:50:25,20,25.0
2504,2026-04-18 16:50:25,21,60.0
2505,2026-04-18 16:50:25,50,50.0
2506,2026-04-18 16:50:25,51,79.14
2507,2026-04-18 16:50:25,52,78.94
2508,2026-04-18 16:50:25,53,79.38
2509,2026-04-18 16:50:25,54,78.0
2510,2026-04-18 16:50:25,55,78.48
2511,2026-04-18 16:50:55,11,120.0
2512,2026-04-18 16:50:55,12,35.0
2513,2026-04-18 16:50:55,13,65.0
2514,2026-04-18 16:50:55,14,85.0
2515,2026-04-18 16:50:55,15,35.0
2516,2026-04-18 16:50:55,16,40.0
2517,2026-04-18 16:50:55,17,70.0
2518,2026-04-18 16:50:55,18,40.0
2519,2026-04-18 16:50:55,19,50.0
2520,2026-04-18 16:50:55,20,25.0
2521,2026-04-18 16:50:55,21,60.0
2522,2026-04-18 16:50:55,50,50.0
2523,2026-04-18 16:50:55,51,79.22
2524,2026-04-18 16:50:55,52,79.37
2525,2026-04-18 16:50:55,53,79.26
2526,2026-04-18 16:50:55,54,77.84
2527,2026-04-18 16:50:55,55,78.17
2528,2026-04-18 16:51:25,11,120.0
2529,2026-04-18 16:51:25,12,35.0
2530,2026-04-18 16:51:25,13,65.0
2531,2026-04-18 16:51:25,14,85.0
2532,2026-04-18 16:51:25,15,35.0
2533,2026-04-18 16:51:25,16,40.0
2534,2026-04-18 16:51:25,17,70.0
2535,2026-04-18 16:51:25,18,40.0
2536,2026-04-18 16:51:25,19,50.0
2537,2026-04-18 16:51:25,20,25.0
2538,2026-04-18 16:51:25,21,60.0
2539,2026-04-18 16:51:25,50,50.0
2540,2026-04-18 16:51:25,51,79.66
2541,2026-04-18 16:51:25,52,79.05
2542,2026-04-18 16:51:25,53,79.62
2543,2026-04-18 16:51:25,54,78.15
2544,2026-04-18 16:51:25,55,78.44
2545,2026-04-18 16:51:55,11,120.0
2546,2026-04-18 16:51:55,12,35.0
2547,2026-04-18 16:51:55,13,65.0
2548,2026-04-18 16:51:55,14,85.0
2549,2026-04-18 16:51:55,15,35.0
2550,2026-04-18 16:51:55,16,40.0
2551,2026-04-18 16:51:55,17,70.0
2552,2026-04-18 16:51:55,18,40.0
2553,2026-04-18 16:51:55,19,50.0
2554,2026-04-18 16:51:55,20,25.0
2555,2026-04-18 16:51:55,21,60.0
2556,2026-04-18 16:51:55,50,50.0
2557,2026-04-18 16:51:55,51,79.78
2558,2026-04-18 16:51:55,52,79.17
2559,2026-04-18 16:51:55,53,79.34
2560,2026-04-18 16:51:55,54,78.27
2561,2026-04-18 16:51:55,55,78.36
2562,2026-04-18 16:52:25,11,120.0
2563,2026-04-18 16:52:25,12,35.0
2564,2026-04-18 16:52:25,13,65.0
2565,2026-04-18 16:52:25,14,85.0
2566,2026-04-18 16:52:25,15,35.0
2567,2026-04-18 16:52:25,16,40.0
2568,2026-04-18 16:52:25,17,70.0
2569,2026-04-18 16:52:25,18,40.0
2570,2026-04-18 16:52:25,19,50.0
2571,2026-04-18 16:52:25,20,25.0
2572,2026-04-18 16:52:25,21,60.0
2573,2026-04-18 16:52:25,50,50.0
2574,2026-04-18 16:52:25,51,79.94
2575,2026-04-18 16:52:25,52,79.53
2576,2026-04-18 16:52:25,53,79.34
2577,2026-04-18 16:52:25,54,78.54
2578,2026-04-18 16:52:25,55,78.52
2579,2026-04-18 16:52:55,11,120.0
2580,2026-04-18 16:52:55,12,35.0
2581,2026-04-18 16:52:55,13,65.0
2582,2026-04-18 16:52:55,14,85.0
2583,2026-04-18 16:52:55,15,35.0
2584,2026-04-18 16:52:55,16,40.0
2585,2026-04-18 16:52:55,17,70.0
2586,2026-04-18 16:52:55,18,40.0
2587,2026-04-18 16:52:55,19,50.0
2588,2026-04-18 16:52:55,20,25.0
2589,2026-04-18 16:52:55,21,60.0
2590,2026-04-18 16:52:55,50,50.0
2591,2026-04-18 16:52:55,51,79.62
2592,2026-04-18 16:52:55,52,79.69
2593,2026-04-18 16:52:55,53,79.46
2594,2026-04-18 16:52:55,54,78.34
2595,2026-04-18 16:52:55,55,78.76
2596,2026-04-18 16:53:25,11,120.0
2597,2026-04-18 16:53:25,12,35.0
2598,2026-04-18 16:53:25,13,65.0
2599,2026-04-18 16:53:25,14,85.0
2600,2026-04-18 16:53:25,15,35.0
2601,2026-04-18 16:53:25,16,40.0
2602,2026-04-18 16:53:25,17,70.0
2603,2026-04-18 16:53:25,18,40.0
2604,2026-04-18 16:53:25,19,50.0
2605,2026-04-18 16:53:25,20,25.0
2606,2026-04-18 16:53:25,21,60.0
2607,2026-04-18 16:53:25,50,50.0
2608,2026-04-18 16:53:25,51,79.54
2609,2026-04-18 16:53:25,52,79.97
2610,2026-04-18 16:53:25,53,79.38
2611,2026-04-18 16:53:25,54,78.3
2612,2026-04-18 16:53:25,55,78.56
2613,2026-04-18 16:53:55,11,120.0
2614,2026-04-18 16:53:55,12,35.0
2615,2026-04-18 16:53:55,13,65.0
2616,2026-04-18 16:53:55,14,85.0
2617,2026-04-18 16:53:55,15,35.0
2618,2026-04-18 16:53:55,16,40.0
2619,2026-04-18 16:53:55,17,70.0
2620,2026-04-18 16:53:55,18,40.0
2621,2026-04-18 16:53:55,19,50.0
2622,2026-04-18 16:53:55,20,25.0
2623,2026-04-18 16:53:55,21,60.0
2624,2026-04-18 16:53:55,50,50.0
2625,2026-04-18 16:53:55,51,79.66
2626,2026-04-18 16:53:55,52,79.85
2627,2026-04-18 16:53:55,53,79.7
2628,2026-04-18 16:53:55,54,78.42
2629,2026-04-18 16:53:55,55,78.99
2630,2026-04-18 16:54:25,11,120.0
2631,2026-04-18 16:54:25,12,35.0
2632,2026-04-18 16:54:25,13,65.0
2633,2026-04-18 16:54:25,14,85.0
2634,2026-04-18 16:54:25,15,35.0
2635,2026-04-18 16:54:25,16,40.0
2636,2026-04-18 16:54:26,17,70.0
2637,2026-04-18 16:54:26,18,40.0
2638,2026-04-18 16:54:26,19,50.0
2639,2026-04-18 16:54:26,20,25.0
2640,2026-04-18 16:54:26,21,60.0
2641,2026-04-18 16:54:26,50,50.0
2642,2026-04-18 16:54:26,51,79.82
2643,2026-04-18 16:54:26,52,80.33
2644,2026-04-18 16:54:26,53,79.94
2645,2026-04-18 16:54:26,54,78.77
2646,2026-04-18 16:54:26,55,79.15
2647,2026-04-18 16:54:56,11,120.0
2648,2026-04-18 16:54:56,12,35.0
2649,2026-04-18 16:54:56,13,65.0
2650,2026-04-18 16:54:56,14,85.0
2651,2026-04-18 16:54:56,15,35.0
2652,2026-04-18 16:54:56,16,40.0
2653,2026-04-18 16:54:56,17,70.0
2654,2026-04-18 16:54:56,18,40.0
2655,2026-04-18 16:54:56,19,50.0
2656,2026-04-18 16:54:56,20,25.0
2657,2026-04-18 16:54:56,21,60.0
2658,2026-04-18 16:54:56,50,50.0
2659,2026-04-18 16:54:56,51,79.82
2660,2026-04-18 16:54:56,52,80.57
2661,2026-04-18 16:54:56,53,79.62
2662,2026-04-18 16:54:56,54,79.24
2663,2026-04-18 16:54:56,55,79.31
2664,2026-04-18 16:55:26,11,120.0
2665,2026-04-18 16:55:26,12,35.0
2666,2026-04-18 16:55:26,13,65.0
2667,2026-04-18 16:55:26,14,85.0
2668,2026-04-18 16:55:26,15,35.0
2669,2026-04-18 16:55:26,16,40.0
2670,2026-04-18 16:55:26,17,70.0
2671,2026-04-18 16:55:26,18,40.0
2672,2026-04-18 16:55:26,19,50.0
2673,2026-04-18 16:55:26,20,25.0
2674,2026-04-18 16:55:26,21,60.0
2675,2026-04-18 16:55:26,50,50.0
2676,2026-04-18 16:55:26,51,80.02
2677,2026-04-18 16:55:26,52,80.61
2678,2026-04-18 16:55:26,53,79.46
2679,2026-04-18 16:55:26,54,79.16
2680,2026-04-18 16:55:26,55,79.31
2681,2026-04-18 16:55:56,11,120.0
2682,2026-04-18 16:55:56,12,35.0
2683,2026-04-18 16:55:56,13,65.0
2684,2026-04-18 16:55:56,14,85.0
2685,2026-04-18 16:55:56,15,35.0
2686,2026-04-18 16:55:56,16,40.0
2687,2026-04-18 16:55:56,17,70.0
2688,2026-04-18 16:55:56,18,40.0
2689,2026-04-18 16:55:56,19,50.0
2690,2026-04-18 16:55:56,20,25.0
2691,2026-04-18 16:55:56,21,60.0
2692,2026-04-18 16:55:56,50,50.0
2693,2026-04-18 16:55:56,51,79.98
2694,2026-04-18 16:55:56,52,80.33
2695,2026-04-18 16:55:56,53,79.14
2696,2026-04-18 16:55:56,54,79.16
2697,2026-04-18 16:55:56,55,79.55
2698,2026-04-18 16:56:26,11,120.0
2699,2026-04-18 16:56:26,12,35.0
2700,2026-04-18 16:56:26,13,65.0
2701,2026-04-18 16:56:26,14,85.0
2702,2026-04-18 16:56:26,15,35.0
2703,2026-04-18 16:56:26,16,40.0
2704,2026-04-18 16:56:26,17,70.0
2705,2026-04-18 16:56:26,18,40.0
2706,2026-04-18 16:56:26,19,50.0
2707,2026-04-18 16:56:26,20,25.0
2708,2026-04-18 16:56:26,21,60.0
2709,2026-04-18 16:56:26,50,50.0
2710,2026-04-18 16:56:26,51,79.98
2711,2026-04-18 16:56:26,52,80.73
2712,2026-04-18 16:56:26,53,78.86
2713,2026-04-18 16:56:26,54,79.28
2714,2026-04-18 16:56:26,55,79.31
2715,2026-04-18 16:56:56,11,120.0
2716,2026-04-18 16:56:56,12,35.0
2717,2026-04-18 16:56:56,13,65.0
2718,2026-04-18 16:56:56,14,85.0
2719,2026-04-18 16:56:56,15,35.0
2720,2026-04-18 16:56:56,16,40.0
2721,2026-04-18 16:56:56,17,70.0
2722,2026-04-18 16:56:56,18,40.0
2723,2026-04-18 16:56:56,19,50.0
2724,2026-04-18 16:56:56,20,25.0
2725,2026-04-18 16:56:56,21,60.0
2726,2026-04-18 16:56:56,50,50.0
2727,2026-04-18 16:56:56,51,79.66
2728,2026-04-18 16:56:56,52,80.65
2729,2026-04-18 16:56:56,53,78.54
2730,2026-04-18 16:56:56,54,79.4
2731,2026-04-18 16:56:56,55,79.39
2732,2026-04-18 16:57:26,11,120.0
2733,2026-04-18 16:57:26,12,35.0
2734,2026-04-18 16:57:26,13,65.0
2735,2026-04-18 16:57:26,14,85.0
2736,2026-04-18 16:57:26,15,35.0
2737,2026-04-18 16:57:26,16,40.0
2738,2026-04-18 16:57:26,17,70.0
2739,2026-04-18 16:57:26,18,40.0
2740,2026-04-18 16:57:26,19,50.0
2741,2026-04-18 16:57:26,20,25.0
2742,2026-04-18 16:57:26,21,60.0
2743,2026-04-18 16:57:26,50,50.0
2744,2026-04-18 16:57:26,51,79.74
2745,2026-04-18 16:57:26,52,80.89
2746,2026-04-18 16:57:26,53,78.81
2747,2026-04-18 16:57:26,54,79.64
2748,2026-04-18 16:57:26,55,79.71
2749,2026-04-18 16:57:56,11,120.0
2750,2026-04-18 16:57:56,12,35.0
2751,2026-04-18 16:57:56,13,65.0
2752,2026-04-18 16:57:56,14,85.0
2753,2026-04-18 16:57:56,15,35.0
2754,2026-04-18 16:57:56,16,40.0
2755,2026-04-18 16:57:56,17,70.0
2756,2026-04-18 16:57:56,18,40.0
2757,2026-04-18 16:57:56,19,50.0
2758,2026-04-18 16:57:56,20,25.0
2759,2026-04-18 16:57:56,21,60.0
2760,2026-04-18 16:57:56,50,50.0
2761,2026-04-18 16:57:56,51,79.86
2762,2026-04-18 16:57:56,52,81.01
2763,2026-04-18 16:57:56,53,78.69
2764,2026-04-18 16:57:56,54,80.04
2765,2026-04-18 16:57:56,55,79.95
2766,2026-04-18 16:58:26,11,120.0
2767,2026-04-18 16:58:26,12,35.0
2768,2026-04-18 16:58:26,13,65.0
2769,2026-04-18 16:58:26,14,85.0
2770,2026-04-18 16:58:26,15,35.0
2771,2026-04-18 16:58:26,16,40.0
2772,2026-04-18 16:58:26,17,70.0
2773,2026-04-18 16:58:26,18,40.0
2774,2026-04-18 16:58:26,19,50.0
2775,2026-04-18 16:58:26,20,25.0
2776,2026-04-18 16:58:26,21,60.0
2777,2026-04-18 16:58:26,50,50.0
2778,2026-04-18 16:58:26,51,79.66
2779,2026-04-18 16:58:26,52,81.05
2780,2026-04-18 16:58:26,53,78.41
2781,2026-04-18 16:58:26,54,80.2
2782,2026-04-18 16:58:26,55,79.63
2783,2026-04-18 16:58:56,11,120.0
2784,2026-04-18 16:58:56,12,35.0
2785,2026-04-18 16:58:56,13,65.0
2786,2026-04-18 16:58:56,14,85.0
2787,2026-04-18 16:58:56,15,35.0
2788,2026-04-18 16:58:56,16,40.0
2789,2026-04-18 16:58:56,17,70.0
2790,2026-04-18 16:58:56,18,40.0
2791,2026-04-18 16:58:56,19,50.0
2792,2026-04-18 16:58:56,20,25.0
2793,2026-04-18 16:58:56,21,60.0
2794,2026-04-18 16:58:56,50,50.0
2795,2026-04-18 16:58:56,51,79.78
2796,2026-04-18 16:58:56,52,81.41
2797,2026-04-18 16:58:56,53,78.45
2798,2026-04-18 16:58:56,54,80.48
2799,2026-04-18 16:58:56,55,79.83
2800,2026-04-18 16:59:26,11,120.0
2801,2026-04-18 16:59:26,12,35.0
2802,2026-04-18 16:59:26,13,65.0
2803,2026-04-18 16:59:26,14,85.0
2804,2026-04-18 16:59:26,15,35.0
2805,2026-04-18 16:59:26,16,40.0
2806,2026-04-18 16:59:26,17,70.0
2807,2026-04-18 16:59:26,18,40.0
2808,2026-04-18 16:59:26,19,50.0
2809,2026-04-18 16:59:26,20,25.0
2810,2026-04-18 16:59:26,21,60.0
2811,2026-04-18 16:59:26,50,50.0
2812,2026-04-18 16:59:26,51,80.02
2813,2026-04-18 16:59:26,52,81.49
2814,2026-04-18 16:59:26,53,78.33
2815,2026-04-18 16:59:26,54,80.52
2816,2026-04-18 16:59:26,55,79.63
2817,2026-04-18 16:59:56,11,120.0
2818,2026-04-18 16:59:56,12,35.0
2819,2026-04-18 16:59:56,13,65.0
2820,2026-04-18 16:59:56,14,85.0
2821,2026-04-18 16:59:56,15,35.0
2822,2026-04-18 16:59:56,16,40.0
2823,2026-04-18 16:59:56,17,70.0
2824,2026-04-18 16:59:56,18,40.0
2825,2026-04-18 16:59:57,19,50.0
2826,2026-04-18 16:59:57,20,25.0
2827,2026-04-18 16:59:57,21,60.0
2828,2026-04-18 16:59:57,50,50.0
2829,2026-04-18 16:59:57,51,80.38
2830,2026-04-18 16:59:57,52,81.29
2831,2026-04-18 16:59:57,53,78.25
2832,2026-04-18 16:59:57,54,80.24
2833,2026-04-18 16:59:57,55,79.35
2834,2026-04-18 17:00:27,11,120.0
2835,2026-04-18 17:00:27,12,35.0
2836,2026-04-18 17:00:27,13,65.0
2837,2026-04-18 17:00:27,14,85.0
2838,2026-04-18 17:00:27,15,35.0
2839,2026-04-18 17:00:27,16,40.0
2840,2026-04-18 17:00:27,17,70.0
2841,2026-04-18 17:00:27,18,40.0
2842,2026-04-18 17:00:27,19,50.0
2843,2026-04-18 17:00:27,20,25.0
2844,2026-04-18 17:00:27,21,60.0
2845,2026-04-18 17:00:27,50,50.0
2846,2026-04-18 17:00:27,51,80.1
2847,2026-04-18 17:00:27,52,81.53
2848,2026-04-18 17:00:27,53,78.41
2849,2026-04-18 17:00:27,54,80.64
2850,2026-04-18 17:00:27,55,79.11
2851,2026-04-18 17:00:57,11,120.0
2852,2026-04-18 17:00:57,12,35.0
2853,2026-04-18 17:00:57,13,65.0
2854,2026-04-18 17:00:57,14,85.0
2855,2026-04-18 17:00:57,15,35.0
2856,2026-04-18 17:00:57,16,40.0
2857,2026-04-18 17:00:57,17,70.0
2858,2026-04-18 17:00:57,18,40.0
2859,2026-04-18 17:00:57,19,50.0
2860,2026-04-18 17:00:57,20,25.0
2861,2026-04-18 17:00:57,21,60.0
2862,2026-04-18 17:00:57,50,50.0
2863,2026-04-18 17:00:57,51,80.3
2864,2026-04-18 17:00:57,52,81.53
2865,2026-04-18 17:00:57,53,78.57
2866,2026-04-18 17:00:57,54,80.44
2867,2026-04-18 17:00:57,55,79.43
2868,2026-04-18 17:01:27,11,120.0
2869,2026-04-18 17:01:27,12,35.0
2870,2026-04-18 17:01:27,13,65.0
2871,2026-04-18 17:01:27,14,85.0
2872,2026-04-18 17:01:27,15,35.0
2873,2026-04-18 17:01:27,16,40.0
2874,2026-04-18 17:01:27,17,70.0
2875,2026-04-18 17:01:27,18,40.0
2876,2026-04-18 17:01:27,19,50.0
2877,2026-04-18 17:01:27,20,25.0
2878,2026-04-18 17:01:27,21,60.0
2879,2026-04-18 17:01:27,50,50.0
2880,2026-04-18 17:01:27,51,80.26
2881,2026-04-18 17:01:27,52,81.61
2882,2026-04-18 17:01:27,53,78.3
2883,2026-04-18 17:01:27,54,80.2
2884,2026-04-18 17:01:27,55,79.51
2885,2026-04-18 17:01:57,11,120.0
2886,2026-04-18 17:01:57,12,35.0
2887,2026-04-18 17:01:57,13,65.0
2888,2026-04-18 17:01:57,14,85.0
2889,2026-04-18 17:01:57,15,35.0
2890,2026-04-18 17:01:57,16,40.0
2891,2026-04-18 17:01:57,17,70.0
2892,2026-04-18 17:01:57,18,40.0
2893,2026-04-18 17:01:57,19,50.0
2894,2026-04-18 17:01:57,20,25.0
2895,2026-04-18 17:01:57,21,60.0
2896,2026-04-18 17:01:57,50,50.0
2897,2026-04-18 17:01:57,51,80.5
2898,2026-04-18 17:01:57,52,81.28
2899,2026-04-18 17:01:57,53,78.07
2900,2026-04-18 17:01:57,54,80.44
2901,2026-04-18 17:01:57,55,79.91
2902,2026-04-18 17:02:27,11,120.0
2903,2026-04-18 17:02:27,12,35.0
2904,2026-04-18 17:02:27,13,65.0
2905,2026-04-18 17:02:27,14,85.0
2906,2026-04-18 17:02:27,15,35.0
2907,2026-04-18 17:02:27,16,40.0
2908,2026-04-18 17:02:27,17,70.0
2909,2026-04-18 17:02:27,18,40.0
2910,2026-04-18 17:02:27,19,50.0
2911,2026-04-18 17:02:27,20,25.0
2912,2026-04-18 17:02:27,21,60.0
2913,2026-04-18 17:02:27,50,50.0
2914,2026-04-18 17:02:27,51,80.42
2915,2026-04-18 17:02:27,52,80.95
2916,2026-04-18 17:02:27,53,78.5
2917,2026-04-18 17:02:27,54,80.76
2918,2026-04-18 17:02:27,55,80.11
2919,2026-04-18 17:02:57,11,120.0
2920,2026-04-18 17:02:57,12,35.0
2921,2026-04-18 17:02:57,13,65.0
2922,2026-04-18 17:02:57,14,85.0
2923,2026-04-18 17:02:57,15,35.0
2924,2026-04-18 17:02:57,16,40.0
2925,2026-04-18 17:02:57,17,70.0
2926,2026-04-18 17:02:57,18,40.0
2927,2026-04-18 17:02:57,19,50.0
2928,2026-04-18 17:02:57,20,25.0
2929,2026-04-18 17:02:57,21,60.0
2930,2026-04-18 17:02:57,50,50.0
2931,2026-04-18 17:02:57,51,80.14
2932,2026-04-18 17:02:57,52,80.71
2933,2026-04-18 17:02:57,53,78.62
2934,2026-04-18 17:02:57,54,81.04
2935,2026-04-18 17:02:57,55,79.91
2936,2026-04-18 17:03:27,11,120.0
2937,2026-04-18 17:03:27,12,35.0
2938,2026-04-18 17:03:27,13,65.0
2939,2026-04-18 17:03:27,14,85.0
2940,2026-04-18 17:03:27,15,35.0
2941,2026-04-18 17:03:27,16,40.0
2942,2026-04-18 17:03:27,17,70.0
2943,2026-04-18 17:03:27,18,40.0
2944,2026-04-18 17:03:27,19,50.0
2945,2026-04-18 17:03:27,20,25.0
2946,2026-04-18 17:03:27,21,60.0
2947,2026-04-18 17:03:27,50,50.0
2948,2026-04-18 17:03:27,51,80.22
2949,2026-04-18 17:03:27,52,80.39
2950,2026-04-18 17:03:27,53,78.78
2951,2026-04-18 17:03:27,54,80.76
2952,2026-04-18 17:03:27,55,80.31
2953,2026-04-18 17:03:57,11,120.0
2954,2026-04-18 17:03:57,12,35.0
2955,2026-04-18 17:03:57,13,65.0
2956,2026-04-18 17:03:57,14,85.0
2957,2026-04-18 17:03:57,15,35.0
2958,2026-04-18 17:03:57,16,40.0
2959,2026-04-18 17:03:57,17,70.0
2960,2026-04-18 17:03:57,18,40.0
2961,2026-04-18 17:03:57,19,50.0
2962,2026-04-18 17:03:57,20,25.0
2963,2026-04-18 17:03:57,21,60.0
2964,2026-04-18 17:03:57,50,50.0
2965,2026-04-18 17:03:57,51,80.22
2966,2026-04-18 17:03:57,52,80.31
2967,2026-04-18 17:03:57,53,79.1
2968,2026-04-18 17:03:57,54,80.72
2969,2026-04-18 17:03:57,55,80.67
2970,2026-04-18 17:04:27,11,120.0
2971,2026-04-18 17:04:27,12,35.0
2972,2026-04-18 17:04:27,13,65.0
2973,2026-04-18 17:04:27,14,85.0
2974,2026-04-18 17:04:27,15,35.0
2975,2026-04-18 17:04:27,16,40.0
2976,2026-04-18 17:04:27,17,70.0
2977,2026-04-18 17:04:27,18,40.0
2978,2026-04-18 17:04:27,19,50.0
2979,2026-04-18 17:04:27,20,25.0
2980,2026-04-18 17:04:27,21,60.0
2981,2026-04-18 17:04:27,50,50.0
2982,2026-04-18 17:04:27,51,80.46
2983,2026-04-18 17:04:27,52,80.23
2984,2026-04-18 17:04:27,53,79.46
2985,2026-04-18 17:04:27,54,81.08
2986,2026-04-18 17:04:27,55,80.99
2987,2026-04-18 17:04:57,11,120.0
2988,2026-04-18 17:04:57,12,35.0
2989,2026-04-18 17:04:57,13,65.0
2990,2026-04-18 17:04:57,14,85.0
2991,2026-04-18 17:04:57,15,35.0
2992,2026-04-18 17:04:57,16,40.0
2993,2026-04-18 17:04:57,17,70.0
2994,2026-04-18 17:04:57,18,40.0
2995,2026-04-18 17:04:57,19,50.0
2996,2026-04-18 17:04:57,20,25.0
2997,2026-04-18 17:04:57,21,60.0
2998,2026-04-18 17:04:57,50,50.0
2999,2026-04-18 17:04:57,51,80.7
3000,2026-04-18 17:04:57,52,80.43
3001,2026-04-18 17:04:57,53,79.9
3002,2026-04-18 17:04:57,54,80.76
3003,2026-04-18 17:04:57,55,81.19
3004,2026-04-18 17:05:27,11,120.0
3005,2026-04-18 17:05:27,12,35.0
3006,2026-04-18 17:05:27,13,65.0
3007,2026-04-18 17:05:27,14,85.0
3008,2026-04-18 17:05:27,15,35.0
3009,2026-04-18 17:05:27,16,40.0
3010,2026-04-18 17:05:27,17,70.0
3011,2026-04-18 17:05:27,18,40.0
3012,2026-04-18 17:05:27,19,50.0
3013,2026-04-18 17:05:27,20,25.0
3014,2026-04-18 17:05:27,21,60.0
3015,2026-04-18 17:05:27,50,50.0
3016,2026-04-18 17:05:28,51,80.62
3017,2026-04-18 17:05:28,52,80.83
3018,2026-04-18 17:05:28,53,80.02
3019,2026-04-18 17:05:28,54,80.76
3020,2026-04-18 17:05:28,55,81.6
3021,2026-04-18 17:05:58,11,120.0
3022,2026-04-18 17:05:58,12,35.0
3023,2026-04-18 17:05:58,13,65.0
3024,2026-04-18 17:05:58,14,85.0
3025,2026-04-18 17:05:58,15,35.0
3026,2026-04-18 17:05:58,16,40.0
3027,2026-04-18 17:05:58,17,70.0
3028,2026-04-18 17:05:58,18,40.0
3029,2026-04-18 17:05:58,19,50.0
3030,2026-04-18 17:05:58,20,25.0
3031,2026-04-18 17:05:58,21,60.0
3032,2026-04-18 17:05:58,50,50.0
3033,2026-04-18 17:05:58,51,80.3
3034,2026-04-18 17:05:58,52,81.11
3035,2026-04-18 17:05:58,53,80.14
3036,2026-04-18 17:05:58,54,80.8
3037,2026-04-18 17:05:58,55,81.27
3038,2026-04-18 17:06:28,11,120.0
3039,2026-04-18 17:06:28,12,35.0
3040,2026-04-18 17:06:28,13,65.0
3041,2026-04-18 17:06:28,14,85.0
3042,2026-04-18 17:06:28,15,35.0
3043,2026-04-18 17:06:28,16,40.0
3044,2026-04-18 17:06:28,17,70.0
3045,2026-04-18 17:06:28,18,40.0
3046,2026-04-18 17:06:28,19,50.0
3047,2026-04-18 17:06:28,20,25.0
3048,2026-04-18 17:06:28,21,60.0
3049,2026-04-18 17:06:28,50,50.0
3050,2026-04-18 17:06:28,51,80.18
3051,2026-04-18 17:06:28,52,80.95
3052,2026-04-18 17:06:28,53,80.42
3053,2026-04-18 17:06:28,54,81.2
3054,2026-04-18 17:06:28,55,81.68
3055,2026-04-18 17:06:58,11,120.0
3056,2026-04-18 17:06:58,12,35.0
3057,2026-04-18 17:06:58,13,65.0
3058,2026-04-18 17:06:58,14,85.0
3059,2026-04-18 17:06:58,15,35.0
3060,2026-04-18 17:06:58,16,40.0
3061,2026-04-18 17:06:58,17,70.0
3062,2026-04-18 17:06:58,18,40.0
3063,2026-04-18 17:06:58,19,50.0
3064,2026-04-18 17:06:58,20,25.0
3065,2026-04-18 17:06:58,21,60.0
3066,2026-04-18 17:06:58,50,50.0
3067,2026-04-18 17:06:58,51,80.38
3068,2026-04-18 17:06:58,52,80.71
3069,2026-04-18 17:06:58,53,80.26
3070,2026-04-18 17:06:58,54,80.96
3071,2026-04-18 17:06:58,55,81.52
3072,2026-04-18 17:07:28,11,120.0
3073,2026-04-18 17:07:28,12,35.0
3074,2026-04-18 17:07:28,13,65.0
3075,2026-04-18 17:07:28,14,85.0
3076,2026-04-18 17:07:28,15,35.0
3077,2026-04-18 17:07:28,16,40.0
3078,2026-04-18 17:07:28,17,70.0
3079,2026-04-18 17:07:28,18,40.0
3080,2026-04-18 17:07:28,19,50.0
3081,2026-04-18 17:07:28,20,25.0
3082,2026-04-18 17:07:28,21,60.0
3083,2026-04-18 17:07:28,50,50.0
3084,2026-04-18 17:07:28,51,80.14
3085,2026-04-18 17:07:28,52,80.95
3086,2026-04-18 17:07:28,53,80.18
3087,2026-04-18 17:07:28,54,80.84
3088,2026-04-18 17:07:28,55,81.23
3089,2026-04-18 17:07:58,11,120.0
3090,2026-04-18 17:07:58,12,35.0
3091,2026-04-18 17:07:58,13,65.0
3092,2026-04-18 17:07:58,14,85.0
3093,2026-04-18 17:07:58,15,35.0
3094,2026-04-18 17:07:58,16,40.0
3095,2026-04-18 17:07:58,17,70.0
3096,2026-04-18 17:07:58,18,40.0
3097,2026-04-18 17:07:58,19,50.0
3098,2026-04-18 17:07:58,20,25.0
3099,2026-04-18 17:07:58,21,60.0
3100,2026-04-18 17:07:58,50,50.0
3101,2026-04-18 17:07:58,51,80.38
3102,2026-04-18 17:07:58,52,81.19
3103,2026-04-18 17:07:58,53,79.98
3104,2026-04-18 17:07:58,54,80.52
3105,2026-04-18 17:07:58,55,81.15
3106,2026-04-18 17:08:28,11,120.0
3107,2026-04-18 17:08:28,12,35.0
3108,2026-04-18 17:08:28,13,65.0
3109,2026-04-18 17:08:28,14,85.0
3110,2026-04-18 17:08:28,15,35.0
3111,2026-04-18 17:08:28,16,40.0
3112,2026-04-18 17:08:28,17,70.0
3113,2026-04-18 17:08:28,18,40.0
3114,2026-04-18 17:08:28,19,50.0
3115,2026-04-18 17:08:28,20,25.0
3116,2026-04-18 17:08:28,21,60.0
3117,2026-04-18 17:08:28,50,50.0
3118,2026-04-18 17:08:28,51,80.3
3119,2026-04-18 17:08:28,52,81.03
3120,2026-04-18 17:08:28,53,79.66
3121,2026-04-18 17:08:28,54,80.72
3122,2026-04-18 17:08:28,55,81.52
3123,2026-04-18 17:08:58,11,120.0
3124,2026-04-18 17:08:58,12,35.0
3125,2026-04-18 17:08:58,13,65.0
3126,2026-04-18 17:08:58,14,85.0
3127,2026-04-18 17:08:58,15,35.0
3128,2026-04-18 17:08:58,16,40.0
3129,2026-04-18 17:08:58,17,70.0
3130,2026-04-18 17:08:58,18,40.0
3131,2026-04-18 17:08:58,19,50.0
3132,2026-04-18 17:08:58,20,25.0
3133,2026-04-18 17:08:58,21,60.0
3134,2026-04-18 17:08:58,50,50.0
3135,2026-04-18 17:08:58,51,80.58
3136,2026-04-18 17:08:58,52,81.07
3137,2026-04-18 17:08:58,53,79.9
3138,2026-04-18 17:08:58,54,81.08
3139,2026-04-18 17:08:58,55,81.23
3140,2026-04-18 17:09:28,11,120.0
3141,2026-04-18 17:09:28,12,35.0
3142,2026-04-18 17:09:28,13,65.0
3143,2026-04-18 17:09:28,14,85.0
3144,2026-04-18 17:09:28,15,35.0
3145,2026-04-18 17:09:28,16,40.0
3146,2026-04-18 17:09:28,17,70.0
3147,2026-04-18 17:09:28,18,40.0
3148,2026-04-18 17:09:28,19,50.0
3149,2026-04-18 17:09:28,20,25.0
3150,2026-04-18 17:09:28,21,60.0
3151,2026-04-18 17:09:28,50,50.0
3152,2026-04-18 17:09:28,51,80.78
3153,2026-04-18 17:09:28,52,80.79
3154,2026-04-18 17:09:28,53,79.86
3155,2026-04-18 17:09:28,54,81.16
3156,2026-04-18 17:09:28,55,80.95
3157,2026-04-18 17:09:58,11,120.0
3158,2026-04-18 17:09:58,12,35.0
3159,2026-04-18 17:09:58,13,65.0
3160,2026-04-18 17:09:58,14,85.0
3161,2026-04-18 17:09:58,15,35.0
3162,2026-04-18 17:09:58,16,40.0
3163,2026-04-18 17:09:58,17,70.0
3164,2026-04-18 17:09:58,18,40.0
3165,2026-04-18 17:09:58,19,50.0
3166,2026-04-18 17:09:58,20,25.0
3167,2026-04-18 17:09:58,21,60.0
3168,2026-04-18 17:09:58,50,50.0
3169,2026-04-18 17:09:58,51,80.74
3170,2026-04-18 17:09:58,52,81.27
3171,2026-04-18 17:09:58,53,80.34
3172,2026-04-18 17:09:58,54,81.36
3173,2026-04-18 17:09:58,55,81.35
3174,2026-04-18 17:10:28,11,120.0
3175,2026-04-18 17:10:28,12,35.0
3176,2026-04-18 17:10:28,13,65.0
3177,2026-04-18 17:10:28,14,85.0
3178,2026-04-18 17:10:28,15,35.0
3179,2026-04-18 17:10:28,16,40.0
3180,2026-04-18 17:10:28,17,70.0
3181,2026-04-18 17:10:28,18,40.0
3182,2026-04-18 17:10:28,19,50.0
3183,2026-04-18 17:10:28,20,25.0
3184,2026-04-18 17:10:28,21,60.0
3185,2026-04-18 17:10:28,50,50.0
3186,2026-04-18 17:10:28,51,81.14
3187,2026-04-18 17:10:28,52,80.94
3188,2026-04-18 17:10:28,53,80.7
3189,2026-04-18 17:10:28,54,81.73
3190,2026-04-18 17:10:28,55,81.55
3191,2026-04-18 17:10:58,11,120.0
3192,2026-04-18 17:10:58,12,35.0
3193,2026-04-18 17:10:58,13,65.0
3194,2026-04-18 17:10:58,14,85.0
3195,2026-04-18 17:10:58,15,35.0
3196,2026-04-18 17:10:58,16,40.0
3197,2026-04-18 17:10:58,17,70.0
3198,2026-04-18 17:10:58,18,40.0
3199,2026-04-18 17:10:58,19,50.0
3200,2026-04-18 17:10:58,20,25.0
3201,2026-04-18 17:10:58,21,60.0
3202,2026-04-18 17:10:58,50,50.0
3203,2026-04-18 17:10:58,51,81.59
3204,2026-04-18 17:10:58,52,81.43
3205,2026-04-18 17:10:58,53,80.66
3206,2026-04-18 17:10:58,54,81.65
3207,2026-04-18 17:10:58,55,81.88
3208,2026-04-18 17:11:28,11,120.0
3209,2026-04-18 17:11:28,12,35.0
3210,2026-04-18 17:11:28,13,65.0
3211,2026-04-18 17:11:29,14,85.0
3212,2026-04-18 17:11:29,15,35.0
3213,2026-04-18 17:11:29,16,40.0
3214,2026-04-18 17:11:29,17,70.0
3215,2026-04-18 17:11:29,18,40.0
3216,2026-04-18 17:11:29,19,50.0
3217,2026-04-18 17:11:29,20,25.0
3218,2026-04-18 17:11:29,21,60.0
3219,2026-04-18 17:11:29,50,50.0
3220,2026-04-18 17:11:29,51,81.75
3221,2026-04-18 17:11:29,52,81.51
3222,2026-04-18 17:11:29,53,80.9
3223,2026-04-18 17:11:29,54,81.73
3224,2026-04-18 17:11:29,55,82.04
3225,2026-04-18 17:11:59,11,120.0
3226,2026-04-18 17:11:59,12,35.0
3227,2026-04-18 17:11:59,13,65.0
3228,2026-04-18 17:11:59,14,85.0
3229,2026-04-18 17:11:59,15,35.0
3230,2026-04-18 17:11:59,16,40.0
3231,2026-04-18 17:11:59,17,70.0
3232,2026-04-18 17:11:59,18,40.0
3233,2026-04-18 17:11:59,19,50.0
3234,2026-04-18 17:11:59,20,25.0
3235,2026-04-18 17:11:59,21,60.0
3236,2026-04-18 17:11:59,50,50.0
3237,2026-04-18 17:11:59,51,81.79
3238,2026-04-18 17:11:59,52,81.96
3239,2026-04-18 17:11:59,53,80.58
3240,2026-04-18 17:11:59,54,81.65
3241,2026-04-18 17:11:59,55,82.37
3242,2026-04-18 17:12:29,11,120.0
3243,2026-04-18 17:12:29,12,35.0
3244,2026-04-18 17:12:29,13,65.0
3245,2026-04-18 17:12:29,14,85.0
3246,2026-04-18 17:12:29,15,35.0
3247,2026-04-18 17:12:29,16,40.0
3248,2026-04-18 17:12:29,17,70.0
3249,2026-04-18 17:12:29,18,40.0
3250,2026-04-18 17:12:29,19,50.0
3251,2026-04-18 17:12:29,20,25.0
3252,2026-04-18 17:12:29,21,60.0
3253,2026-04-18 17:12:29,50,50.0
3254,2026-04-18 17:12:29,51,81.91
3255,2026-04-18 17:12:29,52,81.92
3256,2026-04-18 17:12:29,53,80.38
3257,2026-04-18 17:12:29,54,81.49
3258,2026-04-18 17:12:29,55,82.58
3259,2026-04-18 17:12:59,11,120.0
3260,2026-04-18 17:12:59,12,35.0
3261,2026-04-18 17:12:59,13,65.0
3262,2026-04-18 17:12:59,14,85.0
3263,2026-04-18 17:12:59,15,35.0
3264,2026-04-18 17:12:59,16,40.0
3265,2026-04-18 17:12:59,17,70.0
3266,2026-04-18 17:12:59,18,40.0
3267,2026-04-18 17:12:59,19,50.0
3268,2026-04-18 17:12:59,20,25.0
3269,2026-04-18 17:12:59,21,60.0
3270,2026-04-18 17:12:59,50,50.0
3271,2026-04-18 17:12:59,51,81.91
3272,2026-04-18 17:12:59,52,81.72
3273,2026-04-18 17:12:59,53,80.38
3274,2026-04-18 17:12:59,54,81.65
3275,2026-04-18 17:12:59,55,82.91
3276,2026-04-18 17:13:29,11,120.0
3277,2026-04-18 17:13:29,12,35.0
3278,2026-04-18 17:13:29,13,65.0
3279,2026-04-18 17:13:29,14,85.0
3280,2026-04-18 17:13:29,15,35.0
3281,2026-04-18 17:13:29,16,40.0
3282,2026-04-18 17:13:29,17,70.0
3283,2026-04-18 17:13:29,18,40.0
3284,2026-04-18 17:13:29,19,50.0
3285,2026-04-18 17:13:29,20,25.0
3286,2026-04-18 17:13:29,21,60.0
3287,2026-04-18 17:13:29,50,50.0
3288,2026-04-18 17:13:29,51,82.32
3289,2026-04-18 17:13:29,52,81.39
3290,2026-04-18 17:13:29,53,80.58
3291,2026-04-18 17:13:29,54,81.32
3292,2026-04-18 17:13:29,55,82.87
3293,2026-04-18 17:13:59,11,120.0
3294,2026-04-18 17:13:59,12,35.0
3295,2026-04-18 17:13:59,13,65.0
3296,2026-04-18 17:13:59,14,85.0
3297,2026-04-18 17:13:59,15,35.0
3298,2026-04-18 17:13:59,16,40.0
3299,2026-04-18 17:13:59,17,70.0
3300,2026-04-18 17:13:59,18,40.0
3301,2026-04-18 17:13:59,19,50.0
3302,2026-04-18 17:13:59,20,25.0
3303,2026-04-18 17:13:59,21,60.0
3304,2026-04-18 17:13:59,50,50.0
3305,2026-04-18 17:13:59,51,82.57
3306,2026-04-18 17:13:59,52,81.06
3307,2026-04-18 17:13:59,53,80.58
3308,2026-04-18 17:13:59,54,81.81
3309,2026-04-18 17:13:59,55,82.58
3310,2026-04-18 17:14:29,11,120.0
3311,2026-04-18 17:14:29,12,35.0
3312,2026-04-18 17:14:29,13,65.0
3313,2026-04-18 17:14:29,14,85.0
3314,2026-04-18 17:14:29,15,35.0
3315,2026-04-18 17:14:29,16,40.0
3316,2026-04-18 17:14:29,17,70.0
3317,2026-04-18 17:14:29,18,40.0
3318,2026-04-18 17:14:29,19,50.0
3319,2026-04-18 17:14:29,20,25.0
3320,2026-04-18 17:14:29,21,60.0
3321,2026-04-18 17:14:29,50,50.0
3322,2026-04-18 17:14:29,51,82.98
3323,2026-04-18 17:14:29,52,80.86
3324,2026-04-18 17:14:29,53,80.94
3325,2026-04-18 17:14:29,54,81.61
3326,2026-04-18 17:14:29,55,83.03
3327,2026-04-18 17:14:59,11,120.0
3328,2026-04-18 17:14:59,12,35.0
3329,2026-04-18 17:14:59,13,65.0
3330,2026-04-18 17:14:59,14,85.0
3331,2026-04-18 17:14:59,15,35.0
3332,2026-04-18 17:14:59,16,40.0
3333,2026-04-18 17:14:59,17,70.0
3334,2026-04-18 17:14:59,18,40.0
3335,2026-04-18 17:14:59,19,50.0
3336,2026-04-18 17:14:59,20,25.0
3337,2026-04-18 17:14:59,21,60.0
3338,2026-04-18 17:14:59,50,50.0
3339,2026-04-18 17:14:59,51,83.44
3340,2026-04-18 17:14:59,52,80.7
3341,2026-04-18 17:14:59,53,81.14
3342,2026-04-18 17:14:59,54,81.53
3343,2026-04-18 17:14:59,55,82.78
3344,2026-04-18 17:14:59,56,75.0
3345,2026-04-18 17:15:29,11,120.0
3346,2026-04-18 17:15:29,12,35.0
3347,2026-04-18 17:15:29,13,65.0
3348,2026-04-18 17:15:29,14,85.0
3349,2026-04-18 17:15:29,15,35.0
3350,2026-04-18 17:15:29,16,40.0
3351,2026-04-18 17:15:29,17,70.0
3352,2026-04-18 17:15:29,18,40.0
3353,2026-04-18 17:15:29,19,50.0
3354,2026-04-18 17:15:29,20,25.0
3355,2026-04-18 17:15:29,21,60.0
3356,2026-04-18 17:15:29,50,50.0
3357,2026-04-18 17:15:29,51,83.65
3358,2026-04-18 17:15:29,52,80.82
3359,2026-04-18 17:15:29,53,80.98
3360,2026-04-18 17:15:29,54,81.37
3361,2026-04-18 17:15:29,55,83.19
3362,2026-04-18 17:15:29,56,75.34
3363,2026-04-18 17:15:59,11,120.0
3364,2026-04-18 17:15:59,12,35.0
3365,2026-04-18 17:15:59,13,65.0
3366,2026-04-18 17:15:59,14,85.0
3367,2026-04-18 17:15:59,15,35.0
3368,2026-04-18 17:15:59,16,40.0
3369,2026-04-18 17:15:59,17,70.0
3370,2026-04-18 17:15:59,18,40.0
3371,2026-04-18 17:15:59,19,50.0
3372,2026-04-18 17:15:59,20,25.0
3373,2026-04-18 17:15:59,21,60.0
3374,2026-04-18 17:15:59,50,50.0
3375,2026-04-18 17:15:59,51,84.11
3376,2026-04-18 17:15:59,52,80.86
3377,2026-04-18 17:15:59,53,81.18
3378,2026-04-18 17:15:59,54,81.29
3379,2026-04-18 17:15:59,55,83.11
3380,2026-04-18 17:15:59,56,75.72
3381,2026-04-18 17:16:29,11,120.0
3382,2026-04-18 17:16:29,12,35.0
3383,2026-04-18 17:16:29,13,65.0
3384,2026-04-18 17:16:29,14,85.0
3385,2026-04-18 17:16:29,15,35.0
3386,2026-04-18 17:16:29,16,40.0
3387,2026-04-18 17:16:29,17,70.0
3388,2026-04-18 17:16:29,18,40.0
3389,2026-04-18 17:16:29,19,50.0
3390,2026-04-18 17:16:29,20,25.0
3391,2026-04-18 17:16:29,21,60.0
3392,2026-04-18 17:16:29,50,50.0
3393,2026-04-18 17:16:29,51,83.98
3394,2026-04-18 17:16:29,52,81.1
3395,2026-04-18 17:16:29,53,81.59
3396,2026-04-18 17:16:29,54,81.29
3397,2026-04-18 17:16:29,55,82.99
3398,2026-04-18 17:16:29,56,75.8
3399,2026-04-18 17:16:59,11,120.0
3400,2026-04-18 17:16:59,12,35.0
3401,2026-04-18 17:16:59,13,65.0
3402,2026-04-18 17:16:59,14,85.0
3403,2026-04-18 17:16:59,15,35.0
3404,2026-04-18 17:17:00,16,40.0
3405,2026-04-18 17:17:00,17,70.0
3406,2026-04-18 17:17:00,18,40.0
3407,2026-04-18 17:17:00,19,50.0
3408,2026-04-18 17:17:00,20,25.0
3409,2026-04-18 17:17:00,21,60.0
3410,2026-04-18 17:17:00,50,50.0
3411,2026-04-18 17:17:00,51,83.73
3412,2026-04-18 17:17:00,52,81.38
3413,2026-04-18 17:17:00,53,82.04
3414,2026-04-18 17:17:00,54,81.57
3415,2026-04-18 17:17:00,55,82.7
3416,2026-04-18 17:17:00,56,75.53
3417,2026-04-18 17:17:30,11,120.0
3418,2026-04-18 17:17:30,12,35.0
3419,2026-04-18 17:17:30,13,65.0
3420,2026-04-18 17:17:30,14,85.0
3421,2026-04-18 17:17:30,15,35.0
3422,2026-04-18 17:17:30,16,40.0
3423,2026-04-18 17:17:30,17,70.0
3424,2026-04-18 17:17:30,18,40.0
3425,2026-04-18 17:17:30,19,50.0
3426,2026-04-18 17:17:30,20,25.0
3427,2026-04-18 17:17:30,21,60.0
3428,2026-04-18 17:17:30,50,50.0
3429,2026-04-18 17:17:30,51,84.02
3430,2026-04-18 17:17:30,52,81.46
3431,2026-04-18 17:17:30,53,82.53
3432,2026-04-18 17:17:30,54,81.77
3433,2026-04-18 17:17:30,55,82.82
3434,2026-04-18 17:17:30,56,75.53
3435,2026-04-18 17:18:00,11,120.0
3436,2026-04-18 17:18:00,12,35.0
3437,2026-04-18 17:18:00,13,65.0
3438,2026-04-18 17:18:00,14,85.0
3439,2026-04-18 17:18:00,15,35.0
3440,2026-04-18 17:18:00,16,40.0
3441,2026-04-18 17:18:00,17,70.0
3442,2026-04-18 17:18:00,18,40.0
3443,2026-04-18 17:18:00,19,50.0
3444,2026-04-18 17:18:00,20,25.0
3445,2026-04-18 17:18:00,21,60.0
3446,2026-04-18 17:18:00,50,50.0
3447,2026-04-18 17:18:00,51,84.31
3448,2026-04-18 17:18:00,52,81.46
3449,2026-04-18 17:18:00,53,82.61
3450,2026-04-18 17:18:00,54,81.97
3451,2026-04-18 17:18:00,55,82.74
3452,2026-04-18 17:18:00,56,75.49
3453,2026-04-18 17:18:30,11,120.0
3454,2026-04-18 17:18:30,12,35.0
3455,2026-04-18 17:18:30,13,65.0
3456,2026-04-18 17:18:30,14,85.0
3457,2026-04-18 17:18:30,15,35.0
3458,2026-04-18 17:18:30,16,40.0
3459,2026-04-18 17:18:30,17,70.0
3460,2026-04-18 17:18:30,18,40.0
3461,2026-04-18 17:18:30,19,50.0
3462,2026-04-18 17:18:30,20,25.0
3463,2026-04-18 17:18:30,21,60.0
3464,2026-04-18 17:18:30,50,50.0
3465,2026-04-18 17:18:30,51,84.56
3466,2026-04-18 17:18:30,52,81.62
3467,2026-04-18 17:18:30,53,82.82
3468,2026-04-18 17:18:30,54,82.38
3469,2026-04-18 17:18:30,55,83.07
3470,2026-04-18 17:18:30,56,75.87
3471,2026-04-18 17:19:00,11,120.0
3472,2026-04-18 17:19:00,12,35.0
3473,2026-04-18 17:19:00,13,65.0
3474,2026-04-18 17:19:00,14,85.0
3475,2026-04-18 17:19:00,15,35.0
3476,2026-04-18 17:19:00,16,40.0
3477,2026-04-18 17:19:00,17,70.0
3478,2026-04-18 17:19:00,18,40.0
3479,2026-04-18 17:19:00,19,50.0
3480,2026-04-18 17:19:01,20,25.0
3481,2026-04-18 17:19:01,21,60.0
3482,2026-04-18 17:19:01,50,50.0
3483,2026-04-18 17:19:01,51,84.73
3484,2026-04-18 17:19:01,52,81.74
3485,2026-04-18 17:19:01,53,82.61
3486,2026-04-18 17:19:01,54,82.13
3487,2026-04-18 17:19:01,55,82.9
3488,2026-04-18 17:19:01,56,75.68
3489,2026-04-18 17:19:31,11,120.0
3490,2026-04-18 17:19:31,12,35.0
3491,2026-04-18 17:19:31,13,65.0
3492,2026-04-18 17:19:31,14,85.0
3493,2026-04-18 17:19:31,15,35.0
3494,2026-04-18 17:19:31,16,40.0
3495,2026-04-18 17:19:31,17,70.0
3496,2026-04-18 17:19:31,18,40.0
3497,2026-04-18 17:19:31,19,50.0
3498,2026-04-18 17:19:31,20,25.0
3499,2026-04-18 17:19:31,21,60.0
3500,2026-04-18 17:19:31,50,50.0
3501,2026-04-18 17:19:31,51,84.77
3502,2026-04-18 17:19:31,52,81.41
3503,2026-04-18 17:19:31,53,82.49
3504,2026-04-18 17:19:31,54,81.92
3505,2026-04-18 17:19:31,55,83.4
3506,2026-04-18 17:19:31,56,75.72
3507,2026-04-18 17:20:01,11,120.0
3508,2026-04-18 17:20:01,12,35.0
3509,2026-04-18 17:20:01,13,65.0
3510,2026-04-18 17:20:01,14,85.0
3511,2026-04-18 17:20:01,15,35.0
3512,2026-04-18 17:20:01,16,40.0
3513,2026-04-18 17:20:01,17,70.0
3514,2026-04-18 17:20:01,18,40.0
3515,2026-04-18 17:20:01,19,50.0
3516,2026-04-18 17:20:01,20,25.0
3517,2026-04-18 17:20:01,21,60.0
3518,2026-04-18 17:20:01,50,50.0
3519,2026-04-18 17:20:01,51,84.77
3520,2026-04-18 17:20:01,52,81.9
3521,2026-04-18 17:20:01,53,82.7
3522,2026-04-18 17:20:01,54,81.76
3523,2026-04-18 17:20:01,55,83.57
3524,2026-04-18 17:20:01,56,76.17
3525,2026-04-18 17:20:31,11,120.0
3526,2026-04-18 17:20:31,12,35.0
3527,2026-04-18 17:20:31,13,65.0
3528,2026-04-18 17:20:31,14,85.0
3529,2026-04-18 17:20:31,15,35.0
3530,2026-04-18 17:20:31,16,40.0
3531,2026-04-18 17:20:31,17,70.0
3532,2026-04-18 17:20:31,18,40.0
3533,2026-04-18 17:20:31,19,50.0
3534,2026-04-18 17:20:31,20,25.0
3535,2026-04-18 17:20:31,21,60.0
3536,2026-04-18 17:20:31,50,50.0
3537,2026-04-18 17:20:31,51,85.11
3538,2026-04-18 17:20:31,52,81.57
3539,2026-04-18 17:20:31,53,82.62
3540,2026-04-18 17:20:31,54,81.68
3541,2026-04-18 17:20:31,55,83.61
3542,2026-04-18 17:20:31,56,76.02
3543,2026-04-18 17:21:01,11,120.0
3544,2026-04-18 17:21:01,12,35.0
3545,2026-04-18 17:21:01,13,65.0
3546,2026-04-18 17:21:01,14,85.0
3547,2026-04-18 17:21:01,15,35.0
3548,2026-04-18 17:21:01,16,40.0
3549,2026-04-18 17:21:01,17,70.0
3550,2026-04-18 17:21:01,18,40.0
3551,2026-04-18 17:21:01,19,50.0
3552,2026-04-18 17:21:01,20,25.0
3553,2026-04-18 17:21:01,21,60.0
3554,2026-04-18 17:21:01,50,50.0
3555,2026-04-18 17:21:01,51,85.41
3556,2026-04-18 17:21:01,52,81.98
3557,2026-04-18 17:21:01,53,82.7
3558,2026-04-18 17:21:01,54,81.6
3559,2026-04-18 17:21:01,55,83.86
3560,2026-04-18 17:21:01,56,76.44
3561,2026-04-18 17:21:31,11,120.0
3562,2026-04-18 17:21:31,12,35.0
3563,2026-04-18 17:21:31,13,65.0
3564,2026-04-18 17:21:31,14,85.0
3565,2026-04-18 17:21:31,15,35.0
3566,2026-04-18 17:21:31,16,40.0
3567,2026-04-18 17:21:31,17,70.0
3568,2026-04-18 17:21:31,18,40.0
3569,2026-04-18 17:21:31,19,50.0
3570,2026-04-18 17:21:31,20,25.0
3571,2026-04-18 17:21:31,21,60.0
3572,2026-04-18 17:21:31,50,50.0
3573,2026-04-18 17:21:31,51,85.24
3574,2026-04-18 17:21:31,52,81.73
3575,2026-04-18 17:21:31,53,82.87
3576,2026-04-18 17:21:31,54,81.52
3577,2026-04-18 17:21:31,55,83.65
3578,2026-04-18 17:21:31,56,76.82
3579,2026-04-18 17:22:01,11,120.0
3580,2026-04-18 17:22:01,12,35.0
3581,2026-04-18 17:22:01,13,65.0
3582,2026-04-18 17:22:01,14,85.0
3583,2026-04-18 17:22:01,15,35.0
3584,2026-04-18 17:22:01,16,40.0
3585,2026-04-18 17:22:01,17,70.0
3586,2026-04-18 17:22:01,18,40.0
3587,2026-04-18 17:22:01,19,50.0
3588,2026-04-18 17:22:01,20,25.0
3589,2026-04-18 17:22:01,21,60.0
3590,2026-04-18 17:22:01,50,50.0
3591,2026-04-18 17:22:01,51,84.9
3592,2026-04-18 17:22:01,52,81.69
3593,2026-04-18 17:22:01,53,82.75
3594,2026-04-18 17:22:01,54,81.44
3595,2026-04-18 17:22:01,55,83.69
3596,2026-04-18 17:22:01,56,76.51
3597,2026-04-18 17:22:31,11,120.0
3598,2026-04-18 17:22:31,12,35.0
3599,2026-04-18 17:22:31,13,65.0
3600,2026-04-18 17:22:31,14,85.0
3601,2026-04-18 17:22:31,15,35.0
3602,2026-04-18 17:22:31,16,40.0
3603,2026-04-18 17:22:31,17,70.0
3604,2026-04-18 17:22:31,18,40.0
3605,2026-04-18 17:22:31,19,50.0
3606,2026-04-18 17:22:31,20,25.0
3607,2026-04-18 17:22:31,21,60.0
3608,2026-04-18 17:22:31,50,50.0
3609,2026-04-18 17:22:31,51,85.41
3610,2026-04-18 17:22:31,52,81.44
3611,2026-04-18 17:22:31,53,83.16
3612,2026-04-18 17:22:31,54,81.4
3613,2026-04-18 17:22:31,55,83.73
3614,2026-04-18 17:22:31,56,76.93
3615,2026-04-18 17:23:01,11,120.0
3616,2026-04-18 17:23:01,12,35.0
3617,2026-04-18 17:23:01,13,65.0
3618,2026-04-18 17:23:01,14,85.0
3619,2026-04-18 17:23:01,15,35.0
3620,2026-04-18 17:23:01,16,40.0
3621,2026-04-18 17:23:01,17,70.0
3622,2026-04-18 17:23:01,18,40.0
3623,2026-04-18 17:23:01,19,50.0
3624,2026-04-18 17:23:01,20,25.0
3625,2026-04-18 17:23:01,21,60.0
3626,2026-04-18 17:23:01,50,50.0
3627,2026-04-18 17:23:01,51,85.62
3628,2026-04-18 17:23:01,52,81.11
3629,2026-04-18 17:23:01,53,82.83
3630,2026-04-18 17:23:01,54,80.87
3631,2026-04-18 17:23:01,55,83.86
3632,2026-04-18 17:23:01,56,77.08
3633,2026-04-18 17:23:31,11,120.0
3634,2026-04-18 17:23:31,12,35.0
3635,2026-04-18 17:23:31,13,65.0
3636,2026-04-18 17:23:31,14,85.0
3637,2026-04-18 17:23:31,15,35.0
3638,2026-04-18 17:23:31,16,40.0
3639,2026-04-18 17:23:31,17,70.0
3640,2026-04-18 17:23:31,18,40.0
3641,2026-04-18 17:23:31,19,50.0
3642,2026-04-18 17:23:31,20,25.0
3643,2026-04-18 17:23:31,21,60.0
3644,2026-04-18 17:23:31,50,50.0
3645,2026-04-18 17:23:31,51,85.83
3646,2026-04-18 17:23:31,52,81.23
3647,2026-04-18 17:23:31,53,82.79
3648,2026-04-18 17:23:31,54,81.11
3649,2026-04-18 17:23:31,55,83.86
3650,2026-04-18 17:23:31,56,77.08
3651,2026-04-18 17:24:01,11,120.0
3652,2026-04-18 17:24:01,12,35.0
3653,2026-04-18 17:24:01,13,65.0
3654,2026-04-18 17:24:01,14,85.0
3655,2026-04-18 17:24:01,15,35.0
3656,2026-04-18 17:24:01,16,40.0
3657,2026-04-18 17:24:01,17,70.0
3658,2026-04-18 17:24:01,18,40.0
3659,2026-04-18 17:24:01,19,50.0
3660,2026-04-18 17:24:01,20,25.0
3661,2026-04-18 17:24:01,21,60.0
3662,2026-04-18 17:24:01,50,50.0
3663,2026-04-18 17:24:01,51,85.83
3664,2026-04-18 17:24:01,52,81.68
3665,2026-04-18 17:24:01,53,82.79
3666,2026-04-18 17:24:01,54,81.39
3667,2026-04-18 17:24:01,55,83.9
3668,2026-04-18 17:24:01,56,77.43
3669,2026-04-18 17:24:32,11,120.0
3670,2026-04-18 17:24:32,12,35.0
3671,2026-04-18 17:24:32,13,65.0
3672,2026-04-18 17:24:32,14,85.0
3673,2026-04-18 17:24:32,15,35.0
3674,2026-04-18 17:24:32,16,40.0
3675,2026-04-18 17:24:32,17,70.0
3676,2026-04-18 17:24:32,18,40.0
3677,2026-04-18 17:24:32,19,50.0
3678,2026-04-18 17:24:32,20,25.0
3679,2026-04-18 17:24:32,21,60.0
3680,2026-04-18 17:24:32,50,50.0
3681,2026-04-18 17:24:32,51,86.34
3682,2026-04-18 17:24:32,52,81.88
3683,2026-04-18 17:24:32,53,82.58
3684,2026-04-18 17:24:32,54,81.11
3685,2026-04-18 17:24:32,55,84.19
3686,2026-04-18 17:24:32,56,77.43
3687,2026-04-18 17:25:02,11,120.0
3688,2026-04-18 17:25:02,12,35.0
3689,2026-04-18 17:25:02,13,65.0
3690,2026-04-18 17:25:02,14,85.0
3691,2026-04-18 17:25:02,15,35.0
3692,2026-04-18 17:25:02,16,40.0
3693,2026-04-18 17:25:02,17,70.0
3694,2026-04-18 17:25:02,18,40.0
3695,2026-04-18 17:25:02,19,50.0
3696,2026-04-18 17:25:02,20,25.0
3697,2026-04-18 17:25:02,21,60.0
3698,2026-04-18 17:25:02,50,50.0
3699,2026-04-18 17:25:02,51,85.99
3700,2026-04-18 17:25:02,52,82.37
3701,2026-04-18 17:25:02,53,83.03
3702,2026-04-18 17:25:02,54,81.07
3703,2026-04-18 17:25:02,55,83.85
3704,2026-04-18 17:25:02,56,77.43
3705,2026-04-18 17:25:32,11,120.0
3706,2026-04-18 17:25:32,12,35.0
3707,2026-04-18 17:25:32,13,65.0
3708,2026-04-18 17:25:32,14,85.0
3709,2026-04-18 17:25:32,15,35.0
3710,2026-04-18 17:25:32,16,40.0
3711,2026-04-18 17:25:32,17,70.0
3712,2026-04-18 17:25:32,18,40.0
3713,2026-04-18 17:25:32,19,50.0
3714,2026-04-18 17:25:32,20,25.0
3715,2026-04-18 17:25:32,21,60.0
3716,2026-04-18 17:25:32,50,50.0
3717,2026-04-18 17:25:32,51,85.95
3718,2026-04-18 17:25:32,52,82.25
3719,2026-04-18 17:25:32,53,83.4
3720,2026-04-18 17:25:32,54,80.91
3721,2026-04-18 17:25:32,55,83.77
3722,2026-04-18 17:25:32,56,77.31
3723,2026-04-18 17:26:02,11,120.0
3724,2026-04-18 17:26:02,12,35.0
3725,2026-04-18 17:26:02,13,65.0
3726,2026-04-18 17:26:02,14,85.0
3727,2026-04-18 17:26:02,15,35.0
3728,2026-04-18 17:26:02,16,40.0
3729,2026-04-18 17:26:02,17,70.0
3730,2026-04-18 17:26:02,18,40.0
3731,2026-04-18 17:26:02,19,50.0
3732,2026-04-18 17:26:02,20,25.0
3733,2026-04-18 17:26:02,21,60.0
3734,2026-04-18 17:26:02,50,50.0
3735,2026-04-18 17:26:02,51,85.82
3736,2026-04-18 17:26:02,52,81.92
3737,2026-04-18 17:26:02,53,83.69
3738,2026-04-18 17:26:02,54,80.87
3739,2026-04-18 17:26:02,55,83.69
3740,2026-04-18 17:26:02,56,77.08
3741,2026-04-18 17:26:32,11,120.0
3742,2026-04-18 17:26:32,12,35.0
3743,2026-04-18 17:26:32,13,65.0
3744,2026-04-18 17:26:32,14,85.0
3745,2026-04-18 17:26:32,15,35.0
3746,2026-04-18 17:26:32,16,40.0
3747,2026-04-18 17:26:32,17,70.0
3748,2026-04-18 17:26:32,18,40.0
3749,2026-04-18 17:26:32,19,50.0
3750,2026-04-18 17:26:32,20,25.0
3751,2026-04-18 17:26:32,21,60.0
3752,2026-04-18 17:26:32,50,50.0
3753,2026-04-18 17:26:32,51,86.16
3754,2026-04-18 17:26:32,52,82.25
3755,2026-04-18 17:26:32,53,83.4
3756,2026-04-18 17:26:32,54,80.99
3757,2026-04-18 17:26:32,55,83.77
3758,2026-04-18 17:26:32,56,77.54
3759,2026-04-18 17:27:02,11,120.0
3760,2026-04-18 17:27:02,12,35.0
3761,2026-04-18 17:27:02,13,65.0
3762,2026-04-18 17:27:02,14,85.0
3763,2026-04-18 17:27:02,15,35.0
3764,2026-04-18 17:27:02,16,40.0
3765,2026-04-18 17:27:02,17,70.0
3766,2026-04-18 17:27:02,18,40.0
3767,2026-04-18 17:27:02,19,50.0
3768,2026-04-18 17:27:02,20,25.0
3769,2026-04-18 17:27:02,21,60.0
3770,2026-04-18 17:27:02,50,50.0
3771,2026-04-18 17:27:02,51,85.86
3772,2026-04-18 17:27:02,52,82.62
3773,2026-04-18 17:27:02,53,83.07
3774,2026-04-18 17:27:02,54,80.63
3775,2026-04-18 17:27:02,55,83.85
3776,2026-04-18 17:27:02,56,77.97
3777,2026-04-18 17:27:32,11,120.0
3778,2026-04-18 17:27:32,12,35.0
3779,2026-04-18 17:27:32,13,65.0
3780,2026-04-18 17:27:32,14,85.0
3781,2026-04-18 17:27:32,15,35.0
3782,2026-04-18 17:27:32,16,40.0
3783,2026-04-18 17:27:32,17,70.0
3784,2026-04-18 17:27:32,18,40.0
3785,2026-04-18 17:27:32,19,50.0
3786,2026-04-18 17:27:32,20,25.0
3787,2026-04-18 17:27:32,21,60.0
3788,2026-04-18 17:27:32,50,50.0
3789,2026-04-18 17:27:32,51,85.56
3790,2026-04-18 17:27:32,52,83.03
3791,2026-04-18 17:27:32,53,82.99
3792,2026-04-18 17:27:32,54,80.83
3793,2026-04-18 17:27:32,55,83.64
3794,2026-04-18 17:27:32,56,78.44
3795,2026-04-18 17:28:02,11,120.0
3796,2026-04-18 17:28:02,12,35.0
3797,2026-04-18 17:28:02,13,65.0
3798,2026-04-18 17:28:02,14,85.0
3799,2026-04-18 17:28:02,15,35.0
3800,2026-04-18 17:28:02,16,40.0
3801,2026-04-18 17:28:02,17,70.0
3802,2026-04-18 17:28:02,18,40.0
3803,2026-04-18 17:28:02,19,50.0
3804,2026-04-18 17:28:02,20,25.0
3805,2026-04-18 17:28:02,21,60.0
3806,2026-04-18 17:28:02,50,50.0
3807,2026-04-18 17:28:02,51,85.47
3808,2026-04-18 17:28:02,52,82.7
3809,2026-04-18 17:28:02,53,82.87
3810,2026-04-18 17:28:02,54,81.11
3811,2026-04-18 17:28:02,55,83.77
3812,2026-04-18 17:28:02,56,78.17
3813,2026-04-18 17:28:32,11,120.0
3814,2026-04-18 17:28:32,12,35.0
3815,2026-04-18 17:28:32,13,65.0
3816,2026-04-18 17:28:32,14,85.0
3817,2026-04-18 17:28:32,15,35.0
3818,2026-04-18 17:28:32,16,40.0
3819,2026-04-18 17:28:32,17,70.0
3820,2026-04-18 17:28:32,18,40.0
3821,2026-04-18 17:28:32,19,50.0
3822,2026-04-18 17:28:32,20,25.0
3823,2026-04-18 17:28:32,21,60.0
3824,2026-04-18 17:28:32,50,50.0
3825,2026-04-18 17:28:32,51,85.21
3826,2026-04-18 17:28:32,52,82.82
3827,2026-04-18 17:28:32,53,82.95
3828,2026-04-18 17:28:32,54,80.79
3829,2026-04-18 17:28:32,55,83.43
3830,2026-04-18 17:28:32,56,78.52
3831,2026-04-18 17:29:02,11,120.0
3832,2026-04-18 17:29:02,12,35.0
3833,2026-04-18 17:29:02,13,65.0
3834,2026-04-18 17:29:02,14,85.0
3835,2026-04-18 17:29:02,15,35.0
3836,2026-04-18 17:29:02,16,40.0
3837,2026-04-18 17:29:02,17,70.0
3838,2026-04-18 17:29:02,18,40.0
3839,2026-04-18 17:29:02,19,50.0
3840,2026-04-18 17:29:02,20,25.0
3841,2026-04-18 17:29:02,21,60.0
3842,2026-04-18 17:29:02,50,50.0
3843,2026-04-18 17:29:02,51,85.72
3844,2026-04-18 17:29:02,52,82.78
3845,2026-04-18 17:29:02,53,83.41
3846,2026-04-18 17:29:02,54,80.67
3847,2026-04-18 17:29:02,55,83.56
3848,2026-04-18 17:29:02,56,78.87
3849,2026-04-18 17:29:32,11,120.0
3850,2026-04-18 17:29:32,12,35.0
3851,2026-04-18 17:29:32,13,65.0
3852,2026-04-18 17:29:32,14,85.0
3853,2026-04-18 17:29:32,15,35.0
3854,2026-04-18 17:29:32,16,40.0
3855,2026-04-18 17:29:32,17,70.0
3856,2026-04-18 17:29:32,18,40.0
3857,2026-04-18 17:29:32,19,50.0
3858,2026-04-18 17:29:32,20,25.0
3859,2026-04-18 17:29:32,21,60.0
3860,2026-04-18 17:29:32,50,50.0
3861,2026-04-18 17:29:33,51,85.55
3862,2026-04-18 17:29:33,52,83.15
3863,2026-04-18 17:29:33,53,83.66
3864,2026-04-18 17:29:33,54,80.51
3865,2026-04-18 17:29:33,55,83.73
3866,2026-04-18 17:29:33,56,78.79
3867,2026-04-18 17:30:03,11,120.0
3868,2026-04-18 17:30:03,12,35.0
3869,2026-04-18 17:30:03,13,65.0
3870,2026-04-18 17:30:03,14,85.0
3871,2026-04-18 17:30:03,15,35.0
3872,2026-04-18 17:30:03,16,40.0
3873,2026-04-18 17:30:03,17,70.0
3874,2026-04-18 17:30:03,18,40.0
3875,2026-04-18 17:30:03,19,50.0
3876,2026-04-18 17:30:03,20,25.0
3877,2026-04-18 17:30:03,21,60.0
3878,2026-04-18 17:30:03,50,50.0
3879,2026-04-18 17:30:03,51,86.02
3880,2026-04-18 17:30:03,52,83.19
3881,2026-04-18 17:30:03,53,83.53
3882,2026-04-18 17:30:03,54,80.15
3883,2026-04-18 17:30:03,55,83.73
3884,2026-04-18 17:30:03,56,78.67
3885,2026-04-18 17:30:33,11,120.0
3886,2026-04-18 17:30:33,12,35.0
3887,2026-04-18 17:30:33,13,65.0
3888,2026-04-18 17:30:33,14,85.0
3889,2026-04-18 17:30:33,15,35.0
3890,2026-04-18 17:30:33,16,40.0
3891,2026-04-18 17:30:33,17,70.0
3892,2026-04-18 17:30:33,18,40.0
3893,2026-04-18 17:30:33,19,50.0
3894,2026-04-18 17:30:33,20,25.0
3895,2026-04-18 17:30:33,21,60.0
3896,2026-04-18 17:30:33,50,50.0
3897,2026-04-18 17:30:33,51,85.89
3898,2026-04-18 17:30:33,52,83.69
3899,2026-04-18 17:30:33,53,83.49
3900,2026-04-18 17:30:33,54,79.63
3901,2026-04-18 17:30:33,55,84.15
3902,2026-04-18 17:30:33,56,78.51
3903,2026-04-18 17:31:03,11,120.0
3904,2026-04-18 17:31:03,12,35.0
3905,2026-04-18 17:31:03,13,65.0
3906,2026-04-18 17:31:03,14,85.0
3907,2026-04-18 17:31:03,15,35.0
3908,2026-04-18 17:31:03,16,40.0
3909,2026-04-18 17:31:03,17,70.0
3910,2026-04-18 17:31:03,18,40.0
3911,2026-04-18 17:31:03,19,50.0
3912,2026-04-18 17:31:03,20,25.0
3913,2026-04-18 17:31:03,21,60.0
3914,2026-04-18 17:31:03,50,50.0
3915,2026-04-18 17:31:03,51,86.06
3916,2026-04-18 17:31:03,52,83.36
3917,2026-04-18 17:31:03,53,83.49
3918,2026-04-18 17:31:03,54,79.11
3919,2026-04-18 17:31:03,55,83.86
3920,2026-04-18 17:31:03,56,78.86
3921,2026-04-18 17:31:33,11,120.0
3922,2026-04-18 17:31:33,12,35.0
3923,2026-04-18 17:31:33,13,65.0
3924,2026-04-18 17:31:33,14,85.0
3925,2026-04-18 17:31:33,15,35.0
3926,2026-04-18 17:31:33,16,40.0
3927,2026-04-18 17:31:33,17,70.0
3928,2026-04-18 17:31:33,18,40.0
3929,2026-04-18 17:31:33,19,50.0
3930,2026-04-18 17:31:33,20,25.0
3931,2026-04-18 17:31:33,21,60.0
3932,2026-04-18 17:31:33,50,50.0
3933,2026-04-18 17:31:33,51,85.93
3934,2026-04-18 17:31:33,52,83.4
3935,2026-04-18 17:31:33,53,83.74
3936,2026-04-18 17:31:33,54,78.79
3937,2026-04-18 17:31:33,55,84.15
3938,2026-04-18 17:31:33,56,78.66
3939,2026-04-18 17:32:03,11,120.0
3940,2026-04-18 17:32:03,12,35.0
3941,2026-04-18 17:32:03,13,65.0
3942,2026-04-18 17:32:03,14,85.0
3943,2026-04-18 17:32:03,15,35.0
3944,2026-04-18 17:32:03,16,40.0
3945,2026-04-18 17:32:03,17,70.0
3946,2026-04-18 17:32:03,18,40.0
3947,2026-04-18 17:32:03,19,50.0
3948,2026-04-18 17:32:03,20,25.0
3949,2026-04-18 17:32:03,21,60.0
3950,2026-04-18 17:32:03,50,50.0
3951,2026-04-18 17:32:03,51,86.27
3952,2026-04-18 17:32:03,52,83.11
3953,2026-04-18 17:32:03,53,84.24
3954,2026-04-18 17:32:03,54,78.47
3955,2026-04-18 17:32:03,55,84.23
3956,2026-04-18 17:32:03,56,78.58
3957,2026-04-18 17:32:33,11,120.0
3958,2026-04-18 17:32:33,12,35.0
3959,2026-04-18 17:32:33,13,65.0
3960,2026-04-18 17:32:33,14,85.0
3961,2026-04-18 17:32:33,15,35.0
3962,2026-04-18 17:32:33,16,40.0
3963,2026-04-18 17:32:33,17,70.0
3964,2026-04-18 17:32:33,18,40.0
3965,2026-04-18 17:32:33,19,50.0
3966,2026-04-18 17:32:33,20,25.0
3967,2026-04-18 17:32:33,21,60.0
3968,2026-04-18 17:32:33,50,50.0
3969,2026-04-18 17:32:33,51,86.18
3970,2026-04-18 17:32:33,52,82.86
3971,2026-04-18 17:32:33,53,84.96
3972,2026-04-18 17:32:33,54,78.39
3973,2026-04-18 17:32:33,55,84.57
3974,2026-04-18 17:32:33,56,79.01
3975,2026-04-18 17:33:03,11,120.0
3976,2026-04-18 17:33:03,12,35.0
3977,2026-04-18 17:33:03,13,65.0
3978,2026-04-18 17:33:03,14,85.0
3979,2026-04-18 17:33:03,15,35.0
3980,2026-04-18 17:33:03,16,40.0
3981,2026-04-18 17:33:03,17,70.0
3982,2026-04-18 17:33:03,18,40.0
3983,2026-04-18 17:33:03,19,50.0
3984,2026-04-18 17:33:03,20,25.0
3985,2026-04-18 17:33:03,21,60.0
3986,2026-04-18 17:33:03,50,50.0
3987,2026-04-18 17:33:03,51,86.27
3988,2026-04-18 17:33:03,52,82.65
3989,2026-04-18 17:33:03,53,85.68
3990,2026-04-18 17:33:03,54,78.66
3991,2026-04-18 17:33:03,55,84.49
3992,2026-04-18 17:33:03,56,79.25
3993,2026-04-18 17:33:33,11,120.0
3994,2026-04-18 17:33:33,12,35.0
3995,2026-04-18 17:33:33,13,65.0
3996,2026-04-18 17:33:33,14,85.0
3997,2026-04-18 17:33:33,15,35.0
3998,2026-04-18 17:33:33,16,40.0
3999,2026-04-18 17:33:33,17,70.0
4000,2026-04-18 17:33:33,18,40.0
4001,2026-04-18 17:33:33,19,50.0
4002,2026-04-18 17:33:33,20,25.0
4003,2026-04-18 17:33:33,21,60.0
4004,2026-04-18 17:33:33,50,50.0
4005,2026-04-18 17:33:33,51,86.79
4006,2026-04-18 17:33:33,52,82.65
4007,2026-04-18 17:33:33,53,86.32
4008,2026-04-18 17:33:33,54,78.74
4009,2026-04-18 17:33:33,55,84.19
4010,2026-04-18 17:33:33,56,79.13
4011,2026-04-18 17:34:03,11,120.0
4012,2026-04-18 17:34:03,12,35.0
4013,2026-04-18 17:34:03,13,65.0
4014,2026-04-18 17:34:03,14,85.0
4015,2026-04-18 17:34:03,15,35.0
4016,2026-04-18 17:34:03,16,40.0
4017,2026-04-18 17:34:03,17,70.0
4018,2026-04-18 17:34:03,18,40.0
4019,2026-04-18 17:34:03,19,50.0
4020,2026-04-18 17:34:03,20,25.0
4021,2026-04-18 17:34:03,21,60.0
4022,2026-04-18 17:34:03,50,50.0
4023,2026-04-18 17:34:03,51,87.09
4024,2026-04-18 17:34:03,52,82.61
4025,2026-04-18 17:34:03,53,86.58
4026,2026-04-18 17:34:03,54,78.86
4027,2026-04-18 17:34:03,55,84.36
4028,2026-04-18 17:34:03,56,79.13
4029,2026-04-18 17:34:33,11,120.0
4030,2026-04-18 17:34:33,12,35.0
4031,2026-04-18 17:34:33,13,65.0
4032,2026-04-18 17:34:33,14,85.0
4033,2026-04-18 17:34:33,15,35.0
4034,2026-04-18 17:34:33,16,40.0
4035,2026-04-18 17:34:33,17,70.0
4036,2026-04-18 17:34:33,18,40.0
4037,2026-04-18 17:34:33,19,50.0
4038,2026-04-18 17:34:33,20,25.0
4039,2026-04-18 17:34:33,21,60.0
4040,2026-04-18 17:34:33,50,50.0
4041,2026-04-18 17:34:33,51,87.18
4042,2026-04-18 17:34:33,52,82.78
4043,2026-04-18 17:34:33,53,86.71
4044,2026-04-18 17:34:33,54,78.9
4045,2026-04-18 17:34:33,55,84.02
4046,2026-04-18 17:34:33,56,78.85
4047,2026-04-18 17:35:03,11,120.0
4048,2026-04-18 17:35:03,12,35.0
4049,2026-04-18 17:35:04,13,65.0
4050,2026-04-18 17:35:04,14,85.0
4051,2026-04-18 17:35:04,15,35.0
4052,2026-04-18 17:35:04,16,40.0
4053,2026-04-18 17:35:04,17,70.0
4054,2026-04-18 17:35:04,18,40.0
4055,2026-04-18 17:35:04,19,50.0
4056,2026-04-18 17:35:04,20,25.0
4057,2026-04-18 17:35:04,21,60.0
4058,2026-04-18 17:35:04,50,50.0
4059,2026-04-18 17:35:04,51,87.27
4060,2026-04-18 17:35:04,52,82.53
4061,2026-04-18 17:35:04,53,87.45
4062,2026-04-18 17:35:04,54,79.06
4063,2026-04-18 17:35:04,55,83.98
4064,2026-04-18 17:35:04,56,78.53
4065,2026-04-18 17:35:34,11,120.0
4066,2026-04-18 17:35:34,12,35.0
4067,2026-04-18 17:35:34,13,65.0
4068,2026-04-18 17:35:34,14,85.0
4069,2026-04-18 17:35:34,15,35.0
4070,2026-04-18 17:35:34,16,40.0
4071,2026-04-18 17:35:34,17,70.0
4072,2026-04-18 17:35:34,18,40.0
4073,2026-04-18 17:35:34,19,50.0
4074,2026-04-18 17:35:34,20,25.0
4075,2026-04-18 17:35:34,21,60.0
4076,2026-04-18 17:35:34,50,50.0
4077,2026-04-18 17:35:34,51,87.75
4078,2026-04-18 17:35:34,52,82.78
4079,2026-04-18 17:35:34,53,87.67
4080,2026-04-18 17:35:34,54,78.82
4081,2026-04-18 17:35:34,55,84.48
4082,2026-04-18 17:35:34,56,78.57
4083,2026-04-18 17:36:04,11,120.0
4084,2026-04-18 17:36:04,12,35.0
4085,2026-04-18 17:36:04,13,65.0
4086,2026-04-18 17:36:04,14,85.0
4087,2026-04-18 17:36:04,15,35.0
4088,2026-04-18 17:36:04,16,40.0
4089,2026-04-18 17:36:04,17,70.0
4090,2026-04-18 17:36:04,18,40.0
4091,2026-04-18 17:36:04,19,50.0
4092,2026-04-18 17:36:04,20,25.0
4093,2026-04-18 17:36:04,21,60.0
4094,2026-04-18 17:36:04,50,50.0
4095,2026-04-18 17:36:04,51,88.01
4096,2026-04-18 17:36:04,52,83.11
4097,2026-04-18 17:36:04,53,87.98
4098,2026-04-18 17:36:04,54,79.1
4099,2026-04-18 17:36:04,55,84.61
4100,2026-04-18 17:36:04,56,78.73
4101,2026-04-18 17:36:34,11,120.0
4102,2026-04-18 17:36:34,12,35.0
4103,2026-04-18 17:36:34,13,65.0
4104,2026-04-18 17:36:34,14,85.0
4105,2026-04-18 17:36:34,15,35.0
4106,2026-04-18 17:36:34,16,40.0
4107,2026-04-18 17:36:34,17,70.0
4108,2026-04-18 17:36:34,18,40.0
4109,2026-04-18 17:36:34,19,50.0
4110,2026-04-18 17:36:34,20,25.0
4111,2026-04-18 17:36:34,21,60.0
4112,2026-04-18 17:36:34,50,50.0
4113,2026-04-18 17:36:34,51,87.79
4114,2026-04-18 17:36:34,52,82.78
4115,2026-04-18 17:36:34,53,88.42
4116,2026-04-18 17:36:34,54,78.59
4117,2026-04-18 17:36:34,55,84.44
4118,2026-04-18 17:36:34,56,78.97
4119,2026-04-18 17:37:04,11,120.0
4120,2026-04-18 17:37:04,12,35.0
4121,2026-04-18 17:37:04,13,65.0
4122,2026-04-18 17:37:04,14,85.0
4123,2026-04-18 17:37:04,15,35.0
4124,2026-04-18 17:37:04,16,40.0
4125,2026-04-18 17:37:04,17,70.0
4126,2026-04-18 17:37:04,18,40.0
4127,2026-04-18 17:37:04,19,50.0
4128,2026-04-18 17:37:04,20,25.0
4129,2026-04-18 17:37:04,21,60.0
4130,2026-04-18 17:37:04,50,50.0
4131,2026-04-18 17:37:04,51,88.1
4132,2026-04-18 17:37:04,52,82.74
4133,2026-04-18 17:37:04,53,88.77
4134,2026-04-18 17:37:04,54,78.51
4135,2026-04-18 17:37:04,55,84.82
4136,2026-04-18 17:37:04,56,79.25
4137,2026-04-18 17:37:34,11,120.0
4138,2026-04-18 17:37:34,12,35.0
4139,2026-04-18 17:37:34,13,65.0
4140,2026-04-18 17:37:34,14,85.0
4141,2026-04-18 17:37:34,15,35.0
4142,2026-04-18 17:37:34,16,40.0
4143,2026-04-18 17:37:34,17,70.0
4144,2026-04-18 17:37:34,18,40.0
4145,2026-04-18 17:37:34,19,50.0
4146,2026-04-18 17:37:34,20,25.0
4147,2026-04-18 17:37:34,21,60.0
4148,2026-04-18 17:37:34,50,50.0
4149,2026-04-18 17:37:34,51,87.97
4150,2026-04-18 17:37:34,52,82.57
4151,2026-04-18 17:37:34,53,88.99
4152,2026-04-18 17:37:34,54,78.08
4153,2026-04-18 17:37:34,55,84.86
4154,2026-04-18 17:37:34,56,79.17
4155,2026-04-18 17:38:04,11,120.0
4156,2026-04-18 17:38:04,12,35.0
4157,2026-04-18 17:38:04,13,65.0
4158,2026-04-18 17:38:04,14,85.0
4159,2026-04-18 17:38:04,15,35.0
4160,2026-04-18 17:38:04,16,40.0
4161,2026-04-18 17:38:04,17,70.0
4162,2026-04-18 17:38:04,18,40.0
4163,2026-04-18 17:38:04,19,50.0
4164,2026-04-18 17:38:04,20,25.0
4165,2026-04-18 17:38:04,21,60.0
4166,2026-04-18 17:38:04,50,50.0
4167,2026-04-18 17:38:04,51,88.28
4168,2026-04-18 17:38:04,52,82.65
4169,2026-04-18 17:38:04,53,89.26
4170,2026-04-18 17:38:04,54,78.12
4171,2026-04-18 17:38:04,55,84.61
4172,2026-04-18 17:38:04,56,79.37
4173,2026-04-18 17:38:34,11,120.0
4174,2026-04-18 17:38:34,12,35.0
4175,2026-04-18 17:38:34,13,65.0
4176,2026-04-18 17:38:34,14,85.0
4177,2026-04-18 17:38:34,15,35.0
4178,2026-04-18 17:38:34,16,40.0
4179,2026-04-18 17:38:34,17,70.0
4180,2026-04-18 17:38:34,18,40.0
4181,2026-04-18 17:38:34,19,50.0
4182,2026-04-18 17:38:34,20,25.0
4183,2026-04-18 17:38:34,21,60.0
4184,2026-04-18 17:38:34,50,50.0
4185,2026-04-18 17:38:34,51,88.72
4186,2026-04-18 17:38:34,52,82.9
4187,2026-04-18 17:38:34,53,89.8
4188,2026-04-18 17:38:34,54,78.28
4189,2026-04-18 17:38:34,55,84.65
4190,2026-04-18 17:38:34,56,79.37
4191,2026-04-18 17:39:04,11,120.0
4192,2026-04-18 17:39:04,12,35.0
4193,2026-04-18 17:39:04,13,65.0
4194,2026-04-18 17:39:04,14,85.0
4195,2026-04-18 17:39:04,15,35.0
4196,2026-04-18 17:39:04,16,40.0
4197,2026-04-18 17:39:04,17,70.0
4198,2026-04-18 17:39:04,18,40.0
4199,2026-04-18 17:39:04,19,50.0
4200,2026-04-18 17:39:04,20,25.0
4201,2026-04-18 17:39:04,21,60.0
4202,2026-04-18 17:39:04,50,50.0
4203,2026-04-18 17:39:04,51,88.37
4204,2026-04-18 17:39:04,52,82.73
4205,2026-04-18 17:39:04,53,89.76
4206,2026-04-18 17:39:04,54,78.36
4207,2026-04-18 17:39:04,55,84.78
4208,2026-04-18 17:39:04,56,79.29
4209,2026-04-18 17:39:34,11,120.0
4210,2026-04-18 17:39:34,12,35.0
4211,2026-04-18 17:39:34,13,65.0
4212,2026-04-18 17:39:34,14,85.0
4213,2026-04-18 17:39:34,15,35.0
4214,2026-04-18 17:39:34,16,40.0
4215,2026-04-18 17:39:34,17,70.0
4216,2026-04-18 17:39:34,18,40.0
4217,2026-04-18 17:39:34,19,50.0
4218,2026-04-18 17:39:34,20,25.0
4219,2026-04-18 17:39:34,21,60.0
4220,2026-04-18 17:39:34,50,50.0
4221,2026-04-18 17:39:34,51,88.33
4222,2026-04-18 17:39:34,52,83.1
4223,2026-04-18 17:39:34,53,89.31
4224,2026-04-18 17:39:34,54,78.44
4225,2026-04-18 17:39:34,55,84.78
4226,2026-04-18 17:39:34,56,79.53
4227,2026-04-18 17:40:04,11,120.0
4228,2026-04-18 17:40:04,12,35.0
4229,2026-04-18 17:40:04,13,65.0
4230,2026-04-18 17:40:04,14,85.0
4231,2026-04-18 17:40:04,15,35.0
4232,2026-04-18 17:40:04,16,40.0
4233,2026-04-18 17:40:04,17,70.0
4234,2026-04-18 17:40:04,18,40.0
4235,2026-04-18 17:40:04,19,50.0
4236,2026-04-18 17:40:04,20,25.0
4237,2026-04-18 17:40:04,21,60.0
4238,2026-04-18 17:40:04,50,50.0
4239,2026-04-18 17:40:04,51,88.51
4240,2026-04-18 17:40:04,52,83.27
4241,2026-04-18 17:40:04,53,89.31
4242,2026-04-18 17:40:04,54,78.28
4243,2026-04-18 17:40:04,55,84.44
4244,2026-04-18 17:40:04,56,79.65
4245,2026-04-18 17:40:35,11,120.0
4246,2026-04-18 17:40:35,12,35.0
4247,2026-04-18 17:40:35,13,65.0
4248,2026-04-18 17:40:35,14,85.0
4249,2026-04-18 17:40:35,15,35.0
4250,2026-04-18 17:40:35,16,40.0
4251,2026-04-18 17:40:35,17,70.0
4252,2026-04-18 17:40:35,18,40.0
4253,2026-04-18 17:40:35,19,50.0
4254,2026-04-18 17:40:35,20,25.0
4255,2026-04-18 17:40:35,21,60.0
4256,2026-04-18 17:40:35,50,50.0
4257,2026-04-18 17:40:35,51,88.82
4258,2026-04-18 17:40:35,52,83.56
4259,2026-04-18 17:40:35,53,89.22
4260,2026-04-18 17:40:35,54,78.4
4261,2026-04-18 17:40:35,55,84.57
4262,2026-04-18 17:40:35,56,79.49
4263,2026-04-18 17:41:05,11,120.0
4264,2026-04-18 17:41:05,12,35.0
4265,2026-04-18 17:41:05,13,65.0
4266,2026-04-18 17:41:05,14,85.0
4267,2026-04-18 17:41:05,15,35.0
4268,2026-04-18 17:41:05,16,40.0
4269,2026-04-18 17:41:05,17,70.0
4270,2026-04-18 17:41:05,18,40.0
4271,2026-04-18 17:41:05,19,50.0
4272,2026-04-18 17:41:05,20,25.0
4273,2026-04-18 17:41:05,21,60.0
4274,2026-04-18 17:41:05,50,50.0
4275,2026-04-18 17:41:05,51,88.55
4276,2026-04-18 17:41:05,52,83.48
4277,2026-04-18 17:41:05,53,88.86
4278,2026-04-18 17:41:05,54,78.44
4279,2026-04-18 17:41:05,55,85.08
4280,2026-04-18 17:41:05,56,79.89
4281,2026-04-18 17:41:35,11,120.0
4282,2026-04-18 17:41:35,12,35.0
4283,2026-04-18 17:41:35,13,65.0
4284,2026-04-18 17:41:35,14,85.0
4285,2026-04-18 17:41:35,15,35.0
4286,2026-04-18 17:41:35,16,40.0
4287,2026-04-18 17:41:35,17,70.0
4288,2026-04-18 17:41:35,18,40.0
4289,2026-04-18 17:41:35,19,50.0
4290,2026-04-18 17:41:35,20,25.0
4291,2026-04-18 17:41:35,21,60.0
4292,2026-04-18 17:41:35,50,50.0
4293,2026-04-18 17:41:35,51,88.77
4294,2026-04-18 17:41:35,52,83.27
4295,2026-04-18 17:41:35,53,88.5
4296,2026-04-18 17:41:35,54,78.52
4297,2026-04-18 17:41:35,55,85.17
4298,2026-04-18 17:41:35,56,79.57
4299,2026-04-18 17:42:05,11,120.0
4300,2026-04-18 17:42:05,12,35.0
4301,2026-04-18 17:42:05,13,65.0
4302,2026-04-18 17:42:05,14,85.0
4303,2026-04-18 17:42:05,15,35.0
4304,2026-04-18 17:42:05,16,40.0
4305,2026-04-18 17:42:05,17,70.0
4306,2026-04-18 17:42:05,18,40.0
4307,2026-04-18 17:42:05,19,50.0
4308,2026-04-18 17:42:05,20,25.0
4309,2026-04-18 17:42:05,21,60.0
4310,2026-04-18 17:42:05,50,50.0
4311,2026-04-18 17:42:05,51,89.21
4312,2026-04-18 17:42:05,52,83.56
4313,2026-04-18 17:42:05,53,88.01
4314,2026-04-18 17:42:05,54,78.44
4315,2026-04-18 17:42:05,55,85.38
4316,2026-04-18 17:42:05,56,79.53
4317,2026-04-18 17:42:35,11,120.0
4318,2026-04-18 17:42:35,12,35.0
4319,2026-04-18 17:42:35,13,65.0
4320,2026-04-18 17:42:35,14,85.0
4321,2026-04-18 17:42:35,15,35.0
4322,2026-04-18 17:42:35,16,40.0
4323,2026-04-18 17:42:35,17,70.0
4324,2026-04-18 17:42:35,18,40.0
4325,2026-04-18 17:42:35,19,50.0
4326,2026-04-18 17:42:35,20,25.0
4327,2026-04-18 17:42:35,21,60.0
4328,2026-04-18 17:42:35,50,50.0
4329,2026-04-18 17:42:35,51,89.7
4330,2026-04-18 17:42:35,52,83.23
4331,2026-04-18 17:42:35,53,88.19
4332,2026-04-18 17:42:35,54,78.71
4333,2026-04-18 17:42:35,55,85.38
4334,2026-04-18 17:42:35,56,79.77
4335,2026-04-18 17:43:05,11,120.0
4336,2026-04-18 17:43:05,12,35.0
4337,2026-04-18 17:43:05,13,65.0
4338,2026-04-18 17:43:05,14,85.0
4339,2026-04-18 17:43:05,15,35.0
4340,2026-04-18 17:43:05,16,40.0
4341,2026-04-18 17:43:05,17,70.0
4342,2026-04-18 17:43:05,18,40.0
4343,2026-04-18 17:43:05,19,50.0
4344,2026-04-18 17:43:05,20,25.0
4345,2026-04-18 17:43:05,21,60.0
4346,2026-04-18 17:43:05,50,50.0
4347,2026-04-18 17:43:05,51,89.57
4348,2026-04-18 17:43:05,52,83.11
4349,2026-04-18 17:43:05,53,87.93
4350,2026-04-18 17:43:05,54,78.4
4351,2026-04-18 17:43:05,55,85.08
4352,2026-04-18 17:43:05,56,79.69
4353,2026-04-18 17:43:35,11,120.0
4354,2026-04-18 17:43:35,12,35.0
4355,2026-04-18 17:43:35,13,65.0
4356,2026-04-18 17:43:35,14,85.0
4357,2026-04-18 17:43:35,15,35.0
4358,2026-04-18 17:43:35,16,40.0
4359,2026-04-18 17:43:35,17,70.0
4360,2026-04-18 17:43:35,18,40.0
4361,2026-04-18 17:43:35,19,50.0
4362,2026-04-18 17:43:35,20,25.0
4363,2026-04-18 17:43:35,21,60.0
4364,2026-04-18 17:43:35,50,50.0
4365,2026-04-18 17:43:35,51,89.61
4366,2026-04-18 17:43:35,52,82.94
4367,2026-04-18 17:43:35,53,88.15
4368,2026-04-18 17:43:35,54,78.16
4369,2026-04-18 17:43:35,55,84.78
4370,2026-04-18 17:43:35,56,79.41
4371,2026-04-18 17:44:05,11,120.0
4372,2026-04-18 17:44:05,12,35.0
4373,2026-04-18 17:44:05,13,65.0
4374,2026-04-18 17:44:05,14,85.0
4375,2026-04-18 17:44:05,15,35.0
4376,2026-04-18 17:44:05,16,40.0
4377,2026-04-18 17:44:05,17,70.0
4378,2026-04-18 17:44:05,18,40.0
4379,2026-04-18 17:44:05,19,50.0
4380,2026-04-18 17:44:05,20,25.0
4381,2026-04-18 17:44:05,21,60.0
4382,2026-04-18 17:44:05,50,50.0
4383,2026-04-18 17:44:05,51,89.88
4384,2026-04-18 17:44:05,52,82.61
4385,2026-04-18 17:44:05,53,87.62
4386,2026-04-18 17:44:05,54,77.77
4387,2026-04-18 17:44:05,55,84.95
4388,2026-04-18 17:44:05,56,79.65
4389,2026-04-18 17:44:35,11,120.0
4390,2026-04-18 17:44:35,12,35.0
4391,2026-04-18 17:44:35,13,65.0
4392,2026-04-18 17:44:35,14,85.0
4393,2026-04-18 17:44:35,15,35.0
4394,2026-04-18 17:44:35,16,40.0
4395,2026-04-18 17:44:35,17,70.0
4396,2026-04-18 17:44:35,18,40.0
4397,2026-04-18 17:44:35,19,50.0
4398,2026-04-18 17:44:35,20,25.0
4399,2026-04-18 17:44:35,21,60.0
4400,2026-04-18 17:44:35,50,50.0
4401,2026-04-18 17:44:35,51,89.52
4402,2026-04-18 17:44:35,52,82.24
4403,2026-04-18 17:44:35,53,87.93
4404,2026-04-18 17:44:35,54,77.93
4405,2026-04-18 17:44:35,55,84.82
4406,2026-04-18 17:44:35,56,80.13
4407,2026-04-18 17:45:05,11,120.0
4408,2026-04-18 17:45:05,12,35.0
4409,2026-04-18 17:45:05,13,65.0
4410,2026-04-18 17:45:05,14,85.0
4411,2026-04-18 17:45:05,15,35.0
4412,2026-04-18 17:45:05,16,40.0
4413,2026-04-18 17:45:05,17,70.0
4414,2026-04-18 17:45:05,18,40.0
4415,2026-04-18 17:45:05,19,50.0
4416,2026-04-18 17:45:05,20,25.0
4417,2026-04-18 17:45:05,21,60.0
4418,2026-04-18 17:45:05,50,50.0
4419,2026-04-18 17:45:05,51,89.21
4420,2026-04-18 17:45:05,52,81.71
4421,2026-04-18 17:45:05,53,87.75
4422,2026-04-18 17:45:05,54,77.89
4423,2026-04-18 17:45:05,55,85.16
4424,2026-04-18 17:45:05,56,80.09
4425,2026-04-18 17:45:35,11,120.0
4426,2026-04-18 17:45:35,12,35.0
4427,2026-04-18 17:45:35,13,65.0
4428,2026-04-18 17:45:35,14,85.0
4429,2026-04-18 17:45:35,15,35.0
4430,2026-04-18 17:45:35,16,40.0
4431,2026-04-18 17:45:35,17,70.0
4432,2026-04-18 17:45:35,18,40.0
4433,2026-04-18 17:45:36,19,50.0
4434,2026-04-18 17:45:36,20,25.0
4435,2026-04-18 17:45:36,21,60.0
4436,2026-04-18 17:45:36,50,50.0
4437,2026-04-18 17:45:36,51,89.61
4438,2026-04-18 17:45:36,52,81.83
4439,2026-04-18 17:45:36,53,87.4
4440,2026-04-18 17:45:36,54,77.66
4441,2026-04-18 17:45:36,55,85.33
4442,2026-04-18 17:45:36,56,79.85
4443,2026-04-18 17:46:06,11,120.0
4444,2026-04-18 17:46:06,12,35.0
4445,2026-04-18 17:46:06,13,65.0
4446,2026-04-18 17:46:06,14,85.0
4447,2026-04-18 17:46:06,15,35.0
4448,2026-04-18 17:46:06,16,40.0
4449,2026-04-18 17:46:06,17,70.0
4450,2026-04-18 17:46:06,18,40.0
4451,2026-04-18 17:46:06,19,50.0
4452,2026-04-18 17:46:06,20,25.0
4453,2026-04-18 17:46:06,21,60.0
4454,2026-04-18 17:46:06,50,50.0
4455,2026-04-18 17:46:06,51,89.92
4456,2026-04-18 17:46:06,52,81.91
4457,2026-04-18 17:46:06,53,87.14
4458,2026-04-18 17:46:06,54,77.47
4459,2026-04-18 17:46:06,55,85.63
4460,2026-04-18 17:46:06,56,79.61
4461,2026-04-18 17:46:36,11,120.0
4462,2026-04-18 17:46:36,12,35.0
4463,2026-04-18 17:46:36,13,65.0
4464,2026-04-18 17:46:36,14,85.0
4465,2026-04-18 17:46:36,15,35.0
4466,2026-04-18 17:46:36,16,40.0
4467,2026-04-18 17:46:36,17,70.0
4468,2026-04-18 17:46:36,18,40.0
4469,2026-04-18 17:46:36,19,50.0
4470,2026-04-18 17:46:36,20,25.0
4471,2026-04-18 17:46:36,21,60.0
4472,2026-04-18 17:46:36,50,50.0
4473,2026-04-18 17:46:36,51,89.65
4474,2026-04-18 17:46:36,52,82.03
4475,2026-04-18 17:46:36,53,86.75
4476,2026-04-18 17:46:36,54,77.24
4477,2026-04-18 17:46:36,55,85.93
4478,2026-04-18 17:46:36,56,79.65
4479,2026-04-18 17:47:06,11,120.0
4480,2026-04-18 17:47:06,12,35.0
4481,2026-04-18 17:47:06,13,65.0
4482,2026-04-18 17:47:06,14,85.0
4483,2026-04-18 17:47:06,15,35.0
4484,2026-04-18 17:47:06,16,40.0
4485,2026-04-18 17:47:06,17,70.0
4486,2026-04-18 17:47:06,18,40.0
4487,2026-04-18 17:47:06,19,50.0
4488,2026-04-18 17:47:06,20,25.0
4489,2026-04-18 17:47:06,21,60.0
4490,2026-04-18 17:47:06,50,50.0
4491,2026-04-18 17:47:06,51,89.56
4492,2026-04-18 17:47:06,52,81.74
4493,2026-04-18 17:47:06,53,87.05
4494,2026-04-18 17:47:06,54,77.12
4495,2026-04-18 17:47:06,55,85.8
4496,2026-04-18 17:47:06,56,79.37
4497,2026-04-18 17:47:36,11,120.0
4498,2026-04-18 17:47:36,12,35.0
4499,2026-04-18 17:47:36,13,65.0
4500,2026-04-18 17:47:36,14,85.0
4501,2026-04-18 17:47:36,15,35.0
4502,2026-04-18 17:47:36,16,40.0
4503,2026-04-18 17:47:36,17,70.0
4504,2026-04-18 17:47:36,18,40.0
4505,2026-04-18 17:47:36,19,50.0
4506,2026-04-18 17:47:36,20,25.0
4507,2026-04-18 17:47:36,21,60.0
4508,2026-04-18 17:47:36,50,50.0
4509,2026-04-18 17:47:36,51,89.47
4510,2026-04-18 17:47:36,52,81.29
4511,2026-04-18 17:47:36,53,87.18
4512,2026-04-18 17:47:36,54,77.08
4513,2026-04-18 17:47:36,55,85.54
4514,2026-04-18 17:47:36,56,79.33
4515,2026-04-18 17:48:06,11,120.0
4516,2026-04-18 17:48:06,12,35.0
4517,2026-04-18 17:48:06,13,65.0
4518,2026-04-18 17:48:06,14,85.0
4519,2026-04-18 17:48:06,15,35.0
4520,2026-04-18 17:48:06,16,40.0
4521,2026-04-18 17:48:06,17,70.0
4522,2026-04-18 17:48:06,18,40.0
4523,2026-04-18 17:48:06,19,50.0
4524,2026-04-18 17:48:06,20,25.0
4525,2026-04-18 17:48:06,21,60.0
4526,2026-04-18 17:48:06,50,50.0
4527,2026-04-18 17:48:06,51,89.2
4528,2026-04-18 17:48:06,52,81.25
4529,2026-04-18 17:48:06,53,86.61
4530,2026-04-18 17:48:06,54,76.93
4531,2026-04-18 17:48:06,55,85.92
4532,2026-04-18 17:48:06,56,79.05
4533,2026-04-18 17:48:36,11,120.0
4534,2026-04-18 17:48:36,12,35.0
4535,2026-04-18 17:48:36,13,65.0
4536,2026-04-18 17:48:36,14,85.0
4537,2026-04-18 17:48:36,15,35.0
4538,2026-04-18 17:48:36,16,40.0
4539,2026-04-18 17:48:36,17,70.0
4540,2026-04-18 17:48:36,18,40.0
4541,2026-04-18 17:48:36,19,50.0
4542,2026-04-18 17:48:36,20,25.0
4543,2026-04-18 17:48:36,21,60.0
4544,2026-04-18 17:48:36,50,50.0
4545,2026-04-18 17:48:36,51,89.56
4546,2026-04-18 17:48:36,52,80.97
4547,2026-04-18 17:48:36,53,86.52
4548,2026-04-18 17:48:36,54,76.51
4549,2026-04-18 17:48:36,55,86.22
4550,2026-04-18 17:48:36,56,79.48
4551,2026-04-18 17:49:06,11,120.0
4552,2026-04-18 17:49:06,12,35.0
4553,2026-04-18 17:49:06,13,65.0
4554,2026-04-18 17:49:06,14,85.0
4555,2026-04-18 17:49:06,15,35.0
4556,2026-04-18 17:49:06,16,40.0
4557,2026-04-18 17:49:06,17,70.0
4558,2026-04-18 17:49:06,18,40.0
4559,2026-04-18 17:49:06,19,50.0
4560,2026-04-18 17:49:06,20,25.0
4561,2026-04-18 17:49:06,21,60.0
4562,2026-04-18 17:49:06,50,50.0
4563,2026-04-18 17:49:06,51,89.47
4564,2026-04-18 17:49:06,52,80.61
4565,2026-04-18 17:49:06,53,86.52
4566,2026-04-18 17:49:06,54,76.78
4567,2026-04-18 17:49:06,55,86.69
4568,2026-04-18 17:49:06,56,79.32
4569,2026-04-18 17:49:36,11,120.0
4570,2026-04-18 17:49:36,12,35.0
4571,2026-04-18 17:49:36,13,65.0
4572,2026-04-18 17:49:36,14,85.0
4573,2026-04-18 17:49:36,15,35.0
4574,2026-04-18 17:49:36,16,40.0
4575,2026-04-18 17:49:36,17,70.0
4576,2026-04-18 17:49:36,18,40.0
4577,2026-04-18 17:49:36,19,50.0
4578,2026-04-18 17:49:36,20,25.0
4579,2026-04-18 17:49:36,21,60.0
4580,2026-04-18 17:49:36,50,50.0
4581,2026-04-18 17:49:36,51,89.6
4582,2026-04-18 17:49:36,52,80.33
4583,2026-04-18 17:49:36,53,86.78
4584,2026-04-18 17:49:36,54,76.66
4585,2026-04-18 17:49:36,55,86.99
4586,2026-04-18 17:49:36,56,79.16
4587,2026-04-18 17:50:06,11,120.0
4588,2026-04-18 17:50:06,12,35.0
4589,2026-04-18 17:50:06,13,65.0
4590,2026-04-18 17:50:06,14,85.0
4591,2026-04-18 17:50:06,15,35.0
4592,2026-04-18 17:50:06,16,40.0
4593,2026-04-18 17:50:06,17,70.0
4594,2026-04-18 17:50:06,18,40.0
4595,2026-04-18 17:50:06,19,50.0
4596,2026-04-18 17:50:06,20,25.0
4597,2026-04-18 17:50:06,21,60.0
4598,2026-04-18 17:50:06,50,50.0
4599,2026-04-18 17:50:06,51,90.0
4600,2026-04-18 17:50:06,52,80.45
4601,2026-04-18 17:50:06,53,86.26
4602,2026-04-18 17:50:06,54,76.77
4603,2026-04-18 17:50:06,55,86.9
4604,2026-04-18 17:50:06,56,79.0
4605,2026-04-18 17:50:36,11,120.0
4606,2026-04-18 17:50:36,12,35.0
4607,2026-04-18 17:50:36,13,65.0
4608,2026-04-18 17:50:36,14,85.0
4609,2026-04-18 17:50:36,15,35.0
4610,2026-04-18 17:50:36,16,40.0
4611,2026-04-18 17:50:36,17,70.0
4612,2026-04-18 17:50:36,18,40.0
4613,2026-04-18 17:50:36,19,50.0
4614,2026-04-18 17:50:36,20,25.0
4615,2026-04-18 17:50:36,21,60.0
4616,2026-04-18 17:50:36,50,50.0
4617,2026-04-18 17:50:36,51,90.72
4618,2026-04-18 17:50:36,52,80.61
4619,2026-04-18 17:50:36,53,86.0
4620,2026-04-18 17:50:36,54,76.35
4621,2026-04-18 17:50:36,55,87.38
4622,2026-04-18 17:50:36,56,78.88
4623,2026-04-18 17:51:06,11,120.0
4624,2026-04-18 17:51:07,12,35.0
4625,2026-04-18 17:51:07,13,65.0
4626,2026-04-18 17:51:07,14,85.0
4627,2026-04-18 17:51:07,15,35.0
4628,2026-04-18 17:51:07,16,40.0
4629,2026-04-18 17:51:07,17,70.0
4630,2026-04-18 17:51:07,18,40.0
4631,2026-04-18 17:51:07,19,50.0
4632,2026-04-18 17:51:07,20,25.0
4633,2026-04-18 17:51:07,21,60.0
4634,2026-04-18 17:51:07,50,50.0
4635,2026-04-18 17:51:07,51,91.17
4636,2026-04-18 17:51:07,52,80.41
4637,2026-04-18 17:51:07,53,86.21
4638,2026-04-18 17:51:07,54,75.85
4639,2026-04-18 17:51:07,55,87.07
4640,2026-04-18 17:51:07,56,79.0
4641,2026-04-18 17:51:37,11,120.0
4642,2026-04-18 17:51:37,12,35.0
4643,2026-04-18 17:51:37,13,65.0
4644,2026-04-18 17:51:37,14,85.0
4645,2026-04-18 17:51:37,15,35.0
4646,2026-04-18 17:51:37,16,40.0
4647,2026-04-18 17:51:37,17,70.0
4648,2026-04-18 17:51:37,18,40.0
4649,2026-04-18 17:51:37,19,50.0
4650,2026-04-18 17:51:37,20,25.0
4651,2026-04-18 17:51:37,21,60.0
4652,2026-04-18 17:51:37,50,50.0
4653,2026-04-18 17:51:37,51,91.17
4654,2026-04-18 17:51:37,52,80.69
4655,2026-04-18 17:51:37,53,85.78
4656,2026-04-18 17:51:37,54,76.04
4657,2026-04-18 17:51:37,55,87.07
4658,2026-04-18 17:51:37,56,78.88
4659,2026-04-18 17:52:07,11,120.0
4660,2026-04-18 17:52:07,12,35.0
4661,2026-04-18 17:52:07,13,65.0
4662,2026-04-18 17:52:07,14,85.0
4663,2026-04-18 17:52:07,15,35.0
4664,2026-04-18 17:52:07,16,40.0
4665,2026-04-18 17:52:07,17,70.0
4666,2026-04-18 17:52:07,18,40.0
4667,2026-04-18 17:52:07,19,50.0
4668,2026-04-18 17:52:07,20,25.0
4669,2026-04-18 17:52:07,21,60.0
4670,2026-04-18 17:52:07,50,50.0
4671,2026-04-18 17:52:07,51,91.53
4672,2026-04-18 17:52:07,52,80.57
4673,2026-04-18 17:52:07,53,85.99
4674,2026-04-18 17:52:07,54,75.74
4675,2026-04-18 17:52:07,55,87.42
4676,2026-04-18 17:52:07,56,78.56
4677,2026-04-18 17:52:37,11,120.0
4678,2026-04-18 17:52:37,12,35.0
4679,2026-04-18 17:52:37,13,65.0
4680,2026-04-18 17:52:37,14,85.0
4681,2026-04-18 17:52:37,15,35.0
4682,2026-04-18 17:52:37,16,40.0
4683,2026-04-18 17:52:37,17,70.0
4684,2026-04-18 17:52:37,18,40.0
4685,2026-04-18 17:52:37,19,50.0
4686,2026-04-18 17:52:37,20,25.0
4687,2026-04-18 17:52:37,21,60.0
4688,2026-04-18 17:52:37,50,50.0
4689,2026-04-18 17:52:37,51,91.58
4690,2026-04-18 17:52:37,52,80.37
4691,2026-04-18 17:52:37,53,86.03
4692,2026-04-18 17:52:37,54,75.7
4693,2026-04-18 17:52:37,55,87.25
4694,2026-04-18 17:52:37,56,78.8
4695,2026-04-18 17:53:07,11,120.0
4696,2026-04-18 17:53:07,12,35.0
4697,2026-04-18 17:53:07,13,65.0
4698,2026-04-18 17:53:07,14,85.0
4699,2026-04-18 17:53:07,15,35.0
4700,2026-04-18 17:53:07,16,40.0
4701,2026-04-18 17:53:07,17,70.0
4702,2026-04-18 17:53:07,18,40.0
4703,2026-04-18 17:53:07,19,50.0
4704,2026-04-18 17:53:07,20,25.0
4705,2026-04-18 17:53:07,21,60.0
4706,2026-04-18 17:53:07,50,50.0
4707,2026-04-18 17:53:07,51,91.72
4708,2026-04-18 17:53:07,52,80.13
4709,2026-04-18 17:53:07,53,86.29
4710,2026-04-18 17:53:07,54,75.85
4711,2026-04-18 17:53:07,55,87.42
4712,2026-04-18 17:53:07,56,78.6
4713,2026-04-18 17:53:37,11,120.0
4714,2026-04-18 17:53:37,12,35.0
4715,2026-04-18 17:53:37,13,65.0
4716,2026-04-18 17:53:37,14,85.0
4717,2026-04-18 17:53:37,15,35.0
4718,2026-04-18 17:53:37,16,40.0
4719,2026-04-18 17:53:37,17,70.0
4720,2026-04-18 17:53:37,18,40.0
4721,2026-04-18 17:53:37,19,50.0
4722,2026-04-18 17:53:37,20,25.0
4723,2026-04-18 17:53:37,21,60.0
4724,2026-04-18 17:53:37,50,50.0
4725,2026-04-18 17:53:37,51,92.09
4726,2026-04-18 17:53:37,52,80.29
4727,2026-04-18 17:53:37,53,86.07
4728,2026-04-18 17:53:37,54,75.62
4729,2026-04-18 17:53:37,55,87.29
4730,2026-04-18 17:53:38,56,78.84
4731,2026-04-18 17:54:08,11,120.0
4732,2026-04-18 17:54:08,12,35.0
4733,2026-04-18 17:54:08,13,65.0
4734,2026-04-18 17:54:08,14,85.0
4735,2026-04-18 17:54:08,15,35.0
4736,2026-04-18 17:54:08,16,40.0
4737,2026-04-18 17:54:08,17,70.0
4738,2026-04-18 17:54:08,18,40.0
4739,2026-04-18 17:54:08,19,50.0
4740,2026-04-18 17:54:08,20,25.0
4741,2026-04-18 17:54:08,21,60.0
4742,2026-04-18 17:54:08,50,50.0
4743,2026-04-18 17:54:08,51,92.78
4744,2026-04-18 17:54:08,52,80.57
4745,2026-04-18 17:54:08,53,86.07
4746,2026-04-18 17:54:08,54,75.7
4747,2026-04-18 17:54:08,55,87.55
4748,2026-04-18 17:54:08,56,78.56
4749,2026-04-18 17:54:38,11,120.0
4750,2026-04-18 17:54:38,12,35.0
4751,2026-04-18 17:54:38,13,65.0
4752,2026-04-18 17:54:38,14,85.0
4753,2026-04-18 17:54:38,15,35.0
4754,2026-04-18 17:54:38,16,40.0
4755,2026-04-18 17:54:38,17,70.0
4756,2026-04-18 17:54:38,18,40.0
4757,2026-04-18 17:54:38,19,50.0
4758,2026-04-18 17:54:38,20,25.0
4759,2026-04-18 17:54:38,21,60.0
4760,2026-04-18 17:54:38,50,50.0
4761,2026-04-18 17:54:38,51,93.29
4762,2026-04-18 17:54:38,52,80.17
4763,2026-04-18 17:54:38,53,85.94
4764,2026-04-18 17:54:38,54,75.28
4765,2026-04-18 17:54:38,55,87.73
4766,2026-04-18 17:54:38,56,78.25
4767,2026-04-18 17:55:08,11,120.0
4768,2026-04-18 17:55:08,12,35.0
4769,2026-04-18 17:55:08,13,65.0
4770,2026-04-18 17:55:08,14,85.0
4771,2026-04-18 17:55:08,15,35.0
4772,2026-04-18 17:55:08,16,40.0
4773,2026-04-18 17:55:08,17,70.0
4774,2026-04-18 17:55:08,18,40.0
4775,2026-04-18 17:55:08,19,50.0
4776,2026-04-18 17:55:08,20,25.0
4777,2026-04-18 17:55:08,21,60.0
4778,2026-04-18 17:55:08,50,50.0
4779,2026-04-18 17:55:08,51,93.76
4780,2026-04-18 17:55:08,52,79.81
4781,2026-04-18 17:55:08,53,85.9
4782,2026-04-18 17:55:08,54,75.02
4783,2026-04-18 17:55:08,55,87.86
4784,2026-04-18 17:55:08,56,78.33
4785,2026-04-18 17:55:38,11,120.0
4786,2026-04-18 17:55:38,12,35.0
4787,2026-04-18 17:55:38,13,65.0
4788,2026-04-18 17:55:38,14,85.0
4789,2026-04-18 17:55:38,15,35.0
4790,2026-04-18 17:55:38,16,40.0
4791,2026-04-18 17:55:38,17,70.0
4792,2026-04-18 17:55:38,18,40.0
4793,2026-04-18 17:55:38,19,50.0
4794,2026-04-18 17:55:38,20,25.0
4795,2026-04-18 17:55:38,21,60.0
4796,2026-04-18 17:55:38,50,50.0
4797,2026-04-18 17:55:38,51,93.62
4798,2026-04-18 17:55:38,52,80.09
4799,2026-04-18 17:55:38,53,85.69
4800,2026-04-18 17:55:38,54,75.0
4801,2026-04-18 17:55:38,55,88.21
4802,2026-04-18 17:55:38,56,78.33
4803,2026-04-18 17:56:08,11,120.0
4804,2026-04-18 17:56:08,12,35.0
4805,2026-04-18 17:56:08,13,65.0
4806,2026-04-18 17:56:08,14,85.0
4807,2026-04-18 17:56:08,15,35.0
4808,2026-04-18 17:56:08,16,40.0
4809,2026-04-18 17:56:08,17,70.0
4810,2026-04-18 17:56:08,18,40.0
4811,2026-04-18 17:56:08,19,50.0
4812,2026-04-18 17:56:08,20,25.0
4813,2026-04-18 17:56:08,21,60.0
4814,2026-04-18 17:56:08,50,50.0
4815,2026-04-18 17:56:08,51,94.23
4816,2026-04-18 17:56:08,52,80.13
4817,2026-04-18 17:56:08,53,85.39
4818,2026-04-18 17:56:08,54,75.0
4819,2026-04-18 17:56:08,55,87.99
4820,2026-04-18 17:56:08,56,78.72
4821,2026-04-18 17:56:38,11,120.0
4822,2026-04-18 17:56:38,12,35.0
4823,2026-04-18 17:56:38,13,65.0
4824,2026-04-18 17:56:38,14,85.0
4825,2026-04-18 17:56:38,15,35.0
4826,2026-04-18 17:56:38,16,40.0
4827,2026-04-18 17:56:38,17,70.0
4828,2026-04-18 17:56:38,18,40.0
4829,2026-04-18 17:56:38,19,50.0
4830,2026-04-18 17:56:38,20,25.0
4831,2026-04-18 17:56:38,21,60.0
4832,2026-04-18 17:56:38,50,50.0
4833,2026-04-18 17:56:38,51,94.09
4834,2026-04-18 17:56:38,52,80.17
4835,2026-04-18 17:56:38,53,85.09
4836,2026-04-18 17:56:38,54,75.0
4837,2026-04-18 17:56:38,55,87.86
4838,2026-04-18 17:56:38,56,78.92
4839,2026-04-18 17:57:08,11,120.0
4840,2026-04-18 17:57:08,12,35.0
4841,2026-04-18 17:57:08,13,65.0
4842,2026-04-18 17:57:08,14,85.0
4843,2026-04-18 17:57:08,15,35.0
4844,2026-04-18 17:57:08,16,40.0
4845,2026-04-18 17:57:08,17,70.0
4846,2026-04-18 17:57:08,18,40.0
4847,2026-04-18 17:57:08,19,50.0
4848,2026-04-18 17:57:08,20,25.0
4849,2026-04-18 17:57:08,21,60.0
4850,2026-04-18 17:57:08,50,50.0
4851,2026-04-18 17:57:08,51,94.37
4852,2026-04-18 17:57:08,52,80.29
4853,2026-04-18 17:57:08,53,85.26
4854,2026-04-18 17:57:08,54,75.0
4855,2026-04-18 17:57:08,55,87.64
4856,2026-04-18 17:57:08,56,79.0
4857,2026-04-18 17:57:38,11,120.0
4858,2026-04-18 17:57:38,12,35.0
4859,2026-04-18 17:57:38,13,65.0
4860,2026-04-18 17:57:38,14,85.0
4861,2026-04-18 17:57:38,15,35.0
4862,2026-04-18 17:57:38,16,40.0
4863,2026-04-18 17:57:38,17,70.0
4864,2026-04-18 17:57:38,18,40.0
4865,2026-04-18 17:57:38,19,50.0
4866,2026-04-18 17:57:38,20,25.0
4867,2026-04-18 17:57:38,21,60.0
4868,2026-04-18 17:57:38,50,50.0
4869,2026-04-18 17:57:38,51,94.7
4870,2026-04-18 17:57:38,52,80.37
4871,2026-04-18 17:57:38,53,84.75
4872,2026-04-18 17:57:38,54,75.0
4873,2026-04-18 17:57:38,55,87.42
4874,2026-04-18 17:57:38,56,79.04
4875,2026-04-18 17:58:08,11,120.0
4876,2026-04-18 17:58:08,12,35.0
4877,2026-04-18 17:58:08,13,65.0
4878,2026-04-18 17:58:08,14,85.0
4879,2026-04-18 17:58:08,15,35.0
4880,2026-04-18 17:58:08,16,40.0
4881,2026-04-18 17:58:08,17,70.0
4882,2026-04-18 17:58:08,18,40.0
4883,2026-04-18 17:58:08,19,50.0
4884,2026-04-18 17:58:08,20,25.0
4885,2026-04-18 17:58:08,21,60.0
4886,2026-04-18 17:58:08,50,50.0
4887,2026-04-18 17:58:08,51,95.32
4888,2026-04-18 17:58:08,52,79.89
4889,2026-04-18 17:58:08,53,84.79
4890,2026-04-18 17:58:08,54,75.19
4891,2026-04-18 17:58:08,55,87.46
4892,2026-04-18 17:58:08,56,78.8
4893,2026-04-18 17:58:38,11,120.0
4894,2026-04-18 17:58:38,12,35.0
4895,2026-04-18 17:58:38,13,65.0
4896,2026-04-18 17:58:38,14,85.0
4897,2026-04-18 17:58:38,15,35.0
4898,2026-04-18 17:58:38,16,40.0
4899,2026-04-18 17:58:38,17,70.0
4900,2026-04-18 17:58:38,18,40.0
4901,2026-04-18 17:58:38,19,50.0
4902,2026-04-18 17:58:38,20,25.0
4903,2026-04-18 17:58:38,21,60.0
4904,2026-04-18 17:58:38,50,50.0
4905,2026-04-18 17:58:38,51,95.46
4906,2026-04-18 17:58:38,52,79.77
4907,2026-04-18 17:58:38,53,84.45
4908,2026-04-18 17:58:38,54,75.11
4909,2026-04-18 17:58:38,55,86.98
4910,2026-04-18 17:58:38,56,79.12
4911,2026-04-18 17:59:08,11,120.0
4912,2026-04-18 17:59:08,12,35.0
4913,2026-04-18 17:59:08,13,65.0
4914,2026-04-18 17:59:08,14,85.0
4915,2026-04-18 17:59:08,15,35.0
4916,2026-04-18 17:59:08,16,40.0
4917,2026-04-18 17:59:08,17,70.0
4918,2026-04-18 17:59:08,18,40.0
4919,2026-04-18 17:59:08,19,50.0
4920,2026-04-18 17:59:08,20,25.0
4921,2026-04-18 17:59:08,21,60.0
4922,2026-04-18 17:59:08,50,50.0
4923,2026-04-18 17:59:08,51,95.79
4924,2026-04-18 17:59:08,52,79.49
4925,2026-04-18 17:59:08,53,84.03
4926,2026-04-18 17:59:08,54,75.11
4927,2026-04-18 17:59:08,55,86.72
4928,2026-04-18 17:59:09,56,79.16
4929,2026-04-18 17:59:39,11,120.0
4930,2026-04-18 17:59:39,12,35.0
4931,2026-04-18 17:59:39,13,65.0
4932,2026-04-18 17:59:39,14,85.0
4933,2026-04-18 17:59:39,15,35.0
4934,2026-04-18 17:59:39,16,40.0
4935,2026-04-18 17:59:39,17,70.0
4936,2026-04-18 17:59:39,18,40.0
4937,2026-04-18 17:59:39,19,50.0
4938,2026-04-18 17:59:39,20,25.0
4939,2026-04-18 17:59:39,21,60.0
4940,2026-04-18 17:59:39,50,50.0
4941,2026-04-18 17:59:39,51,96.08
4942,2026-04-18 17:59:39,52,78.58
4943,2026-04-18 17:59:39,53,83.57
4944,2026-04-18 17:59:39,54,75.26
4945,2026-04-18 17:59:39,55,86.59
4946,2026-04-18 17:59:39,56,79.12
4947,2026-04-18 18:00:09,11,120.0
4948,2026-04-18 18:00:09,12,35.0
4949,2026-04-18 18:00:09,13,65.0
4950,2026-04-18 18:00:09,14,85.0
4951,2026-04-18 18:00:09,15,35.0
4952,2026-04-18 18:00:09,16,40.0
4953,2026-04-18 18:00:09,17,70.0
4954,2026-04-18 18:00:09,18,40.0
4955,2026-04-18 18:00:09,19,50.0
4956,2026-04-18 18:00:09,20,25.0
4957,2026-04-18 18:00:09,21,60.0
4958,2026-04-18 18:00:09,50,50.0
4959,2026-04-18 18:00:09,51,96.85
4960,2026-04-18 18:00:09,52,78.03
4961,2026-04-18 18:00:09,53,83.57
4962,2026-04-18 18:00:09,54,75.26
4963,2026-04-18 18:00:09,55,86.2
4964,2026-04-18 18:00:09,56,78.96
4965,2026-04-18 18:00:39,11,120.0
4966,2026-04-18 18:00:39,12,35.0
4967,2026-04-18 18:00:39,13,65.0
4968,2026-04-18 18:00:39,14,85.0
4969,2026-04-18 18:00:39,15,35.0
4970,2026-04-18 18:00:39,16,40.0
4971,2026-04-18 18:00:39,17,70.0
4972,2026-04-18 18:00:39,18,40.0
4973,2026-04-18 18:00:39,19,50.0
4974,2026-04-18 18:00:39,20,25.0
4975,2026-04-18 18:00:39,21,60.0
4976,2026-04-18 18:00:39,50,50.0
4977,2026-04-18 18:00:39,51,97.33
4978,2026-04-18 18:00:39,52,77.72
4979,2026-04-18 18:00:39,53,83.15
4980,2026-04-18 18:00:39,54,75.07
4981,2026-04-18 18:00:39,55,85.73
4982,2026-04-18 18:00:39,56,79.2
4983,2026-04-18 18:01:09,11,120.0
4984,2026-04-18 18:01:09,12,35.0
4985,2026-04-18 18:01:09,13,65.0
4986,2026-04-18 18:01:09,14,85.0
4987,2026-04-18 18:01:09,15,35.0
4988,2026-04-18 18:01:09,16,40.0
4989,2026-04-18 18:01:09,17,70.0
4990,2026-04-18 18:01:09,18,40.0
4991,2026-04-18 18:01:09,19,50.0
4992,2026-04-18 18:01:09,20,25.0
4993,2026-04-18 18:01:09,21,60.0
4994,2026-04-18 18:01:09,50,50.0
4995,2026-04-18 18:01:09,51,97.33
4996,2026-04-18 18:01:09,52,76.94
4997,2026-04-18 18:01:09,53,82.73
4998,2026-04-18 18:01:09,54,75.26
4999,2026-04-18 18:01:09,55,85.77
5000,2026-04-18 18:01:09,56,79.48
5001,2026-04-18 18:01:39,11,120.0
5002,2026-04-18 18:01:39,12,35.0
5003,2026-04-18 18:01:39,13,65.0
5004,2026-04-18 18:01:39,14,85.0
5005,2026-04-18 18:01:39,15,35.0
5006,2026-04-18 18:01:39,16,40.0
5007,2026-04-18 18:01:39,17,70.0
5008,2026-04-18 18:01:39,18,40.0
5009,2026-04-18 18:01:39,19,50.0
5010,2026-04-18 18:01:39,20,25.0
5011,2026-04-18 18:01:39,21,60.0
5012,2026-04-18 18:01:39,50,50.0
5013,2026-04-18 18:01:39,51,98.01
5014,2026-04-18 18:01:39,52,76.71
5015,2026-04-18 18:01:39,53,82.9
5016,2026-04-18 18:01:39,54,75.0
5017,2026-04-18 18:01:39,55,86.07
5018,2026-04-18 18:01:39,56,79.28
5019,2026-04-18 18:02:09,11,120.0
5020,2026-04-18 18:02:09,12,35.0
5021,2026-04-18 18:02:09,13,65.0
5022,2026-04-18 18:02:09,14,85.0
5023,2026-04-18 18:02:09,15,35.0
5024,2026-04-18 18:02:09,16,40.0
5025,2026-04-18 18:02:09,17,70.0
5026,2026-04-18 18:02:09,18,40.0
5027,2026-04-18 18:02:09,19,50.0
5028,2026-04-18 18:02:09,20,25.0
5029,2026-04-18 18:02:09,21,60.0
5030,2026-04-18 18:02:09,50,50.0
5031,2026-04-18 18:02:09,51,98.26
5032,2026-04-18 18:02:09,52,76.29
5033,2026-04-18 18:02:09,53,83.07
5034,2026-04-18 18:02:09,54,75.0
5035,2026-04-18 18:02:09,55,85.94
5036,2026-04-18 18:02:09,56,79.12
5037,2026-04-18 18:02:39,11,120.0
5038,2026-04-18 18:02:39,12,35.0
5039,2026-04-18 18:02:39,13,65.0
5040,2026-04-18 18:02:39,14,85.0
5041,2026-04-18 18:02:39,15,35.0
5042,2026-04-18 18:02:39,16,40.0
5043,2026-04-18 18:02:39,17,70.0
5044,2026-04-18 18:02:39,18,40.0
5045,2026-04-18 18:02:39,19,50.0
5046,2026-04-18 18:02:39,20,25.0
5047,2026-04-18 18:02:39,21,60.0
5048,2026-04-18 18:02:39,50,50.0
5049,2026-04-18 18:02:39,51,98.6
5050,2026-04-18 18:02:39,52,75.79
5051,2026-04-18 18:02:39,53,82.7
5052,2026-04-18 18:02:39,54,75.0
5053,2026-04-18 18:02:39,55,85.6
5054,2026-04-18 18:02:39,56,79.36
5055,2026-04-18 18:03:09,11,120.0
5056,2026-04-18 18:03:09,12,35.0
5057,2026-04-18 18:03:09,13,65.0
5058,2026-04-18 18:03:09,14,85.0
5059,2026-04-18 18:03:09,15,35.0
5060,2026-04-18 18:03:09,16,40.0
5061,2026-04-18 18:03:09,17,70.0
5062,2026-04-18 18:03:09,18,40.0
5063,2026-04-18 18:03:09,19,50.0
5064,2026-04-18 18:03:09,20,25.0
5065,2026-04-18 18:03:09,21,60.0
5066,2026-04-18 18:03:09,50,50.0
5067,2026-04-18 18:03:09,51,99.29
5068,2026-04-18 18:03:09,52,75.22
5069,2026-04-18 18:03:09,53,82.29
5070,2026-04-18 18:03:09,54,75.0
5071,2026-04-18 18:03:09,55,85.73
5072,2026-04-18 18:03:09,56,79.32
5073,2026-04-18 18:03:39,11,120.0
5074,2026-04-18 18:03:39,12,35.0
5075,2026-04-18 18:03:39,13,65.0
5076,2026-04-18 18:03:39,14,85.0
5077,2026-04-18 18:03:39,15,35.0
5078,2026-04-18 18:03:39,16,40.0
5079,2026-04-18 18:03:39,17,70.0
5080,2026-04-18 18:03:39,18,40.0
5081,2026-04-18 18:03:39,19,50.0
5082,2026-04-18 18:03:39,20,25.0
5083,2026-04-18 18:03:39,21,60.0
5084,2026-04-18 18:03:39,50,50.0
5085,2026-04-18 18:03:39,51,99.29
5086,2026-04-18 18:03:39,52,75.0
5087,2026-04-18 18:03:39,53,82.13
5088,2026-04-18 18:03:39,54,75.22
5089,2026-04-18 18:03:39,55,85.6
5090,2026-04-18 18:03:39,56,79.76
5091,2026-04-18 18:04:09,11,120.0
5092,2026-04-18 18:04:09,12,35.0
5093,2026-04-18 18:04:09,13,65.0
5094,2026-04-18 18:04:09,14,85.0
5095,2026-04-18 18:04:09,15,35.0
5096,2026-04-18 18:04:09,16,40.0
5097,2026-04-18 18:04:09,17,70.0
5098,2026-04-18 18:04:09,18,40.0
5099,2026-04-18 18:04:09,19,50.0
5100,2026-04-18 18:04:09,20,25.0
5101,2026-04-18 18:04:09,21,60.0
5102,2026-04-18 18:04:09,50,50.0
5103,2026-04-18 18:04:09,51,99.74
5104,2026-04-18 18:04:09,52,75.0
5105,2026-04-18 18:04:09,53,82.25
5106,2026-04-18 18:04:09,54,75.0
5107,2026-04-18 18:04:09,55,85.73
5108,2026-04-18 18:04:09,56,79.96
5109,2026-04-18 18:04:39,11,120.0
5110,2026-04-18 18:04:39,12,35.0
5111,2026-04-18 18:04:39,13,65.0
5112,2026-04-18 18:04:39,14,85.0
5113,2026-04-18 18:04:39,15,35.0
5114,2026-04-18 18:04:39,16,40.0
5115,2026-04-18 18:04:39,17,70.0
5116,2026-04-18 18:04:39,18,40.0
5117,2026-04-18 18:04:39,19,50.0
5118,2026-04-18 18:04:39,20,25.0
5119,2026-04-18 18:04:39,21,60.0
5120,2026-04-18 18:04:40,50,50.0
5121,2026-04-18 18:04:40,51,99.64
5122,2026-04-18 18:04:40,52,75.0
5123,2026-04-18 18:04:40,53,82.37
5124,2026-04-18 18:04:40,54,75.0
5125,2026-04-18 18:04:40,55,85.94
5126,2026-04-18 18:04:40,56,80.52
5127,2026-04-18 18:05:10,11,120.0
5128,2026-04-18 18:05:10,12,35.0
5129,2026-04-18 18:05:10,13,65.0
5130,2026-04-18 18:05:10,14,85.0
5131,2026-04-18 18:05:10,15,35.0
5132,2026-04-18 18:05:10,16,40.0
5133,2026-04-18 18:05:10,17,70.0
5134,2026-04-18 18:05:10,18,40.0
5135,2026-04-18 18:05:10,19,50.0
5136,2026-04-18 18:05:10,20,25.0
5137,2026-04-18 18:05:10,21,60.0
5138,2026-04-18 18:05:10,50,50.0
5139,2026-04-18 18:05:10,51,99.79
5140,2026-04-18 18:05:10,52,75.0
5141,2026-04-18 18:05:10,53,81.96
5142,2026-04-18 18:05:10,54,75.0
5143,2026-04-18 18:05:10,55,85.81
5144,2026-04-18 18:05:10,56,80.88
5145,2026-04-18 18:05:40,11,120.0
5146,2026-04-18 18:05:40,12,35.0
5147,2026-04-18 18:05:40,13,65.0
5148,2026-04-18 18:05:40,14,85.0
5149,2026-04-18 18:05:40,15,35.0
5150,2026-04-18 18:05:40,16,40.0
5151,2026-04-18 18:05:40,17,70.0
5152,2026-04-18 18:05:40,18,40.0
5153,2026-04-18 18:05:40,19,50.0
5154,2026-04-18 18:05:40,20,25.0
5155,2026-04-18 18:05:40,21,60.0
5156,2026-04-18 18:05:40,50,50.0
5157,2026-04-18 18:05:40,51,100.24
5158,2026-04-18 18:05:40,52,75.0
5159,2026-04-18 18:05:40,53,82.0
5160,2026-04-18 18:05:40,54,75.0
5161,2026-04-18 18:05:40,55,85.42
5162,2026-04-18 18:05:40,56,81.49
5163,2026-04-18 18:06:10,11,120.0
5164,2026-04-18 18:06:10,12,35.0
5165,2026-04-18 18:06:10,13,65.0
5166,2026-04-18 18:06:10,14,85.0
5167,2026-04-18 18:06:10,15,35.0
5168,2026-04-18 18:06:10,16,40.0
5169,2026-04-18 18:06:10,17,70.0
5170,2026-04-18 18:06:10,18,40.0
5171,2026-04-18 18:06:10,19,50.0
5172,2026-04-18 18:06:10,20,25.0
5173,2026-04-18 18:06:10,21,60.0
5174,2026-04-18 18:06:10,50,50.0
5175,2026-04-18 18:06:10,51,100.29
5176,2026-04-18 18:06:10,52,75.0
5177,2026-04-18 18:06:10,53,81.51
5178,2026-04-18 18:06:10,54,75.0
5179,2026-04-18 18:06:10,55,84.86
5180,2026-04-18 18:06:10,56,81.49
5181,2026-04-18 18:06:40,11,120.0
5182,2026-04-18 18:06:40,12,35.0
5183,2026-04-18 18:06:40,13,65.0
5184,2026-04-18 18:06:40,14,85.0
5185,2026-04-18 18:06:40,15,35.0
5186,2026-04-18 18:06:40,16,40.0
5187,2026-04-18 18:06:40,17,70.0
5188,2026-04-18 18:06:40,18,40.0
5189,2026-04-18 18:06:40,19,50.0
5190,2026-04-18 18:06:40,20,25.0
5191,2026-04-18 18:06:40,21,60.0
5192,2026-04-18 18:06:40,50,50.0
5193,2026-04-18 18:06:40,51,100.59
5194,2026-04-18 18:06:40,52,75.0
5195,2026-04-18 18:06:40,53,81.55
5196,2026-04-18 18:06:40,54,75.0
5197,2026-04-18 18:06:40,55,84.52
5198,2026-04-18 18:06:40,56,81.9
5199,2026-04-18 18:07:10,11,120.0
5200,2026-04-18 18:07:10,12,35.0
5201,2026-04-18 18:07:10,13,65.0
5202,2026-04-18 18:07:10,14,85.0
5203,2026-04-18 18:07:10,15,35.0
5204,2026-04-18 18:07:10,16,40.0
5205,2026-04-18 18:07:10,17,70.0
5206,2026-04-18 18:07:10,18,40.0
5207,2026-04-18 18:07:10,19,50.0
5208,2026-04-18 18:07:10,20,25.0
5209,2026-04-18 18:07:10,21,60.0
5210,2026-04-18 18:07:10,50,50.0
5211,2026-04-18 18:07:10,51,99.43
5212,2026-04-18 18:07:10,52,75.0
5213,2026-04-18 18:07:10,53,81.71
5214,2026-04-18 18:07:10,54,75.0
5215,2026-04-18 18:07:10,55,84.27
5216,2026-04-18 18:07:10,56,82.31
5217,2026-04-18 18:07:40,11,120.0
5218,2026-04-18 18:07:40,12,35.0
5219,2026-04-18 18:07:40,13,65.0
5220,2026-04-18 18:07:40,14,85.0
5221,2026-04-18 18:07:40,15,35.0
5222,2026-04-18 18:07:40,16,40.0
5223,2026-04-18 18:07:40,17,70.0
5224,2026-04-18 18:07:40,18,40.0
5225,2026-04-18 18:07:40,19,50.0
5226,2026-04-18 18:07:40,20,25.0
5227,2026-04-18 18:07:40,21,60.0
5228,2026-04-18 18:07:40,50,50.0
5229,2026-04-18 18:07:40,51,98.34
5230,2026-04-18 18:07:40,52,75.0
5231,2026-04-18 18:07:40,53,81.79
5232,2026-04-18 18:07:40,54,75.0
5233,2026-04-18 18:07:40,55,84.19
5234,2026-04-18 18:07:40,56,82.64
5235,2026-04-18 18:08:10,11,120.0
5236,2026-04-18 18:08:10,12,35.0
5237,2026-04-18 18:08:10,13,65.0
5238,2026-04-18 18:08:10,14,85.0
5239,2026-04-18 18:08:10,15,35.0
5240,2026-04-18 18:08:10,16,40.0
5241,2026-04-18 18:08:10,17,70.0
5242,2026-04-18 18:08:10,18,40.0
5243,2026-04-18 18:08:10,19,50.0
5244,2026-04-18 18:08:10,20,25.0
5245,2026-04-18 18:08:10,21,60.0
5246,2026-04-18 18:08:10,50,50.0
5247,2026-04-18 18:08:10,51,97.7
5248,2026-04-18 18:08:10,52,75.0
5249,2026-04-18 18:08:10,53,81.75
5250,2026-04-18 18:08:10,54,75.04
5251,2026-04-18 18:08:10,55,84.27
5252,2026-04-18 18:08:10,56,83.26
5253,2026-04-18 18:08:40,11,120.0
5254,2026-04-18 18:08:40,12,35.0
5255,2026-04-18 18:08:40,13,65.0
5256,2026-04-18 18:08:40,14,85.0
5257,2026-04-18 18:08:40,15,35.0
5258,2026-04-18 18:08:40,16,40.0
5259,2026-04-18 18:08:40,17,70.0
5260,2026-04-18 18:08:40,18,40.0
5261,2026-04-18 18:08:40,19,50.0
5262,2026-04-18 18:08:40,20,25.0
5263,2026-04-18 18:08:40,21,60.0
5264,2026-04-18 18:08:40,50,50.0
5265,2026-04-18 18:08:40,51,97.02
5266,2026-04-18 18:08:40,52,75.0
5267,2026-04-18 18:08:40,53,81.38
5268,2026-04-18 18:08:40,54,75.3
5269,2026-04-18 18:08:40,55,84.06
5270,2026-04-18 18:08:40,56,83.63
5271,2026-04-18 18:09:10,11,120.0
5272,2026-04-18 18:09:10,12,35.0
5273,2026-04-18 18:09:10,13,65.0
5274,2026-04-18 18:09:10,14,85.0
5275,2026-04-18 18:09:10,15,35.0
5276,2026-04-18 18:09:10,16,40.0
5277,2026-04-18 18:09:10,17,70.0
5278,2026-04-18 18:09:10,18,40.0
5279,2026-04-18 18:09:10,19,50.0
5280,2026-04-18 18:09:10,20,25.0
5281,2026-04-18 18:09:10,21,60.0
5282,2026-04-18 18:09:10,50,50.0
5283,2026-04-18 18:09:10,51,95.9
5284,2026-04-18 18:09:10,52,75.0
5285,2026-04-18 18:09:10,53,81.34
5286,2026-04-18 18:09:10,54,75.22
5287,2026-04-18 18:09:10,55,83.85
5288,2026-04-18 18:09:10,56,83.71
5289,2026-04-18 18:09:40,11,120.0
5290,2026-04-18 18:09:40,12,35.0
5291,2026-04-18 18:09:40,13,65.0
5292,2026-04-18 18:09:40,14,85.0
5293,2026-04-18 18:09:40,15,35.0
5294,2026-04-18 18:09:40,16,40.0
5295,2026-04-18 18:09:40,17,70.0
5296,2026-04-18 18:09:40,18,40.0
5297,2026-04-18 18:09:40,19,50.0
5298,2026-04-18 18:09:40,20,25.0
5299,2026-04-18 18:09:40,21,60.0
5300,2026-04-18 18:09:40,50,50.0
5301,2026-04-18 18:09:40,51,95.52
5302,2026-04-18 18:09:40,52,75.0
5303,2026-04-18 18:09:40,53,81.46
5304,2026-04-18 18:09:40,54,75.0
5305,2026-04-18 18:09:40,55,83.56
5306,2026-04-18 18:09:40,56,83.67
5307,2026-04-18 18:10:10,11,120.0
5308,2026-04-18 18:10:10,12,35.0
5309,2026-04-18 18:10:10,13,65.0
5310,2026-04-18 18:10:10,14,85.0
5311,2026-04-18 18:10:10,15,35.0
5312,2026-04-18 18:10:10,16,40.0
5313,2026-04-18 18:10:10,17,70.0
5314,2026-04-18 18:10:10,18,40.0
5315,2026-04-18 18:10:10,19,50.0
5316,2026-04-18 18:10:10,20,25.0
5317,2026-04-18 18:10:10,21,60.0
5318,2026-04-18 18:10:10,50,50.0
5319,2026-04-18 18:10:10,51,94.56
5320,2026-04-18 18:10:11,52,75.0
5321,2026-04-18 18:10:11,53,81.26
5322,2026-04-18 18:10:11,54,75.0
5323,2026-04-18 18:10:11,55,83.48
5324,2026-04-18 18:10:11,56,83.63
5325,2026-04-18 18:10:41,11,120.0
5326,2026-04-18 18:10:41,12,35.0
5327,2026-04-18 18:10:41,13,65.0
5328,2026-04-18 18:10:41,14,85.0
5329,2026-04-18 18:10:41,15,35.0
5330,2026-04-18 18:10:41,16,40.0
5331,2026-04-18 18:10:41,17,70.0
5332,2026-04-18 18:10:41,18,40.0
5333,2026-04-18 18:10:41,19,50.0
5334,2026-04-18 18:10:41,20,25.0
5335,2026-04-18 18:10:41,21,60.0
5336,2026-04-18 18:10:41,50,50.0
5337,2026-04-18 18:10:41,51,93.61
5338,2026-04-18 18:10:41,52,75.0
5339,2026-04-18 18:10:41,53,81.54
5340,2026-04-18 18:10:41,54,75.0
5341,2026-04-18 18:10:41,55,83.73
5342,2026-04-18 18:10:41,56,84.09
5343,2026-04-18 18:11:11,11,120.0
5344,2026-04-18 18:11:11,12,35.0
5345,2026-04-18 18:11:11,13,65.0
5346,2026-04-18 18:11:11,14,85.0
5347,2026-04-18 18:11:11,15,35.0
5348,2026-04-18 18:11:11,16,40.0
5349,2026-04-18 18:11:11,17,70.0
5350,2026-04-18 18:11:11,18,40.0
5351,2026-04-18 18:11:11,19,50.0
5352,2026-04-18 18:11:11,20,25.0
5353,2026-04-18 18:11:11,21,60.0
5354,2026-04-18 18:11:11,50,50.0
5355,2026-04-18 18:11:11,51,93.28
5356,2026-04-18 18:11:11,52,75.0
5357,2026-04-18 18:11:11,53,81.13
5358,2026-04-18 18:11:11,54,75.0
5359,2026-04-18 18:11:11,55,83.52
5360,2026-04-18 18:11:11,56,84.05
5361,2026-04-18 18:11:41,11,120.0
5362,2026-04-18 18:11:41,12,35.0
5363,2026-04-18 18:11:41,13,65.0
5364,2026-04-18 18:11:41,14,85.0
5365,2026-04-18 18:11:41,15,35.0
5366,2026-04-18 18:11:41,16,40.0
5367,2026-04-18 18:11:41,17,70.0
5368,2026-04-18 18:11:41,18,40.0
5369,2026-04-18 18:11:41,19,50.0
5370,2026-04-18 18:11:41,20,25.0
5371,2026-04-18 18:11:41,21,60.0
5372,2026-04-18 18:11:41,50,50.0
5373,2026-04-18 18:11:41,51,92.67
5374,2026-04-18 18:11:41,52,75.0
5375,2026-04-18 18:11:41,53,81.25
5376,2026-04-18 18:11:41,54,75.04
5377,2026-04-18 18:11:41,55,83.39
5378,2026-04-18 18:11:41,56,84.72
5379,2026-04-18 18:12:11,11,120.0
5380,2026-04-18 18:12:11,12,35.0
5381,2026-04-18 18:12:11,13,65.0
5382,2026-04-18 18:12:11,14,85.0
5383,2026-04-18 18:12:11,15,35.0
5384,2026-04-18 18:12:11,16,40.0
5385,2026-04-18 18:12:11,17,70.0
5386,2026-04-18 18:12:11,18,40.0
5387,2026-04-18 18:12:11,19,50.0
5388,2026-04-18 18:12:11,20,25.0
5389,2026-04-18 18:12:11,21,60.0
5390,2026-04-18 18:12:11,50,50.0
5391,2026-04-18 18:12:11,51,92.16
5392,2026-04-18 18:12:11,52,75.0
5393,2026-04-18 18:12:11,53,81.21
5394,2026-04-18 18:12:11,54,75.0
5395,2026-04-18 18:12:11,55,82.89
5396,2026-04-18 18:12:11,56,85.1
5397,2026-04-18 18:12:41,11,120.0
5398,2026-04-18 18:12:41,12,35.0
5399,2026-04-18 18:12:41,13,65.0
5400,2026-04-18 18:12:41,14,85.0
5401,2026-04-18 18:12:41,15,35.0
5402,2026-04-18 18:12:41,16,40.0
5403,2026-04-18 18:12:41,17,70.0
5404,2026-04-18 18:12:41,18,40.0
5405,2026-04-18 18:12:41,19,50.0
5406,2026-04-18 18:12:41,20,25.0
5407,2026-04-18 18:12:41,21,60.0
5408,2026-04-18 18:12:41,50,50.0
5409,2026-04-18 18:12:41,51,91.51
5410,2026-04-18 18:12:41,52,75.0
5411,2026-04-18 18:12:41,53,81.13
5412,2026-04-18 18:12:41,54,75.0
5413,2026-04-18 18:12:41,55,83.06
5414,2026-04-18 18:12:41,56,85.4
5415,2026-04-18 18:13:11,11,120.0
5416,2026-04-18 18:13:11,12,35.0
5417,2026-04-18 18:13:11,13,65.0
5418,2026-04-18 18:13:11,14,85.0
5419,2026-04-18 18:13:11,15,35.0
5420,2026-04-18 18:13:11,16,40.0
5421,2026-04-18 18:13:11,17,70.0
5422,2026-04-18 18:13:11,18,40.0
5423,2026-04-18 18:13:11,19,50.0
5424,2026-04-18 18:13:11,20,25.0
5425,2026-04-18 18:13:11,21,60.0
5426,2026-04-18 18:13:11,50,50.0
5427,2026-04-18 18:13:11,51,90.82
5428,2026-04-18 18:13:11,52,75.0
5429,2026-04-18 18:13:11,53,81.05
5430,2026-04-18 18:13:11,54,75.3
5431,2026-04-18 18:13:11,55,83.23
5432,2026-04-18 18:13:11,56,86.04
5433,2026-04-18 18:13:41,11,120.0
5434,2026-04-18 18:13:41,12,35.0
5435,2026-04-18 18:13:41,13,65.0
5436,2026-04-18 18:13:41,14,85.0
5437,2026-04-18 18:13:41,15,35.0
5438,2026-04-18 18:13:41,16,40.0
5439,2026-04-18 18:13:41,17,70.0
5440,2026-04-18 18:13:41,18,40.0
5441,2026-04-18 18:13:41,19,50.0
5442,2026-04-18 18:13:41,20,25.0
5443,2026-04-18 18:13:41,21,60.0
5444,2026-04-18 18:13:41,50,50.0
5445,2026-04-18 18:13:41,51,90.91
5446,2026-04-18 18:13:41,52,75.0
5447,2026-04-18 18:13:41,53,81.09
5448,2026-04-18 18:13:41,54,75.19
5449,2026-04-18 18:13:41,55,82.86
5450,2026-04-18 18:13:41,56,86.21
5451,2026-04-18 18:14:11,11,120.0
5452,2026-04-18 18:14:11,12,35.0
5453,2026-04-18 18:14:11,13,65.0
5454,2026-04-18 18:14:11,14,85.0
5455,2026-04-18 18:14:11,15,35.0
5456,2026-04-18 18:14:11,16,40.0
5457,2026-04-18 18:14:11,17,70.0
5458,2026-04-18 18:14:11,18,40.0
5459,2026-04-18 18:14:11,19,50.0
5460,2026-04-18 18:14:11,20,25.0
5461,2026-04-18 18:14:11,21,60.0
5462,2026-04-18 18:14:11,50,50.0
5463,2026-04-18 18:14:11,51,90.73
5464,2026-04-18 18:14:11,52,75.0
5465,2026-04-18 18:14:11,53,80.64
5466,2026-04-18 18:14:11,54,75.34
5467,2026-04-18 18:14:11,55,82.45
5468,2026-04-18 18:14:11,56,86.64
5469,2026-04-18 18:14:41,11,120.0
5470,2026-04-18 18:14:41,12,35.0
5471,2026-04-18 18:14:41,13,65.0
5472,2026-04-18 18:14:41,14,85.0
5473,2026-04-18 18:14:41,15,35.0
5474,2026-04-18 18:14:41,16,40.0
5475,2026-04-18 18:14:41,17,70.0
5476,2026-04-18 18:14:41,18,40.0
5477,2026-04-18 18:14:41,19,50.0
5478,2026-04-18 18:14:41,20,25.0
5479,2026-04-18 18:14:41,21,60.0
5480,2026-04-18 18:14:41,50,50.0
5481,2026-04-18 18:14:41,51,90.55
5482,2026-04-18 18:14:41,52,75.0
5483,2026-04-18 18:14:41,53,80.76
5484,2026-04-18 18:14:41,54,75.45
5485,2026-04-18 18:14:41,55,82.41
5486,2026-04-18 18:14:41,56,86.64
5487,2026-04-18 18:15:11,11,120.0
5488,2026-04-18 18:15:11,12,35.0
5489,2026-04-18 18:15:11,13,65.0
5490,2026-04-18 18:15:11,14,85.0
5491,2026-04-18 18:15:11,15,35.0
5492,2026-04-18 18:15:11,16,40.0
5493,2026-04-18 18:15:11,17,70.0
5494,2026-04-18 18:15:11,18,40.0
5495,2026-04-18 18:15:11,19,50.0
5496,2026-04-18 18:15:11,20,25.0
5497,2026-04-18 18:15:11,21,60.0
5498,2026-04-18 18:15:11,50,50.0
5499,2026-04-18 18:15:11,51,90.41
5500,2026-04-18 18:15:11,52,75.0
5501,2026-04-18 18:15:11,53,80.72
5502,2026-04-18 18:15:11,54,75.53
5503,2026-04-18 18:15:11,55,82.7
5504,2026-04-18 18:15:11,56,87.12
5505,2026-04-18 18:15:41,11,120.0
5506,2026-04-18 18:15:41,12,35.0
5507,2026-04-18 18:15:41,13,65.0
5508,2026-04-18 18:15:41,14,85.0
5509,2026-04-18 18:15:41,15,35.0
5510,2026-04-18 18:15:41,16,40.0
5511,2026-04-18 18:15:42,17,70.0
5512,2026-04-18 18:15:42,18,40.0
5513,2026-04-18 18:15:42,19,50.0
5514,2026-04-18 18:15:42,20,25.0
5515,2026-04-18 18:15:42,21,60.0
5516,2026-04-18 18:15:42,50,50.0
5517,2026-04-18 18:15:42,51,89.69
5518,2026-04-18 18:15:42,52,75.0
5519,2026-04-18 18:15:42,53,80.6
5520,2026-04-18 18:15:42,54,75.57
5521,2026-04-18 18:15:42,55,82.33
5522,2026-04-18 18:15:42,56,87.34
5523,2026-04-18 18:16:12,11,120.0
5524,2026-04-18 18:16:12,12,35.0
5525,2026-04-18 18:16:12,13,65.0
5526,2026-04-18 18:16:12,14,85.0
5527,2026-04-18 18:16:12,15,35.0
5528,2026-04-18 18:16:12,16,40.0
5529,2026-04-18 18:16:12,17,70.0
5530,2026-04-18 18:16:12,18,40.0
5531,2026-04-18 18:16:12,19,50.0
5532,2026-04-18 18:16:12,20,25.0
5533,2026-04-18 18:16:12,21,60.0
5534,2026-04-18 18:16:12,50,50.0
5535,2026-04-18 18:16:12,51,89.56
5536,2026-04-18 18:16:12,52,75.0
5537,2026-04-18 18:16:12,53,80.32
5538,2026-04-18 18:16:12,54,75.61
5539,2026-04-18 18:16:12,55,82.45
5540,2026-04-18 18:16:12,56,87.82
5541,2026-04-18 18:16:42,11,120.0
5542,2026-04-18 18:16:42,12,35.0
5543,2026-04-18 18:16:42,13,65.0
5544,2026-04-18 18:16:42,14,85.0
5545,2026-04-18 18:16:42,15,35.0
5546,2026-04-18 18:16:42,16,40.0
5547,2026-04-18 18:16:42,17,70.0
5548,2026-04-18 18:16:42,18,40.0
5549,2026-04-18 18:16:42,19,50.0
5550,2026-04-18 18:16:42,20,25.0
5551,2026-04-18 18:16:42,21,60.0
5552,2026-04-18 18:16:42,50,50.0
5553,2026-04-18 18:16:42,51,89.43
5554,2026-04-18 18:16:42,52,75.0
5555,2026-04-18 18:16:42,53,79.8
5556,2026-04-18 18:16:42,54,75.95
5557,2026-04-18 18:16:42,55,82.7
5558,2026-04-18 18:16:42,56,88.0
5559,2026-04-18 18:17:12,11,120.0
5560,2026-04-18 18:17:12,12,35.0
5561,2026-04-18 18:17:12,13,65.0
5562,2026-04-18 18:17:12,14,85.0
5563,2026-04-18 18:17:12,15,35.0
5564,2026-04-18 18:17:12,16,40.0
5565,2026-04-18 18:17:12,17,70.0
5566,2026-04-18 18:17:12,18,40.0
5567,2026-04-18 18:17:12,19,50.0
5568,2026-04-18 18:17:12,20,25.0
5569,2026-04-18 18:17:12,21,60.0
5570,2026-04-18 18:17:12,50,50.0
5571,2026-04-18 18:17:12,51,88.76
5572,2026-04-18 18:17:12,52,75.0
5573,2026-04-18 18:17:12,53,79.4
5574,2026-04-18 18:17:12,54,76.41
5575,2026-04-18 18:17:12,55,82.16
5576,2026-04-18 18:17:12,56,88.35
5577,2026-04-18 18:17:42,11,120.0
5578,2026-04-18 18:17:42,12,35.0
5579,2026-04-18 18:17:42,13,65.0
5580,2026-04-18 18:17:42,14,85.0
5581,2026-04-18 18:17:42,15,35.0
5582,2026-04-18 18:17:42,16,40.0
5583,2026-04-18 18:17:42,17,70.0
5584,2026-04-18 18:17:42,18,40.0
5585,2026-04-18 18:17:42,19,50.0
5586,2026-04-18 18:17:42,20,25.0
5587,2026-04-18 18:17:42,21,60.0
5588,2026-04-18 18:17:42,50,50.0
5589,2026-04-18 18:17:42,51,88.58
5590,2026-04-18 18:17:42,52,75.0
5591,2026-04-18 18:17:42,53,79.6
5592,2026-04-18 18:17:42,54,76.45
5593,2026-04-18 18:17:42,55,82.08
5594,2026-04-18 18:17:42,56,88.35
5595,2026-04-18 18:18:12,11,120.0
5596,2026-04-18 18:18:12,12,35.0
5597,2026-04-18 18:18:12,13,65.0
5598,2026-04-18 18:18:12,14,85.0
5599,2026-04-18 18:18:12,15,35.0
5600,2026-04-18 18:18:12,16,40.0
5601,2026-04-18 18:18:12,17,70.0
5602,2026-04-18 18:18:12,18,40.0
5603,2026-04-18 18:18:12,19,50.0
5604,2026-04-18 18:18:12,20,25.0
5605,2026-04-18 18:18:12,21,60.0
5606,2026-04-18 18:18:12,50,50.0
5607,2026-04-18 18:18:12,51,88.49
5608,2026-04-18 18:18:12,52,75.0
5609,2026-04-18 18:18:12,53,79.88
5610,2026-04-18 18:18:12,54,76.3
5611,2026-04-18 18:18:12,55,82.29
5612,2026-04-18 18:18:12,56,88.92
5613,2026-04-18 18:18:42,11,120.0
5614,2026-04-18 18:18:42,12,35.0
5615,2026-04-18 18:18:42,13,65.0
5616,2026-04-18 18:18:42,14,85.0
5617,2026-04-18 18:18:42,15,35.0
5618,2026-04-18 18:18:42,16,40.0
5619,2026-04-18 18:18:42,17,70.0
5620,2026-04-18 18:18:42,18,40.0
5621,2026-04-18 18:18:42,19,50.0
5622,2026-04-18 18:18:42,20,25.0
5623,2026-04-18 18:18:42,21,60.0
5624,2026-04-18 18:18:42,50,50.0
5625,2026-04-18 18:18:42,51,88.45
5626,2026-04-18 18:18:42,52,75.0
5627,2026-04-18 18:18:42,53,79.92
5628,2026-04-18 18:18:42,54,76.03
5629,2026-04-18 18:18:42,55,82.04
5630,2026-04-18 18:18:42,56,88.96
5631,2026-04-18 18:19:12,11,120.0
5632,2026-04-18 18:19:12,12,35.0
5633,2026-04-18 18:19:12,13,65.0
5634,2026-04-18 18:19:12,14,85.0
5635,2026-04-18 18:19:12,15,35.0
5636,2026-04-18 18:19:12,16,40.0
5637,2026-04-18 18:19:12,17,70.0
5638,2026-04-18 18:19:12,18,40.0
5639,2026-04-18 18:19:12,19,50.0
5640,2026-04-18 18:19:12,20,25.0
5641,2026-04-18 18:19:12,21,60.0
5642,2026-04-18 18:19:12,50,50.0
5643,2026-04-18 18:19:12,51,88.49
5644,2026-04-18 18:19:12,52,75.0
5645,2026-04-18 18:19:12,53,80.12
5646,2026-04-18 18:19:12,54,76.3
5647,2026-04-18 18:19:12,55,82.08
5648,2026-04-18 18:19:12,56,88.92
5649,2026-04-18 18:19:42,11,120.0
5650,2026-04-18 18:19:42,12,35.0
5651,2026-04-18 18:19:42,13,65.0
5652,2026-04-18 18:19:42,14,85.0
5653,2026-04-18 18:19:42,15,35.0
5654,2026-04-18 18:19:42,16,40.0
5655,2026-04-18 18:19:42,17,70.0
5656,2026-04-18 18:19:42,18,40.0
5657,2026-04-18 18:19:42,19,50.0
5658,2026-04-18 18:19:42,20,25.0
5659,2026-04-18 18:19:42,21,60.0
5660,2026-04-18 18:19:42,50,50.0
5661,2026-04-18 18:19:42,51,88.27
5662,2026-04-18 18:19:42,52,75.0
5663,2026-04-18 18:19:42,53,79.76
5664,2026-04-18 18:19:42,54,76.3
5665,2026-04-18 18:19:42,55,82.33
5666,2026-04-18 18:19:42,56,89.23
5667,2026-04-18 18:20:12,11,120.0
5668,2026-04-18 18:20:12,12,35.0
5669,2026-04-18 18:20:12,13,65.0
5670,2026-04-18 18:20:12,14,85.0
5671,2026-04-18 18:20:12,15,35.0
5672,2026-04-18 18:20:12,16,40.0
5673,2026-04-18 18:20:12,17,70.0
5674,2026-04-18 18:20:12,18,40.0
5675,2026-04-18 18:20:12,19,50.0
5676,2026-04-18 18:20:12,20,25.0
5677,2026-04-18 18:20:12,21,60.0
5678,2026-04-18 18:20:12,50,50.0
5679,2026-04-18 18:20:12,51,88.09
5680,2026-04-18 18:20:12,52,75.0
5681,2026-04-18 18:20:12,53,79.92
5682,2026-04-18 18:20:12,54,76.57
5683,2026-04-18 18:20:12,55,82.54
5684,2026-04-18 18:20:12,56,89.36
5685,2026-04-18 18:20:42,11,120.0
5686,2026-04-18 18:20:42,12,35.0
5687,2026-04-18 18:20:42,13,65.0
5688,2026-04-18 18:20:42,14,85.0
5689,2026-04-18 18:20:42,15,35.0
5690,2026-04-18 18:20:42,16,40.0
5691,2026-04-18 18:20:42,17,70.0
5692,2026-04-18 18:20:42,18,40.0
5693,2026-04-18 18:20:42,19,50.0
5694,2026-04-18 18:20:42,20,25.0
5695,2026-04-18 18:20:42,21,60.0
5696,2026-04-18 18:20:42,50,50.0
5697,2026-04-18 18:20:42,51,87.74
5698,2026-04-18 18:20:42,52,75.0
5699,2026-04-18 18:20:42,53,79.92
5700,2026-04-18 18:20:42,54,76.3
5701,2026-04-18 18:20:42,55,82.79
5702,2026-04-18 18:20:42,56,89.36
5703,2026-04-18 18:21:12,11,120.0
5704,2026-04-18 18:21:13,12,35.0
5705,2026-04-18 18:21:13,13,65.0
5706,2026-04-18 18:21:13,14,85.0
5707,2026-04-18 18:21:13,15,35.0
5708,2026-04-18 18:21:13,16,40.0
5709,2026-04-18 18:21:13,17,70.0
5710,2026-04-18 18:21:13,18,40.0
5711,2026-04-18 18:21:13,19,50.0
5712,2026-04-18 18:21:13,20,25.0
5713,2026-04-18 18:21:13,21,60.0
5714,2026-04-18 18:21:13,50,50.0
5715,2026-04-18 18:21:13,51,87.52
5716,2026-04-18 18:21:13,52,75.0
5717,2026-04-18 18:21:13,53,79.8
5718,2026-04-18 18:21:13,54,76.41
5719,2026-04-18 18:21:13,55,82.87
5720,2026-04-18 18:21:13,56,90.07
5721,2026-04-18 18:21:43,11,120.0
5722,2026-04-18 18:21:43,12,35.0
5723,2026-04-18 18:21:43,13,65.0
5724,2026-04-18 18:21:43,14,85.0
5725,2026-04-18 18:21:43,15,35.0
5726,2026-04-18 18:21:43,16,40.0
5727,2026-04-18 18:21:43,17,70.0
5728,2026-04-18 18:21:43,18,40.0
5729,2026-04-18 18:21:43,19,50.0
5730,2026-04-18 18:21:43,20,25.0
5731,2026-04-18 18:21:43,21,60.0
5732,2026-04-18 18:21:43,50,50.0
5733,2026-04-18 18:21:43,51,87.04
5734,2026-04-18 18:21:43,52,75.0
5735,2026-04-18 18:21:43,53,79.36
5736,2026-04-18 18:21:43,54,76.68
5737,2026-04-18 18:21:43,55,83.12
5738,2026-04-18 18:21:43,56,90.57
5739,2026-04-18 18:22:13,11,120.0
5740,2026-04-18 18:22:13,12,35.0
5741,2026-04-18 18:22:13,13,65.0
5742,2026-04-18 18:22:13,14,85.0
5743,2026-04-18 18:22:13,15,35.0
5744,2026-04-18 18:22:13,16,40.0
5745,2026-04-18 18:22:13,17,70.0
5746,2026-04-18 18:22:13,18,40.0
5747,2026-04-18 18:22:13,19,50.0
5748,2026-04-18 18:22:13,20,25.0
5749,2026-04-18 18:22:13,21,60.0
5750,2026-04-18 18:22:13,50,50.0
5751,2026-04-18 18:22:13,51,86.82
5752,2026-04-18 18:22:13,52,75.0
5753,2026-04-18 18:22:13,53,78.8
5754,2026-04-18 18:22:13,54,76.72
5755,2026-04-18 18:22:13,55,83.24
5756,2026-04-18 18:22:13,56,91.16
5757,2026-04-18 18:22:43,11,120.0
5758,2026-04-18 18:22:43,12,35.0
5759,2026-04-18 18:22:43,13,65.0
5760,2026-04-18 18:22:43,14,85.0
5761,2026-04-18 18:22:43,15,35.0
5762,2026-04-18 18:22:43,16,40.0
5763,2026-04-18 18:22:43,17,70.0
5764,2026-04-18 18:22:43,18,40.0
5765,2026-04-18 18:22:43,19,50.0
5766,2026-04-18 18:22:43,20,25.0
5767,2026-04-18 18:22:43,21,60.0
5768,2026-04-18 18:22:43,50,50.0
5769,2026-04-18 18:22:43,51,86.34
5770,2026-04-18 18:22:43,52,75.07
5771,2026-04-18 18:22:43,53,78.25
5772,2026-04-18 18:22:43,54,76.41
5773,2026-04-18 18:22:43,55,83.45
5774,2026-04-18 18:22:43,56,91.3
5775,2026-04-18 18:23:13,11,120.0
5776,2026-04-18 18:23:13,12,35.0
5777,2026-04-18 18:23:13,13,65.0
5778,2026-04-18 18:23:13,14,85.0
5779,2026-04-18 18:23:13,15,35.0
5780,2026-04-18 18:23:13,16,40.0
5781,2026-04-18 18:23:13,17,70.0
5782,2026-04-18 18:23:13,18,40.0
5783,2026-04-18 18:23:13,19,50.0
5784,2026-04-18 18:23:13,20,25.0
5785,2026-04-18 18:23:13,21,60.0
5786,2026-04-18 18:23:13,50,50.0
5787,2026-04-18 18:23:13,51,86.12
5788,2026-04-18 18:23:13,52,75.15
5789,2026-04-18 18:23:13,53,78.17
5790,2026-04-18 18:23:13,54,76.75
5791,2026-04-18 18:23:13,55,83.32
5792,2026-04-18 18:23:13,56,91.71
5793,2026-04-18 18:23:43,11,120.0
5794,2026-04-18 18:23:43,12,35.0
5795,2026-04-18 18:23:43,13,65.0
5796,2026-04-18 18:23:43,14,85.0
5797,2026-04-18 18:23:43,15,35.0
5798,2026-04-18 18:23:43,16,40.0
5799,2026-04-18 18:23:43,17,70.0
5800,2026-04-18 18:23:43,18,40.0
5801,2026-04-18 18:23:43,19,50.0
5802,2026-04-18 18:23:43,20,25.0
5803,2026-04-18 18:23:43,21,60.0
5804,2026-04-18 18:23:43,50,50.0
5805,2026-04-18 18:23:43,51,85.65
5806,2026-04-18 18:23:43,52,77.67
5807,2026-04-18 18:23:43,53,77.9
5808,2026-04-18 18:23:43,54,77.1
5809,2026-04-18 18:23:43,55,83.03
5810,2026-04-18 18:23:43,56,91.94
5811,2026-04-18 18:24:13,11,120.0
5812,2026-04-18 18:24:13,12,35.0
5813,2026-04-18 18:24:13,13,65.0
5814,2026-04-18 18:24:13,14,85.0
5815,2026-04-18 18:24:13,15,35.0
5816,2026-04-18 18:24:13,16,40.0
5817,2026-04-18 18:24:13,17,70.0
5818,2026-04-18 18:24:13,18,40.0
5819,2026-04-18 18:24:13,19,50.0
5820,2026-04-18 18:24:13,20,25.0
5821,2026-04-18 18:24:13,21,60.0
5822,2026-04-18 18:24:13,50,50.0
5823,2026-04-18 18:24:13,51,85.31
5824,2026-04-18 18:24:13,52,80.19
5825,2026-04-18 18:24:13,53,77.47
5826,2026-04-18 18:24:13,54,77.45
5827,2026-04-18 18:24:13,55,82.86
5828,2026-04-18 18:24:13,56,92.35
5829,2026-04-18 18:24:43,11,120.0
5830,2026-04-18 18:24:43,12,35.0
5831,2026-04-18 18:24:43,13,65.0
5832,2026-04-18 18:24:43,14,85.0
5833,2026-04-18 18:24:43,15,35.0
5834,2026-04-18 18:24:43,16,40.0
5835,2026-04-18 18:24:43,17,70.0
5836,2026-04-18 18:24:43,18,40.0
5837,2026-04-18 18:24:43,19,50.0
5838,2026-04-18 18:24:43,20,25.0
5839,2026-04-18 18:24:43,21,60.0
5840,2026-04-18 18:24:43,50,50.0
5841,2026-04-18 18:24:43,51,84.46
5842,2026-04-18 18:24:43,52,82.8
5843,2026-04-18 18:24:43,53,77.43
5844,2026-04-18 18:24:43,54,77.22
5845,2026-04-18 18:24:43,55,82.65
5846,2026-04-18 18:24:43,56,93.04
5847,2026-04-18 18:25:13,11,120.0
5848,2026-04-18 18:25:13,12,35.0
5849,2026-04-18 18:25:13,13,65.0
5850,2026-04-18 18:25:13,14,85.0
5851,2026-04-18 18:25:13,15,35.0
5852,2026-04-18 18:25:13,16,40.0
5853,2026-04-18 18:25:13,17,70.0
5854,2026-04-18 18:25:13,18,40.0
5855,2026-04-18 18:25:13,19,50.0
5856,2026-04-18 18:25:13,20,25.0
5857,2026-04-18 18:25:13,21,60.0
5858,2026-04-18 18:25:13,50,50.0
5859,2026-04-18 18:25:13,51,83.91
5860,2026-04-18 18:25:13,52,83.05
5861,2026-04-18 18:25:13,53,77.51
5862,2026-04-18 18:25:13,54,77.37
5863,2026-04-18 18:25:13,55,82.53
5864,2026-04-18 18:25:13,56,93.74
5865,2026-04-18 18:25:43,11,120.0
5866,2026-04-18 18:25:43,12,35.0
5867,2026-04-18 18:25:43,13,65.0
5868,2026-04-18 18:25:43,14,85.0
5869,2026-04-18 18:25:43,15,35.0
5870,2026-04-18 18:25:43,16,40.0
5871,2026-04-18 18:25:43,17,70.0
5872,2026-04-18 18:25:43,18,40.0
5873,2026-04-18 18:25:43,19,50.0
5874,2026-04-18 18:25:43,20,25.0
5875,2026-04-18 18:25:43,21,60.0
5876,2026-04-18 18:25:43,50,50.0
5877,2026-04-18 18:25:43,51,83.11
5878,2026-04-18 18:25:43,52,82.68
5879,2026-04-18 18:25:43,53,77.51
5880,2026-04-18 18:25:43,54,77.45
5881,2026-04-18 18:25:43,55,82.78
5882,2026-04-18 18:25:43,56,93.69
5883,2026-04-18 18:26:13,11,120.0
5884,2026-04-18 18:26:13,12,35.0
5885,2026-04-18 18:26:13,13,65.0
5886,2026-04-18 18:26:13,14,85.0
5887,2026-04-18 18:26:13,15,35.0
5888,2026-04-18 18:26:13,16,40.0
5889,2026-04-18 18:26:13,17,70.0
5890,2026-04-18 18:26:13,18,40.0
5891,2026-04-18 18:26:13,19,50.0
5892,2026-04-18 18:26:13,20,25.0
5893,2026-04-18 18:26:13,21,60.0
5894,2026-04-18 18:26:13,50,50.0
5895,2026-04-18 18:26:13,51,82.61
5896,2026-04-18 18:26:14,52,82.97
5897,2026-04-18 18:26:14,53,77.59
5898,2026-04-18 18:26:14,54,77.84
5899,2026-04-18 18:26:14,55,82.53
5900,2026-04-18 18:26:14,56,94.21
5901,2026-04-18 18:26:44,11,120.0
5902,2026-04-18 18:26:44,12,35.0
5903,2026-04-18 18:26:44,13,65.0
5904,2026-04-18 18:26:44,14,85.0
5905,2026-04-18 18:26:44,15,35.0
5906,2026-04-18 18:26:44,16,40.0
5907,2026-04-18 18:26:44,17,70.0
5908,2026-04-18 18:26:44,18,40.0
5909,2026-04-18 18:26:44,19,50.0
5910,2026-04-18 18:26:44,20,25.0
5911,2026-04-18 18:26:44,21,60.0
5912,2026-04-18 18:26:44,50,50.0
5913,2026-04-18 18:26:44,51,82.24
5914,2026-04-18 18:26:44,52,82.6
5915,2026-04-18 18:26:44,53,77.2
5916,2026-04-18 18:26:44,54,77.65
5917,2026-04-18 18:26:44,55,82.65
5918,2026-04-18 18:26:44,56,98.26
5919,2026-04-18 18:27:14,11,120.0
5920,2026-04-18 18:27:14,12,35.0
5921,2026-04-18 18:27:14,13,65.0
5922,2026-04-18 18:27:14,14,85.0
5923,2026-04-18 18:27:14,15,35.0
5924,2026-04-18 18:27:14,16,40.0
5925,2026-04-18 18:27:14,17,70.0
5926,2026-04-18 18:27:14,18,40.0
5927,2026-04-18 18:27:14,19,50.0
5928,2026-04-18 18:27:14,20,25.0
5929,2026-04-18 18:27:14,21,60.0
5930,2026-04-18 18:27:14,50,50.0
5931,2026-04-18 18:27:14,51,81.91
5932,2026-04-18 18:27:14,52,82.6
5933,2026-04-18 18:27:14,53,76.58
5934,2026-04-18 18:27:14,54,78.08
5935,2026-04-18 18:27:14,55,82.57
5936,2026-04-18 18:27:14,56,102.78
5937,2026-04-18 18:27:44,11,120.0
5938,2026-04-18 18:27:44,12,35.0
5939,2026-04-18 18:27:44,13,65.0
5940,2026-04-18 18:27:44,14,85.0
5941,2026-04-18 18:27:44,15,35.0
5942,2026-04-18 18:27:44,16,40.0
5943,2026-04-18 18:27:44,17,70.0
5944,2026-04-18 18:27:44,18,40.0
5945,2026-04-18 18:27:44,19,50.0
5946,2026-04-18 18:27:44,20,25.0
5947,2026-04-18 18:27:44,21,60.0
5948,2026-04-18 18:27:44,50,50.0
5949,2026-04-18 18:27:44,51,81.17
5950,2026-04-18 18:27:44,52,82.6
5951,2026-04-18 18:27:44,53,76.27
5952,2026-04-18 18:27:44,54,77.96
5953,2026-04-18 18:27:44,55,82.86
5954,2026-04-18 18:27:44,56,107.51
5955,2026-04-18 18:28:14,11,120.0
5956,2026-04-18 18:28:14,12,35.0
5957,2026-04-18 18:28:14,13,65.0
5958,2026-04-18 18:28:14,14,85.0
5959,2026-04-18 18:28:14,15,35.0
5960,2026-04-18 18:28:14,16,40.0
5961,2026-04-18 18:28:14,17,70.0
5962,2026-04-18 18:28:14,18,40.0
5963,2026-04-18 18:28:14,19,50.0
5964,2026-04-18 18:28:14,20,25.0
5965,2026-04-18 18:28:14,21,60.0
5966,2026-04-18 18:28:14,50,50.0
5967,2026-04-18 18:28:14,51,83.89
5968,2026-04-18 18:28:14,52,82.85
5969,2026-04-18 18:28:14,53,75.96
5970,2026-04-18 18:28:14,54,78.35
5971,2026-04-18 18:28:14,55,82.74
5972,2026-04-18 18:28:14,56,108.21
5973,2026-04-18 18:28:44,11,120.0
5974,2026-04-18 18:28:44,12,35.0
5975,2026-04-18 18:28:44,13,65.0
5976,2026-04-18 18:28:44,14,85.0
5977,2026-04-18 18:28:44,15,35.0
5978,2026-04-18 18:28:44,16,40.0
5979,2026-04-18 18:28:44,17,70.0
5980,2026-04-18 18:28:44,18,40.0
5981,2026-04-18 18:28:44,19,50.0
5982,2026-04-18 18:28:44,20,25.0
5983,2026-04-18 18:28:44,21,60.0
5984,2026-04-18 18:28:44,50,50.0
5985,2026-04-18 18:28:44,51,86.3
5986,2026-04-18 18:28:44,52,82.85
5987,2026-04-18 18:28:44,53,75.47
5988,2026-04-18 18:28:44,54,78.55
5989,2026-04-18 18:28:44,55,82.62
5990,2026-04-18 18:28:44,56,108.53
5991,2026-04-18 18:29:14,11,120.0
5992,2026-04-18 18:29:14,12,35.0
5993,2026-04-18 18:29:14,13,65.0
5994,2026-04-18 18:29:14,14,85.0
5995,2026-04-18 18:29:14,15,35.0
5996,2026-04-18 18:29:14,16,40.0
5997,2026-04-18 18:29:14,17,70.0
5998,2026-04-18 18:29:14,18,40.0
5999,2026-04-18 18:29:14,19,50.0
6000,2026-04-18 18:29:14,20,25.0
6001,2026-04-18 18:29:14,21,60.0
6002,2026-04-18 18:29:14,50,50.0
6003,2026-04-18 18:29:14,51,88.69
6004,2026-04-18 18:29:14,52,82.39
6005,2026-04-18 18:29:14,53,75.17
6006,2026-04-18 18:29:14,54,78.63
6007,2026-04-18 18:29:14,55,82.83
6008,2026-04-18 18:29:14,56,109.45
6009,2026-04-18 18:29:44,11,120.0
6010,2026-04-18 18:29:44,12,35.0
6011,2026-04-18 18:29:44,13,65.0
6012,2026-04-18 18:29:44,14,85.0
6013,2026-04-18 18:29:44,15,35.0
6014,2026-04-18 18:29:44,16,40.0
6015,2026-04-18 18:29:44,17,70.0
6016,2026-04-18 18:29:44,18,40.0
6017,2026-04-18 18:29:44,19,50.0
6018,2026-04-18 18:29:44,20,25.0
6019,2026-04-18 18:29:44,21,60.0
6020,2026-04-18 18:29:44,50,50.0
6021,2026-04-18 18:29:44,51,88.13
6022,2026-04-18 18:29:44,52,82.55
6023,2026-04-18 18:29:44,53,75.06
6024,2026-04-18 18:29:44,54,78.91
6025,2026-04-18 18:29:44,55,82.37
6026,2026-04-18 18:29:44,56,109.89
6027,2026-04-18 18:30:14,11,120.0
6028,2026-04-18 18:30:14,12,35.0
6029,2026-04-18 18:30:14,13,65.0
6030,2026-04-18 18:30:14,14,85.0
6031,2026-04-18 18:30:14,15,35.0
6032,2026-04-18 18:30:14,16,40.0
6033,2026-04-18 18:30:14,17,70.0
6034,2026-04-18 18:30:14,18,40.0
6035,2026-04-18 18:30:14,19,50.0
6036,2026-04-18 18:30:14,20,25.0
6037,2026-04-18 18:30:14,21,60.0
6038,2026-04-18 18:30:14,50,50.0
6039,2026-04-18 18:30:14,51,87.09
6040,2026-04-18 18:30:14,52,82.34
6041,2026-04-18 18:30:14,53,75.44
6042,2026-04-18 18:30:14,54,78.87
6043,2026-04-18 18:30:14,55,82.04
6044,2026-04-18 18:30:14,56,109.78
6045,2026-04-18 18:30:44,11,120.0
6046,2026-04-18 18:30:44,12,35.0
6047,2026-04-18 18:30:44,13,65.0
6048,2026-04-18 18:30:44,14,85.0
6049,2026-04-18 18:30:44,15,35.0
6050,2026-04-18 18:30:44,16,40.0
6051,2026-04-18 18:30:44,17,70.0
6052,2026-04-18 18:30:44,18,40.0
6053,2026-04-18 18:30:44,19,50.0
6054,2026-04-18 18:30:44,20,25.0
6055,2026-04-18 18:30:44,21,60.0
6056,2026-04-18 18:30:44,50,50.0
6057,2026-04-18 18:30:44,51,86.76
6058,2026-04-18 18:30:44,52,82.01
6059,2026-04-18 18:30:44,53,75.14
6060,2026-04-18 18:30:44,54,78.75
6061,2026-04-18 18:30:44,55,81.83
6062,2026-04-18 18:30:44,56,110.38
6063,2026-04-18 18:31:14,11,120.0
6064,2026-04-18 18:31:14,12,35.0
6065,2026-04-18 18:31:14,13,65.0
6066,2026-04-18 18:31:14,14,85.0
6067,2026-04-18 18:31:14,15,35.0
6068,2026-04-18 18:31:14,16,40.0
6069,2026-04-18 18:31:14,17,70.0
6070,2026-04-18 18:31:14,18,40.0
6071,2026-04-18 18:31:14,19,50.0
6072,2026-04-18 18:31:14,20,25.0
6073,2026-04-18 18:31:14,21,60.0
6074,2026-04-18 18:31:14,50,50.0
6075,2026-04-18 18:31:14,51,86.52
6076,2026-04-18 18:31:14,52,81.76
6077,2026-04-18 18:31:14,53,75.0
6078,2026-04-18 18:31:14,54,78.67
6079,2026-04-18 18:31:14,55,81.83
6080,2026-04-18 18:31:14,56,110.88
6081,2026-04-18 18:31:44,11,120.0
6082,2026-04-18 18:31:44,12,35.0
6083,2026-04-18 18:31:44,13,65.0
6084,2026-04-18 18:31:44,14,85.0
6085,2026-04-18 18:31:44,15,35.0
6086,2026-04-18 18:31:44,16,40.0
6087,2026-04-18 18:31:44,17,70.0
6088,2026-04-18 18:31:44,18,40.0
6089,2026-04-18 18:31:44,19,50.0
6090,2026-04-18 18:31:44,20,25.0
6091,2026-04-18 18:31:44,21,60.0
6092,2026-04-18 18:31:44,50,50.0
6093,2026-04-18 18:31:44,51,85.67
6094,2026-04-18 18:31:45,52,81.8
6095,2026-04-18 18:31:45,53,75.0
6096,2026-04-18 18:31:45,54,78.87
6097,2026-04-18 18:31:45,55,82.08
6098,2026-04-18 18:31:45,56,111.38
6099,2026-04-18 18:32:15,11,120.0
6100,2026-04-18 18:32:15,12,35.0
6101,2026-04-18 18:32:15,13,65.0
6102,2026-04-18 18:32:15,14,85.0
6103,2026-04-18 18:32:15,15,35.0
6104,2026-04-18 18:32:15,16,40.0
6105,2026-04-18 18:32:15,17,70.0
6106,2026-04-18 18:32:15,18,40.0
6107,2026-04-18 18:32:15,19,50.0
6108,2026-04-18 18:32:15,20,25.0
6109,2026-04-18 18:32:15,21,60.0
6110,2026-04-18 18:32:15,50,50.0
6111,2026-04-18 18:32:15,51,84.96
6112,2026-04-18 18:32:15,52,82.05
6113,2026-04-18 18:32:15,53,75.0
6114,2026-04-18 18:32:15,54,78.63
6115,2026-04-18 18:32:15,55,81.59
6116,2026-04-18 18:32:15,56,112.33
6117,2026-04-18 18:32:45,11,120.0
6118,2026-04-18 18:32:45,12,35.0
6119,2026-04-18 18:32:45,13,65.0
6120,2026-04-18 18:32:45,14,85.0
6121,2026-04-18 18:32:45,15,35.0
6122,2026-04-18 18:32:45,16,40.0
6123,2026-04-18 18:32:45,17,70.0
6124,2026-04-18 18:32:45,18,40.0
6125,2026-04-18 18:32:45,19,50.0
6126,2026-04-18 18:32:45,20,25.0
6127,2026-04-18 18:32:45,21,60.0
6128,2026-04-18 18:32:45,50,50.0
6129,2026-04-18 18:32:45,51,84.47
6130,2026-04-18 18:32:45,52,82.38
6131,2026-04-18 18:32:45,53,75.22
6132,2026-04-18 18:32:45,54,78.51
6133,2026-04-18 18:32:45,55,81.47
6134,2026-04-18 18:32:45,56,113.17
6135,2026-04-18 18:33:15,11,120.0
6136,2026-04-18 18:33:15,12,35.0
6137,2026-04-18 18:33:15,13,65.0
6138,2026-04-18 18:33:15,14,85.0
6139,2026-04-18 18:33:15,15,35.0
6140,2026-04-18 18:33:15,16,40.0
6141,2026-04-18 18:33:15,17,70.0
6142,2026-04-18 18:33:15,18,40.0
6143,2026-04-18 18:33:15,19,50.0
6144,2026-04-18 18:33:15,20,25.0
6145,2026-04-18 18:33:15,21,60.0
6146,2026-04-18 18:33:15,50,50.0
6147,2026-04-18 18:33:15,51,83.73
6148,2026-04-18 18:33:15,52,82.34
6149,2026-04-18 18:33:15,53,75.67
6150,2026-04-18 18:33:15,54,78.31
6151,2026-04-18 18:33:15,55,81.1
6152,2026-04-18 18:33:15,56,113.4
6153,2026-04-18 18:33:45,11,120.0
6154,2026-04-18 18:33:45,12,35.0
6155,2026-04-18 18:33:45,13,65.0
6156,2026-04-18 18:33:45,14,85.0
6157,2026-04-18 18:33:45,15,35.0
6158,2026-04-18 18:33:45,16,40.0
6159,2026-04-18 18:33:45,17,70.0
6160,2026-04-18 18:33:45,18,40.0
6161,2026-04-18 18:33:45,19,50.0
6162,2026-04-18 18:33:45,20,25.0
6163,2026-04-18 18:33:45,21,60.0
6164,2026-04-18 18:33:45,50,50.0
6165,2026-04-18 18:33:45,51,82.87
6166,2026-04-18 18:33:45,52,82.79
6167,2026-04-18 18:33:45,53,75.41
6168,2026-04-18 18:33:45,54,78.23
6169,2026-04-18 18:33:45,55,81.34
6170,2026-04-18 18:33:45,56,109.15
6171,2026-04-18 18:34:15,11,120.0
6172,2026-04-18 18:34:15,12,35.0
6173,2026-04-18 18:34:15,13,65.0
6174,2026-04-18 18:34:15,14,85.0
6175,2026-04-18 18:34:15,15,35.0
6176,2026-04-18 18:34:15,16,40.0
6177,2026-04-18 18:34:15,17,70.0
6178,2026-04-18 18:34:15,18,40.0
6179,2026-04-18 18:34:15,19,50.0
6180,2026-04-18 18:34:15,20,25.0
6181,2026-04-18 18:34:15,21,60.0
6182,2026-04-18 18:34:15,50,50.0
6183,2026-04-18 18:34:15,51,82.31
6184,2026-04-18 18:34:15,52,83.0
6185,2026-04-18 18:34:15,53,75.71
6186,2026-04-18 18:34:15,54,77.96
6187,2026-04-18 18:34:15,55,81.5
6188,2026-04-18 18:34:15,56,104.89
6189,2026-04-18 18:34:45,11,120.0
6190,2026-04-18 18:34:45,12,35.0
6191,2026-04-18 18:34:45,13,65.0
6192,2026-04-18 18:34:45,14,85.0
6193,2026-04-18 18:34:45,15,35.0
6194,2026-04-18 18:34:45,16,40.0
6195,2026-04-18 18:34:45,17,70.0
6196,2026-04-18 18:34:45,18,40.0
6197,2026-04-18 18:34:45,19,50.0
6198,2026-04-18 18:34:45,20,25.0
6199,2026-04-18 18:34:45,21,60.0
6200,2026-04-18 18:34:45,50,50.0
6201,2026-04-18 18:34:45,51,81.79
6202,2026-04-18 18:34:45,52,83.46
6203,2026-04-18 18:34:45,53,76.16
6204,2026-04-18 18:34:45,54,77.96
6205,2026-04-18 18:34:45,55,81.42
6206,2026-04-18 18:34:45,56,101.48
6207,2026-04-18 18:35:15,11,120.0
6208,2026-04-18 18:35:15,12,35.0
6209,2026-04-18 18:35:15,13,65.0
6210,2026-04-18 18:35:15,14,85.0
6211,2026-04-18 18:35:15,15,35.0
6212,2026-04-18 18:35:15,16,40.0
6213,2026-04-18 18:35:15,17,70.0
6214,2026-04-18 18:35:15,18,40.0
6215,2026-04-18 18:35:15,19,50.0
6216,2026-04-18 18:35:15,20,25.0
6217,2026-04-18 18:35:15,21,60.0
6218,2026-04-18 18:35:15,50,50.0
6219,2026-04-18 18:35:15,51,81.11
6220,2026-04-18 18:35:15,52,83.46
6221,2026-04-18 18:35:15,53,76.27
6222,2026-04-18 18:35:15,54,78.0
6223,2026-04-18 18:35:15,55,81.14
6224,2026-04-18 18:35:15,56,101.89
6225,2026-04-18 18:35:45,11,120.0
6226,2026-04-18 18:35:45,12,35.0
6227,2026-04-18 18:35:45,13,65.0
6228,2026-04-18 18:35:45,14,85.0
6229,2026-04-18 18:35:45,15,35.0
6230,2026-04-18 18:35:45,16,40.0
6231,2026-04-18 18:35:45,17,70.0
6232,2026-04-18 18:35:45,18,40.0
6233,2026-04-18 18:35:45,19,50.0
6234,2026-04-18 18:35:45,20,25.0
6235,2026-04-18 18:35:45,21,60.0
6236,2026-04-18 18:35:45,50,50.0
6237,2026-04-18 18:35:45,51,80.56
6238,2026-04-18 18:35:45,52,87.26
6239,2026-04-18 18:35:45,53,76.19
6240,2026-04-18 18:35:45,54,78.35
6241,2026-04-18 18:35:45,55,81.18
6242,2026-04-18 18:35:45,56,102.04
6243,2026-04-18 18:36:15,11,120.0
6244,2026-04-18 18:36:15,12,35.0
6245,2026-04-18 18:36:15,13,65.0
6246,2026-04-18 18:36:15,14,85.0
6247,2026-04-18 18:36:15,15,35.0
6248,2026-04-18 18:36:15,16,40.0
6249,2026-04-18 18:36:15,17,70.0
6250,2026-04-18 18:36:15,18,40.0
6251,2026-04-18 18:36:15,19,50.0
6252,2026-04-18 18:36:15,20,25.0
6253,2026-04-18 18:36:15,21,60.0
6254,2026-04-18 18:36:15,50,50.0
6255,2026-04-18 18:36:15,51,80.33
6256,2026-04-18 18:36:15,52,90.49
6257,2026-04-18 18:36:15,53,79.2
6258,2026-04-18 18:36:15,54,78.74
6259,2026-04-18 18:36:15,55,81.1
6260,2026-04-18 18:36:15,56,102.09
6261,2026-04-18 18:36:45,11,120.0
6262,2026-04-18 18:36:45,12,35.0
6263,2026-04-18 18:36:45,13,65.0
6264,2026-04-18 18:36:45,14,85.0
6265,2026-04-18 18:36:45,15,35.0
6266,2026-04-18 18:36:45,16,40.0
6267,2026-04-18 18:36:45,17,70.0
6268,2026-04-18 18:36:45,18,40.0
6269,2026-04-18 18:36:45,19,50.0
6270,2026-04-18 18:36:45,20,25.0
6271,2026-04-18 18:36:45,21,60.0
6272,2026-04-18 18:36:45,50,50.0
6273,2026-04-18 18:36:45,51,80.11
6274,2026-04-18 18:36:45,52,94.02
6275,2026-04-18 18:36:45,53,82.33
6276,2026-04-18 18:36:45,54,79.09
6277,2026-04-18 18:36:45,55,81.26
6278,2026-04-18 18:36:45,56,106.63
6279,2026-04-18 18:37:15,11,120.0
6280,2026-04-18 18:37:15,12,35.0
6281,2026-04-18 18:37:15,13,65.0
6282,2026-04-18 18:37:15,14,85.0
6283,2026-04-18 18:37:16,15,35.0
6284,2026-04-18 18:37:16,16,40.0
6285,2026-04-18 18:37:16,17,70.0
6286,2026-04-18 18:37:16,18,40.0
6287,2026-04-18 18:37:16,19,50.0
6288,2026-04-18 18:37:16,20,25.0
6289,2026-04-18 18:37:16,21,60.0
6290,2026-04-18 18:37:16,50,50.0
6291,2026-04-18 18:37:16,51,79.24
6292,2026-04-18 18:37:16,52,94.49
6293,2026-04-18 18:37:16,53,85.91
6294,2026-04-18 18:37:16,54,79.49
6295,2026-04-18 18:37:16,55,80.98
6296,2026-04-18 18:37:16,56,110.79
6297,2026-04-18 18:37:46,11,120.0
6298,2026-04-18 18:37:46,12,35.0
6299,2026-04-18 18:37:46,13,65.0
6300,2026-04-18 18:37:46,14,85.0
6301,2026-04-18 18:37:46,15,35.0
6302,2026-04-18 18:37:46,16,40.0
6303,2026-04-18 18:37:46,17,70.0
6304,2026-04-18 18:37:46,18,40.0
6305,2026-04-18 18:37:46,19,50.0
6306,2026-04-18 18:37:46,20,25.0
6307,2026-04-18 18:37:46,21,60.0
6308,2026-04-18 18:37:46,50,50.0
6309,2026-04-18 18:37:46,51,78.38
6310,2026-04-18 18:37:46,52,98.22
6311,2026-04-18 18:37:46,53,86.43
6312,2026-04-18 18:37:46,54,79.17
6313,2026-04-18 18:37:46,55,80.45
6314,2026-04-18 18:37:46,56,115.33
6315,2026-04-18 18:38:16,11,120.0
6316,2026-04-18 18:38:16,12,35.0
6317,2026-04-18 18:38:16,13,65.0
6318,2026-04-18 18:38:16,14,85.0
6319,2026-04-18 18:38:16,15,35.0
6320,2026-04-18 18:38:16,16,40.0
6321,2026-04-18 18:38:16,17,70.0
6322,2026-04-18 18:38:16,18,40.0
6323,2026-04-18 18:38:16,19,50.0
6324,2026-04-18 18:38:16,20,25.0
6325,2026-04-18 18:38:16,21,60.0
6326,2026-04-18 18:38:16,50,50.0
6327,2026-04-18 18:38:16,51,78.04
6328,2026-04-18 18:38:16,52,101.85
6329,2026-04-18 18:38:16,53,86.95
6330,2026-04-18 18:38:16,54,79.01
6331,2026-04-18 18:38:16,55,83.63
6332,2026-04-18 18:38:16,56,116.25
6333,2026-04-18 18:38:46,11,120.0
6334,2026-04-18 18:38:46,12,35.0
6335,2026-04-18 18:38:46,13,65.0
6336,2026-04-18 18:38:46,14,85.0
6337,2026-04-18 18:38:46,15,35.0
6338,2026-04-18 18:38:46,16,40.0
6339,2026-04-18 18:38:46,17,70.0
6340,2026-04-18 18:38:46,18,40.0
6341,2026-04-18 18:38:46,19,50.0
6342,2026-04-18 18:38:46,20,25.0
6343,2026-04-18 18:38:46,21,60.0
6344,2026-04-18 18:38:46,50,50.0
6345,2026-04-18 18:38:46,51,77.63
6346,2026-04-18 18:38:46,52,105.97
6347,2026-04-18 18:38:46,53,86.99
6348,2026-04-18 18:38:46,54,78.73
6349,2026-04-18 18:38:46,55,86.93
6350,2026-04-18 18:38:46,56,117.24
6351,2026-04-18 18:39:16,11,120.0
6352,2026-04-18 18:39:16,12,35.0
6353,2026-04-18 18:39:16,13,65.0
6354,2026-04-18 18:39:16,14,85.0
6355,2026-04-18 18:39:16,15,35.0
6356,2026-04-18 18:39:16,16,40.0
6357,2026-04-18 18:39:16,17,70.0
6358,2026-04-18 18:39:16,18,40.0
6359,2026-04-18 18:39:16,19,50.0
6360,2026-04-18 18:39:16,20,25.0
6361,2026-04-18 18:39:16,21,60.0
6362,2026-04-18 18:39:16,50,50.0
6363,2026-04-18 18:39:16,51,76.91
6364,2026-04-18 18:39:16,52,106.76
6365,2026-04-18 18:39:16,53,87.51
6366,2026-04-18 18:39:16,54,78.53
6367,2026-04-18 18:39:16,55,90.58
6368,2026-04-18 18:39:16,56,117.59
6369,2026-04-18 18:39:46,11,120.0
6370,2026-04-18 18:39:46,12,35.0
6371,2026-04-18 18:39:46,13,65.0
6372,2026-04-18 18:39:46,14,85.0
6373,2026-04-18 18:39:46,15,35.0
6374,2026-04-18 18:39:46,16,40.0
6375,2026-04-18 18:39:46,17,70.0
6376,2026-04-18 18:39:46,18,40.0
6377,2026-04-18 18:39:46,19,50.0
6378,2026-04-18 18:39:46,20,25.0
6379,2026-04-18 18:39:46,21,60.0
6380,2026-04-18 18:39:46,50,50.0
6381,2026-04-18 18:39:46,51,75.81
6382,2026-04-18 18:39:46,52,107.19
6383,2026-04-18 18:39:46,53,87.9
6384,2026-04-18 18:39:46,54,78.49
6385,2026-04-18 18:39:46,55,90.4
6386,2026-04-18 18:39:46,56,117.83
6387,2026-04-18 18:40:16,11,120.0
6388,2026-04-18 18:40:16,12,35.0
6389,2026-04-18 18:40:16,13,65.0
6390,2026-04-18 18:40:16,14,85.0
6391,2026-04-18 18:40:16,15,35.0
6392,2026-04-18 18:40:16,16,40.0
6393,2026-04-18 18:40:16,17,70.0
6394,2026-04-18 18:40:16,18,40.0
6395,2026-04-18 18:40:16,19,50.0
6396,2026-04-18 18:40:16,20,25.0
6397,2026-04-18 18:40:16,21,60.0
6398,2026-04-18 18:40:16,50,50.0
6399,2026-04-18 18:40:16,51,75.0
6400,2026-04-18 18:40:16,52,107.19
6401,2026-04-18 18:40:16,53,87.68
6402,2026-04-18 18:40:16,54,78.53
6403,2026-04-18 18:40:16,55,90.17
6404,2026-04-18 18:40:16,56,118.01
6405,2026-04-18 18:40:46,11,120.0
6406,2026-04-18 18:40:46,12,35.0
6407,2026-04-18 18:40:46,13,65.0
6408,2026-04-18 18:40:46,14,85.0
6409,2026-04-18 18:40:46,15,35.0
6410,2026-04-18 18:40:46,16,40.0
6411,2026-04-18 18:40:46,17,70.0
6412,2026-04-18 18:40:46,18,40.0
6413,2026-04-18 18:40:46,19,50.0
6414,2026-04-18 18:40:46,20,25.0
6415,2026-04-18 18:40:46,21,60.0
6416,2026-04-18 18:40:46,50,50.0
6417,2026-04-18 18:40:46,51,75.0
6418,2026-04-18 18:40:46,52,107.94
6419,2026-04-18 18:40:46,53,91.01
6420,2026-04-18 18:40:46,54,78.73
6421,2026-04-18 18:40:46,55,90.35
6422,2026-04-18 18:40:46,56,118.66
6423,2026-04-18 18:41:16,11,120.0
6424,2026-04-18 18:41:16,12,35.0
6425,2026-04-18 18:41:16,13,65.0
6426,2026-04-18 18:41:16,14,85.0
6427,2026-04-18 18:41:16,15,35.0
6428,2026-04-18 18:41:16,16,40.0
6429,2026-04-18 18:41:16,17,70.0
6430,2026-04-18 18:41:16,18,40.0
6431,2026-04-18 18:41:16,19,50.0
6432,2026-04-18 18:41:16,20,25.0
6433,2026-04-18 18:41:16,21,60.0
6434,2026-04-18 18:41:16,50,50.0
6435,2026-04-18 18:41:16,51,75.0
6436,2026-04-18 18:41:16,52,108.05
6437,2026-04-18 18:41:16,53,94.56
6438,2026-04-18 18:41:16,54,78.49
6439,2026-04-18 18:41:16,55,90.49
6440,2026-04-18 18:41:16,56,119.49
6441,2026-04-18 18:41:46,11,120.0
6442,2026-04-18 18:41:46,12,35.0
6443,2026-04-18 18:41:46,13,65.0
6444,2026-04-18 18:41:46,14,85.0
6445,2026-04-18 18:41:46,15,35.0
6446,2026-04-18 18:41:46,16,40.0
6447,2026-04-18 18:41:46,17,70.0
6448,2026-04-18 18:41:46,18,40.0
6449,2026-04-18 18:41:46,19,50.0
6450,2026-04-18 18:41:47,20,25.0
6451,2026-04-18 18:41:47,21,60.0
6452,2026-04-18 18:41:47,50,50.0
6453,2026-04-18 18:41:47,51,75.0
6454,2026-04-18 18:41:47,52,108.48
6455,2026-04-18 18:41:47,53,98.11
6456,2026-04-18 18:41:47,54,78.22
6457,2026-04-18 18:41:47,55,91.03
6458,2026-04-18 18:41:47,56,119.61
6459,2026-04-18 18:42:17,11,120.0
6460,2026-04-18 18:42:17,12,35.0
6461,2026-04-18 18:42:17,13,65.0
6462,2026-04-18 18:42:17,14,85.0
6463,2026-04-18 18:42:17,15,35.0
6464,2026-04-18 18:42:17,16,40.0
6465,2026-04-18 18:42:17,17,70.0
6466,2026-04-18 18:42:17,18,40.0
6467,2026-04-18 18:42:17,19,50.0
6468,2026-04-18 18:42:17,20,25.0
6469,2026-04-18 18:42:17,21,60.0
6470,2026-04-18 18:42:17,50,50.0
6471,2026-04-18 18:42:17,51,75.0
6472,2026-04-18 18:42:17,52,109.08
6473,2026-04-18 18:42:17,53,97.86
6474,2026-04-18 18:42:17,54,78.38
6475,2026-04-18 18:42:17,55,90.67
6476,2026-04-18 18:42:17,56,120.21
6477,2026-04-18 18:42:47,11,120.0
6478,2026-04-18 18:42:47,12,35.0
6479,2026-04-18 18:42:47,13,65.0
6480,2026-04-18 18:42:47,14,85.0
6481,2026-04-18 18:42:47,15,35.0
6482,2026-04-18 18:42:47,16,40.0
6483,2026-04-18 18:42:47,17,70.0
6484,2026-04-18 18:42:47,18,40.0
6485,2026-04-18 18:42:47,19,50.0
6486,2026-04-18 18:42:47,20,25.0
6487,2026-04-18 18:42:47,21,60.0
6488,2026-04-18 18:42:47,50,50.0
6489,2026-04-18 18:42:47,51,75.0
6490,2026-04-18 18:42:47,52,108.37
6491,2026-04-18 18:42:47,53,97.47
6492,2026-04-18 18:42:47,54,78.77
6493,2026-04-18 18:42:47,55,90.4
6494,2026-04-18 18:42:47,56,120.09
6495,2026-04-18 18:43:17,11,120.0
6496,2026-04-18 18:43:17,12,35.0
6497,2026-04-18 18:43:17,13,65.0
6498,2026-04-18 18:43:17,14,85.0
6499,2026-04-18 18:43:17,15,35.0
6500,2026-04-18 18:43:17,16,40.0
6501,2026-04-18 18:43:17,17,70.0
6502,2026-04-18 18:43:17,18,40.0
6503,2026-04-18 18:43:17,19,50.0
6504,2026-04-18 18:43:17,20,25.0
6505,2026-04-18 18:43:17,21,60.0
6506,2026-04-18 18:43:17,50,50.0
6507,2026-04-18 18:43:17,51,75.0
6508,2026-04-18 18:43:17,52,108.32
6509,2026-04-18 18:43:17,53,97.91
6510,2026-04-18 18:43:17,54,79.12
6511,2026-04-18 18:43:17,55,90.49
6512,2026-04-18 18:43:17,56,120.39
6513,2026-04-18 18:43:47,11,120.0
6514,2026-04-18 18:43:47,12,35.0
6515,2026-04-18 18:43:47,13,65.0
6516,2026-04-18 18:43:47,14,85.0
6517,2026-04-18 18:43:47,15,35.0
6518,2026-04-18 18:43:47,16,40.0
6519,2026-04-18 18:43:47,17,70.0
6520,2026-04-18 18:43:47,18,40.0
6521,2026-04-18 18:43:47,19,50.0
6522,2026-04-18 18:43:47,20,25.0
6523,2026-04-18 18:43:47,21,60.0
6524,2026-04-18 18:43:47,50,50.0
6525,2026-04-18 18:43:47,51,75.0
6526,2026-04-18 18:43:47,52,108.7
6527,2026-04-18 18:43:47,53,98.3
6528,2026-04-18 18:43:47,54,79.32
6529,2026-04-18 18:43:47,55,90.54
6530,2026-04-18 18:43:47,56,120.99
6531,2026-04-18 18:44:17,11,120.0
6532,2026-04-18 18:44:17,12,35.0
6533,2026-04-18 18:44:17,13,65.0
6534,2026-04-18 18:44:17,14,85.0
6535,2026-04-18 18:44:17,15,35.0
6536,2026-04-18 18:44:17,16,40.0
6537,2026-04-18 18:44:17,17,70.0
6538,2026-04-18 18:44:17,18,40.0
6539,2026-04-18 18:44:17,19,50.0
6540,2026-04-18 18:44:17,20,25.0
6541,2026-04-18 18:44:17,21,60.0
6542,2026-04-18 18:44:17,50,50.0
6543,2026-04-18 18:44:17,51,75.0
6544,2026-04-18 18:44:17,52,108.81
6545,2026-04-18 18:44:17,53,98.01
6546,2026-04-18 18:44:17,54,79.72
6547,2026-04-18 18:44:17,55,90.9
6548,2026-04-18 18:44:17,56,120.99
6549,2026-04-18 18:44:47,11,120.0
6550,2026-04-18 18:44:47,12,35.0
6551,2026-04-18 18:44:47,13,65.0
6552,2026-04-18 18:44:47,14,85.0
6553,2026-04-18 18:44:47,15,35.0
6554,2026-04-18 18:44:47,16,40.0
6555,2026-04-18 18:44:47,17,70.0
6556,2026-04-18 18:44:47,18,40.0
6557,2026-04-18 18:44:47,19,50.0
6558,2026-04-18 18:44:47,20,25.0
6559,2026-04-18 18:44:47,21,60.0
6560,2026-04-18 18:44:47,50,50.0
6561,2026-04-18 18:44:47,51,75.0
6562,2026-04-18 18:44:47,52,108.7
6563,2026-04-18 18:44:47,53,97.96
6564,2026-04-18 18:44:47,54,79.6
6565,2026-04-18 18:44:47,55,90.54
6566,2026-04-18 18:44:47,56,120.81
6567,2026-04-18 18:45:17,11,120.0
6568,2026-04-18 18:45:17,12,35.0
6569,2026-04-18 18:45:17,13,65.0
6570,2026-04-18 18:45:17,14,85.0
6571,2026-04-18 18:45:17,15,35.0
6572,2026-04-18 18:45:17,16,40.0
6573,2026-04-18 18:45:17,17,70.0
6574,2026-04-18 18:45:17,18,40.0
6575,2026-04-18 18:45:17,19,50.0
6576,2026-04-18 18:45:17,20,25.0
6577,2026-04-18 18:45:17,21,60.0
6578,2026-04-18 18:45:17,50,50.0
6579,2026-04-18 18:45:17,51,75.0
6580,2026-04-18 18:45:17,52,108.32
6581,2026-04-18 18:45:17,53,98.06
6582,2026-04-18 18:45:17,54,79.28
6583,2026-04-18 18:45:17,55,90.77
6584,2026-04-18 18:45:17,56,120.81
6585,2026-04-18 18:45:47,11,120.0
6586,2026-04-18 18:45:47,12,35.0
6587,2026-04-18 18:45:47,13,65.0
6588,2026-04-18 18:45:47,14,85.0
6589,2026-04-18 18:45:47,15,35.0
6590,2026-04-18 18:45:47,16,40.0
6591,2026-04-18 18:45:47,17,70.0
6592,2026-04-18 18:45:47,18,40.0
6593,2026-04-18 18:45:47,19,50.0
6594,2026-04-18 18:45:47,20,25.0
6595,2026-04-18 18:45:47,21,60.0
6596,2026-04-18 18:45:47,50,50.0
6597,2026-04-18 18:45:47,51,75.0
6598,2026-04-18 18:45:47,52,108.27
6599,2026-04-18 18:45:47,53,98.4
6600,2026-04-18 18:45:47,54,79.72
6601,2026-04-18 18:45:47,55,91.13
6602,2026-04-18 18:45:47,56,120.63
6603,2026-04-18 18:46:17,11,120.0
6604,2026-04-18 18:46:17,12,35.0
6605,2026-04-18 18:46:17,13,65.0
6606,2026-04-18 18:46:17,14,85.0
6607,2026-04-18 18:46:17,15,35.0
6608,2026-04-18 18:46:17,16,40.0
6609,2026-04-18 18:46:17,17,70.0
6610,2026-04-18 18:46:17,18,40.0
6611,2026-04-18 18:46:17,19,50.0
6612,2026-04-18 18:46:17,20,25.0
6613,2026-04-18 18:46:17,21,60.0
6614,2026-04-18 18:46:17,50,50.0
6615,2026-04-18 18:46:17,51,75.0
6616,2026-04-18 18:46:17,52,107.4
6617,2026-04-18 18:46:17,53,98.65
6618,2026-04-18 18:46:17,54,79.44
6619,2026-04-18 18:46:17,55,91.27
6620,2026-04-18 18:46:17,56,120.63
6621,2026-04-18 18:46:47,11,120.0
6622,2026-04-18 18:46:47,12,35.0
6623,2026-04-18 18:46:47,13,65.0
6624,2026-04-18 18:46:47,14,85.0
6625,2026-04-18 18:46:47,15,35.0
6626,2026-04-18 18:46:47,16,40.0
6627,2026-04-18 18:46:47,17,70.0
6628,2026-04-18 18:46:47,18,40.0
6629,2026-04-18 18:46:47,19,50.0
6630,2026-04-18 18:46:47,20,25.0
6631,2026-04-18 18:46:47,21,60.0
6632,2026-04-18 18:46:47,50,50.0
6633,2026-04-18 18:46:47,51,75.0
6634,2026-04-18 18:46:47,52,107.45
6635,2026-04-18 18:46:47,53,98.9
6636,2026-04-18 18:46:47,54,79.4
6637,2026-04-18 18:46:48,55,91.82
6638,2026-04-18 18:46:48,56,120.63
6639,2026-04-18 18:47:18,11,120.0
6640,2026-04-18 18:47:18,12,35.0
6641,2026-04-18 18:47:18,13,65.0
6642,2026-04-18 18:47:18,14,85.0
6643,2026-04-18 18:47:18,15,35.0
6644,2026-04-18 18:47:18,16,40.0
6645,2026-04-18 18:47:18,17,70.0
6646,2026-04-18 18:47:18,18,40.0
6647,2026-04-18 18:47:18,19,50.0
6648,2026-04-18 18:47:18,20,25.0
6649,2026-04-18 18:47:18,21,60.0
6650,2026-04-18 18:47:18,50,50.0
6651,2026-04-18 18:47:18,51,75.0
6652,2026-04-18 18:47:18,52,107.24
6653,2026-04-18 18:47:18,53,99.39
6654,2026-04-18 18:47:18,54,79.76
6655,2026-04-18 18:47:18,55,92.37
6656,2026-04-18 18:47:18,56,121.6
6657,2026-04-18 18:47:48,11,120.0
6658,2026-04-18 18:47:48,12,35.0
6659,2026-04-18 18:47:48,13,65.0
6660,2026-04-18 18:47:48,14,85.0
6661,2026-04-18 18:47:48,15,35.0
6662,2026-04-18 18:47:48,16,40.0
6663,2026-04-18 18:47:48,17,70.0
6664,2026-04-18 18:47:48,18,40.0
6665,2026-04-18 18:47:48,19,50.0
6666,2026-04-18 18:47:48,20,25.0
6667,2026-04-18 18:47:48,21,60.0
6668,2026-04-18 18:47:48,50,50.0
6669,2026-04-18 18:47:48,51,75.0
6670,2026-04-18 18:47:48,52,106.54
6671,2026-04-18 18:47:48,53,98.99
6672,2026-04-18 18:47:48,54,79.64
6673,2026-04-18 18:47:48,55,92.05
6674,2026-04-18 18:47:48,56,121.9
6675,2026-04-18 18:48:18,11,120.0
6676,2026-04-18 18:48:18,12,35.0
6677,2026-04-18 18:48:18,13,65.0
6678,2026-04-18 18:48:18,14,85.0
6679,2026-04-18 18:48:18,15,35.0
6680,2026-04-18 18:48:18,16,40.0
6681,2026-04-18 18:48:18,17,70.0
6682,2026-04-18 18:48:18,18,40.0
6683,2026-04-18 18:48:18,19,50.0
6684,2026-04-18 18:48:18,20,25.0
6685,2026-04-18 18:48:18,21,60.0
6686,2026-04-18 18:48:18,50,50.0
6687,2026-04-18 18:48:18,51,75.0
6688,2026-04-18 18:48:18,52,106.38
6689,2026-04-18 18:48:18,53,99.53
6690,2026-04-18 18:48:18,54,79.68
6691,2026-04-18 18:48:18,55,92.28
6692,2026-04-18 18:48:18,56,121.84
6693,2026-04-18 18:48:48,11,120.0
6694,2026-04-18 18:48:48,12,35.0
6695,2026-04-18 18:48:48,13,65.0
6696,2026-04-18 18:48:48,14,85.0
6697,2026-04-18 18:48:48,15,35.0
6698,2026-04-18 18:48:48,16,40.0
6699,2026-04-18 18:48:48,17,70.0
6700,2026-04-18 18:48:48,18,40.0
6701,2026-04-18 18:48:48,19,50.0
6702,2026-04-18 18:48:48,20,25.0
6703,2026-04-18 18:48:48,21,60.0
6704,2026-04-18 18:48:48,50,50.0
6705,2026-04-18 18:48:48,51,75.0
6706,2026-04-18 18:48:48,52,106.33
6707,2026-04-18 18:48:48,53,99.18
6708,2026-04-18 18:48:48,54,79.48
6709,2026-04-18 18:48:48,55,91.96
6710,2026-04-18 18:48:48,56,121.84
6711,2026-04-18 18:49:18,11,120.0
6712,2026-04-18 18:49:18,12,35.0
6713,2026-04-18 18:49:18,13,65.0
6714,2026-04-18 18:49:18,14,85.0
6715,2026-04-18 18:49:18,15,35.0
6716,2026-04-18 18:49:18,16,40.0
6717,2026-04-18 18:49:18,17,70.0
6718,2026-04-18 18:49:18,18,40.0
6719,2026-04-18 18:49:18,19,50.0
6720,2026-04-18 18:49:18,20,25.0
6721,2026-04-18 18:49:18,21,60.0
6722,2026-04-18 18:49:18,50,50.0
6723,2026-04-18 18:49:18,51,75.0
6724,2026-04-18 18:49:18,52,106.7
6725,2026-04-18 18:49:18,53,99.08
6726,2026-04-18 18:49:18,54,79.96
6727,2026-04-18 18:49:18,55,91.64
6728,2026-04-18 18:49:18,56,121.78
6729,2026-04-18 18:49:48,11,120.0
6730,2026-04-18 18:49:48,12,35.0
6731,2026-04-18 18:49:48,13,65.0
6732,2026-04-18 18:49:48,14,85.0
6733,2026-04-18 18:49:48,15,35.0
6734,2026-04-18 18:49:48,16,40.0
6735,2026-04-18 18:49:48,17,70.0
6736,2026-04-18 18:49:48,18,40.0
6737,2026-04-18 18:49:48,19,50.0
6738,2026-04-18 18:49:48,20,25.0
6739,2026-04-18 18:49:48,21,60.0
6740,2026-04-18 18:49:48,50,50.0
6741,2026-04-18 18:49:48,51,75.0
6742,2026-04-18 18:49:48,52,106.49
6743,2026-04-18 18:49:48,53,99.28
6744,2026-04-18 18:49:48,54,80.28
6745,2026-04-18 18:49:48,55,91.55
6746,2026-04-18 18:49:48,56,122.15
6747,2026-04-18 18:50:18,11,120.0
6748,2026-04-18 18:50:18,12,35.0
6749,2026-04-18 18:50:18,13,65.0
6750,2026-04-18 18:50:18,14,85.0
6751,2026-04-18 18:50:18,15,35.0
6752,2026-04-18 18:50:18,16,40.0
6753,2026-04-18 18:50:18,17,70.0
6754,2026-04-18 18:50:18,18,40.0
6755,2026-04-18 18:50:18,19,50.0
6756,2026-04-18 18:50:18,20,25.0
6757,2026-04-18 18:50:18,21,60.0
6758,2026-04-18 18:50:18,50,50.0
6759,2026-04-18 18:50:18,51,75.0
6760,2026-04-18 18:50:18,52,106.92
6761,2026-04-18 18:50:18,53,99.73
6762,2026-04-18 18:50:18,54,80.4
6763,2026-04-18 18:50:18,55,91.05
6764,2026-04-18 18:50:18,56,123.19
6765,2026-04-18 18:50:48,11,120.0
6766,2026-04-18 18:50:48,12,35.0
6767,2026-04-18 18:50:48,13,65.0
6768,2026-04-18 18:50:48,14,85.0
6769,2026-04-18 18:50:48,15,35.0
6770,2026-04-18 18:50:48,16,40.0
6771,2026-04-18 18:50:48,17,70.0
6772,2026-04-18 18:50:48,18,40.0
6773,2026-04-18 18:50:48,19,50.0
6774,2026-04-18 18:50:48,20,25.0
6775,2026-04-18 18:50:48,21,60.0
6776,2026-04-18 18:50:48,50,50.0
6777,2026-04-18 18:50:48,51,75.0
6778,2026-04-18 18:50:48,52,107.51
6779,2026-04-18 18:50:48,53,100.28
6780,2026-04-18 18:50:48,54,80.28
6781,2026-04-18 18:50:48,55,91.14
6782,2026-04-18 18:50:48,56,123.99
6783,2026-04-18 18:51:18,11,120.0
6784,2026-04-18 18:51:18,12,35.0
6785,2026-04-18 18:51:18,13,65.0
6786,2026-04-18 18:51:18,14,85.0
6787,2026-04-18 18:51:18,15,35.0
6788,2026-04-18 18:51:18,16,40.0
6789,2026-04-18 18:51:18,17,70.0
6790,2026-04-18 18:51:18,18,40.0
6791,2026-04-18 18:51:18,19,50.0
6792,2026-04-18 18:51:18,20,25.0
6793,2026-04-18 18:51:18,21,60.0
6794,2026-04-18 18:51:18,50,50.0
6795,2026-04-18 18:51:18,51,75.0
6796,2026-04-18 18:51:18,52,107.83
6797,2026-04-18 18:51:18,53,100.13
6798,2026-04-18 18:51:18,54,80.72
6799,2026-04-18 18:51:18,55,90.64
6800,2026-04-18 18:51:18,56,124.73
6801,2026-04-18 18:51:48,11,120.0
6802,2026-04-18 18:51:48,12,35.0
6803,2026-04-18 18:51:48,13,65.0
6804,2026-04-18 18:51:48,14,85.0
6805,2026-04-18 18:51:48,15,35.0
6806,2026-04-18 18:51:48,16,40.0
6807,2026-04-18 18:51:48,17,70.0
6808,2026-04-18 18:51:48,18,40.0
6809,2026-04-18 18:51:48,19,50.0
6810,2026-04-18 18:51:48,20,25.0
6811,2026-04-18 18:51:48,21,60.0
6812,2026-04-18 18:51:48,50,50.0
6813,2026-04-18 18:51:48,51,75.0
6814,2026-04-18 18:51:48,52,107.45
6815,2026-04-18 18:51:48,53,100.53
6816,2026-04-18 18:51:48,54,80.44
6817,2026-04-18 18:51:48,55,90.28
6818,2026-04-18 18:51:48,56,125.29
6819,2026-04-18 18:52:18,11,120.0
6820,2026-04-18 18:52:18,12,35.0
6821,2026-04-18 18:52:18,13,65.0
6822,2026-04-18 18:52:19,14,85.0
6823,2026-04-18 18:52:19,15,35.0
6824,2026-04-18 18:52:19,16,40.0
6825,2026-04-18 18:52:19,17,70.0
6826,2026-04-18 18:52:19,18,40.0
6827,2026-04-18 18:52:19,19,50.0
6828,2026-04-18 18:52:19,20,25.0
6829,2026-04-18 18:52:19,21,60.0
6830,2026-04-18 18:52:19,50,50.0
6831,2026-04-18 18:52:19,51,75.0
6832,2026-04-18 18:52:19,52,107.61
6833,2026-04-18 18:52:19,53,100.18
6834,2026-04-18 18:52:19,54,80.16
6835,2026-04-18 18:52:19,55,89.74
6836,2026-04-18 18:52:19,56,125.98
6837,2026-04-18 18:52:49,11,120.0
6838,2026-04-18 18:52:49,12,35.0
6839,2026-04-18 18:52:49,13,65.0
6840,2026-04-18 18:52:49,14,85.0
6841,2026-04-18 18:52:49,15,35.0
6842,2026-04-18 18:52:49,16,40.0
6843,2026-04-18 18:52:49,17,70.0
6844,2026-04-18 18:52:49,18,40.0
6845,2026-04-18 18:52:49,19,50.0
6846,2026-04-18 18:52:49,20,25.0
6847,2026-04-18 18:52:49,21,60.0
6848,2026-04-18 18:52:49,50,50.0
6849,2026-04-18 18:52:49,51,75.0
6850,2026-04-18 18:52:49,52,108.2
6851,2026-04-18 18:52:49,53,100.33
6852,2026-04-18 18:52:49,54,80.52
6853,2026-04-18 18:52:49,55,89.78
6854,2026-04-18 18:52:49,56,126.17
6855,2026-04-18 18:53:19,11,120.0
6856,2026-04-18 18:53:19,12,35.0
6857,2026-04-18 18:53:19,13,65.0
6858,2026-04-18 18:53:19,14,85.0
6859,2026-04-18 18:53:19,15,35.0
6860,2026-04-18 18:53:19,16,40.0
6861,2026-04-18 18:53:19,17,70.0
6862,2026-04-18 18:53:19,18,40.0
6863,2026-04-18 18:53:19,19,50.0
6864,2026-04-18 18:53:19,20,25.0
6865,2026-04-18 18:53:19,21,60.0
6866,2026-04-18 18:53:19,50,50.0
6867,2026-04-18 18:53:19,51,75.0
6868,2026-04-18 18:53:19,52,108.74
6869,2026-04-18 18:53:19,53,96.82
6870,2026-04-18 18:53:19,54,80.56
6871,2026-04-18 18:53:19,55,89.56
6872,2026-04-18 18:53:19,56,126.67
6873,2026-04-18 18:53:49,11,120.0
6874,2026-04-18 18:53:49,12,35.0
6875,2026-04-18 18:53:49,13,65.0
6876,2026-04-18 18:53:49,14,85.0
6877,2026-04-18 18:53:49,15,35.0
6878,2026-04-18 18:53:49,16,40.0
6879,2026-04-18 18:53:49,17,70.0
6880,2026-04-18 18:53:49,18,40.0
6881,2026-04-18 18:53:49,19,50.0
6882,2026-04-18 18:53:49,20,25.0
6883,2026-04-18 18:53:49,21,60.0
6884,2026-04-18 18:53:49,50,50.0
6885,2026-04-18 18:53:49,51,75.0
6886,2026-04-18 18:53:49,52,109.07
6887,2026-04-18 18:53:49,53,93.62
6888,2026-04-18 18:53:49,54,83.34
6889,2026-04-18 18:53:49,55,89.2
6890,2026-04-18 18:53:49,56,126.54
6891,2026-04-18 18:54:19,11,120.0
6892,2026-04-18 18:54:19,12,35.0
6893,2026-04-18 18:54:19,13,65.0
6894,2026-04-18 18:54:19,14,85.0
6895,2026-04-18 18:54:19,15,35.0
6896,2026-04-18 18:54:19,16,40.0
6897,2026-04-18 18:54:19,17,70.0
6898,2026-04-18 18:54:19,18,40.0
6899,2026-04-18 18:54:19,19,50.0
6900,2026-04-18 18:54:19,20,25.0
6901,2026-04-18 18:54:19,21,60.0
6902,2026-04-18 18:54:19,50,50.0
6903,2026-04-18 18:54:19,51,75.0
6904,2026-04-18 18:54:19,52,109.4
6905,2026-04-18 18:54:19,53,90.06
6906,2026-04-18 18:54:19,54,86.88
6907,2026-04-18 18:54:19,55,89.24
6908,2026-04-18 18:54:19,56,126.22
6909,2026-04-18 18:54:49,11,120.0
6910,2026-04-18 18:54:49,12,35.0
6911,2026-04-18 18:54:49,13,65.0
6912,2026-04-18 18:54:49,14,85.0
6913,2026-04-18 18:54:49,15,35.0
6914,2026-04-18 18:54:49,16,40.0
6915,2026-04-18 18:54:49,17,70.0
6916,2026-04-18 18:54:49,18,40.0
6917,2026-04-18 18:54:49,19,50.0
6918,2026-04-18 18:54:49,20,25.0
6919,2026-04-18 18:54:49,21,60.0
6920,2026-04-18 18:54:49,50,50.0
6921,2026-04-18 18:54:49,51,75.0
6922,2026-04-18 18:54:49,52,109.02
6923,2026-04-18 18:54:49,53,86.64
6924,2026-04-18 18:54:49,54,90.49
6925,2026-04-18 18:54:49,55,89.33
6926,2026-04-18 18:54:49,56,126.03
6927,2026-04-18 18:55:19,11,120.0
6928,2026-04-18 18:55:19,12,35.0
6929,2026-04-18 18:55:19,13,65.0
6930,2026-04-18 18:55:19,14,85.0
6931,2026-04-18 18:55:19,15,35.0
6932,2026-04-18 18:55:19,16,40.0
6933,2026-04-18 18:55:19,17,70.0
6934,2026-04-18 18:55:19,18,40.0
6935,2026-04-18 18:55:19,19,50.0
6936,2026-04-18 18:55:19,20,25.0
6937,2026-04-18 18:55:19,21,60.0
6938,2026-04-18 18:55:19,50,50.0
6939,2026-04-18 18:55:19,51,75.0
6940,2026-04-18 18:55:19,52,109.18
6941,2026-04-18 18:55:19,53,86.55
6942,2026-04-18 18:55:19,54,90.49
6943,2026-04-18 18:55:19,55,85.62
6944,2026-04-18 18:55:19,56,126.79
6945,2026-04-18 18:55:49,11,120.0
6946,2026-04-18 18:55:49,12,35.0
6947,2026-04-18 18:55:49,13,65.0
6948,2026-04-18 18:55:49,14,85.0
6949,2026-04-18 18:55:49,15,35.0
6950,2026-04-18 18:55:49,16,40.0
6951,2026-04-18 18:55:49,17,70.0
6952,2026-04-18 18:55:49,18,40.0
6953,2026-04-18 18:55:49,19,50.0
6954,2026-04-18 18:55:49,20,25.0
6955,2026-04-18 18:55:49,21,60.0
6956,2026-04-18 18:55:49,50,50.0
6957,2026-04-18 18:55:49,51,75.0
6958,2026-04-18 18:55:49,52,109.23
6959,2026-04-18 18:55:49,53,86.77
6960,2026-04-18 18:55:49,54,90.31
6961,2026-04-18 18:55:49,55,82.15
6962,2026-04-18 18:55:49,56,126.54
6963,2026-04-18 18:56:19,11,120.0
6964,2026-04-18 18:56:19,12,35.0
6965,2026-04-18 18:56:19,13,65.0
6966,2026-04-18 18:56:19,14,85.0
6967,2026-04-18 18:56:19,15,35.0
6968,2026-04-18 18:56:19,16,40.0
6969,2026-04-18 18:56:19,17,70.0
6970,2026-04-18 18:56:19,18,40.0
6971,2026-04-18 18:56:19,19,50.0
6972,2026-04-18 18:56:19,20,25.0
6973,2026-04-18 18:56:19,21,60.0
6974,2026-04-18 18:56:19,50,50.0
6975,2026-04-18 18:56:19,51,75.0
6976,2026-04-18 18:56:19,52,108.9
6977,2026-04-18 18:56:19,53,86.64
6978,2026-04-18 18:56:19,54,90.17
6979,2026-04-18 18:56:19,55,84.86
6980,2026-04-18 18:56:19,56,126.98
6981,2026-04-18 18:56:49,11,120.0
6982,2026-04-18 18:56:49,12,35.0
6983,2026-04-18 18:56:49,13,65.0
6984,2026-04-18 18:56:49,14,85.0
6985,2026-04-18 18:56:49,15,35.0
6986,2026-04-18 18:56:49,16,40.0
6987,2026-04-18 18:56:50,17,70.0
6988,2026-04-18 18:56:50,18,40.0
6989,2026-04-18 18:56:50,19,50.0
6990,2026-04-18 18:56:50,20,25.0
6991,2026-04-18 18:56:50,21,60.0
6992,2026-04-18 18:56:50,50,50.0
6993,2026-04-18 18:56:50,51,75.19
6994,2026-04-18 18:56:50,52,109.19
6995,2026-04-18 18:56:50,53,87.03
6996,2026-04-18 18:56:50,54,89.99
6997,2026-04-18 18:56:50,55,87.49
6998,2026-04-18 18:56:50,56,126.79
6999,2026-04-18 18:57:20,11,120.0
7000,2026-04-18 18:57:20,12,35.0
7001,2026-04-18 18:57:20,13,65.0
7002,2026-04-18 18:57:20,14,85.0
7003,2026-04-18 18:57:20,15,35.0
7004,2026-04-18 18:57:20,16,40.0
7005,2026-04-18 18:57:20,17,70.0
7006,2026-04-18 18:57:20,18,40.0
7007,2026-04-18 18:57:20,19,50.0
7008,2026-04-18 18:57:20,20,25.0
7009,2026-04-18 18:57:20,21,60.0
7010,2026-04-18 18:57:20,50,50.0
7011,2026-04-18 18:57:20,51,75.0
7012,2026-04-18 18:57:20,52,109.54
7013,2026-04-18 18:57:20,53,87.16
7014,2026-04-18 18:57:20,54,90.26
7015,2026-04-18 18:57:20,55,90.2
7016,2026-04-18 18:57:20,56,126.47
7017,2026-04-18 18:57:50,11,120.0
7018,2026-04-18 18:57:50,12,35.0
7019,2026-04-18 18:57:50,13,65.0
7020,2026-04-18 18:57:50,14,85.0
7021,2026-04-18 18:57:50,15,35.0
7022,2026-04-18 18:57:50,16,40.0
7023,2026-04-18 18:57:50,17,70.0
7024,2026-04-18 18:57:50,18,40.0
7025,2026-04-18 18:57:50,19,50.0
7026,2026-04-18 18:57:50,20,25.0
7027,2026-04-18 18:57:50,21,60.0
7028,2026-04-18 18:57:50,50,50.0
7029,2026-04-18 18:57:50,51,75.0
7030,2026-04-18 18:57:50,52,109.67
7031,2026-04-18 18:57:50,53,87.25
7032,2026-04-18 18:57:50,54,90.62
7033,2026-04-18 18:57:50,55,93.0
7034,2026-04-18 18:57:50,56,126.03
7035,2026-04-18 18:58:20,11,120.0
7036,2026-04-18 18:58:20,12,35.0
7037,2026-04-18 18:58:20,13,65.0
7038,2026-04-18 18:58:20,14,85.0
7039,2026-04-18 18:58:20,15,35.0
7040,2026-04-18 18:58:20,16,40.0
7041,2026-04-18 18:58:20,17,70.0
7042,2026-04-18 18:58:20,18,40.0
7043,2026-04-18 18:58:20,19,50.0
7044,2026-04-18 18:58:20,20,25.0
7045,2026-04-18 18:58:20,21,60.0
7046,2026-04-18 18:58:20,50,50.0
7047,2026-04-18 18:58:20,51,75.0
7048,2026-04-18 18:58:20,52,109.64
7049,2026-04-18 18:58:20,53,87.34
7050,2026-04-18 18:58:20,54,91.07
7051,2026-04-18 18:58:20,55,96.81
7052,2026-04-18 18:58:20,56,125.71
7053,2026-04-18 18:58:50,11,120.0
7054,2026-04-18 18:58:50,12,35.0
7055,2026-04-18 18:58:50,13,65.0
7056,2026-04-18 18:58:50,14,85.0
7057,2026-04-18 18:58:50,15,35.0
7058,2026-04-18 18:58:50,16,40.0
7059,2026-04-18 18:58:50,17,70.0
7060,2026-04-18 18:58:50,18,40.0
7061,2026-04-18 18:58:50,19,50.0
7062,2026-04-18 18:58:50,20,25.0
7063,2026-04-18 18:58:50,21,60.0
7064,2026-04-18 18:58:50,50,50.0
7065,2026-04-18 18:58:50,51,75.45
7066,2026-04-18 18:58:50,52,110.1
7067,2026-04-18 18:58:50,53,87.78
7068,2026-04-18 18:58:50,54,90.93
7069,2026-04-18 18:58:50,55,96.76
7070,2026-04-18 18:58:50,56,125.77
7071,2026-04-18 18:59:20,11,120.0
7072,2026-04-18 18:59:20,12,35.0
7073,2026-04-18 18:59:20,13,65.0
7074,2026-04-18 18:59:20,14,85.0
7075,2026-04-18 18:59:20,15,35.0
7076,2026-04-18 18:59:20,16,40.0
7077,2026-04-18 18:59:20,17,70.0
7078,2026-04-18 18:59:20,18,40.0
7079,2026-04-18 18:59:20,19,50.0
7080,2026-04-18 18:59:20,20,25.0
7081,2026-04-18 18:59:20,21,60.0
7082,2026-04-18 18:59:20,50,50.0
7083,2026-04-18 18:59:20,51,75.53
7084,2026-04-18 18:59:20,52,110.18
7085,2026-04-18 18:59:20,53,88.44
7086,2026-04-18 18:59:20,54,90.66
7087,2026-04-18 18:59:20,55,96.23
7088,2026-04-18 18:59:20,56,125.71
7089,2026-04-18 18:59:50,11,120.0
7090,2026-04-18 18:59:50,12,35.0
7091,2026-04-18 18:59:50,13,65.0
7092,2026-04-18 18:59:50,14,85.0
7093,2026-04-18 18:59:50,15,35.0
7094,2026-04-18 18:59:50,16,40.0
7095,2026-04-18 18:59:50,17,70.0
7096,2026-04-18 18:59:50,18,40.0
7097,2026-04-18 18:59:50,19,50.0
7098,2026-04-18 18:59:50,20,25.0
7099,2026-04-18 18:59:50,21,60.0
7100,2026-04-18 18:59:50,50,50.0
7101,2026-04-18 18:59:50,51,75.38
7102,2026-04-18 18:59:50,52,110.59
7103,2026-04-18 18:59:50,53,88.53
7104,2026-04-18 18:59:50,54,90.8
7105,2026-04-18 18:59:50,55,96.04
7106,2026-04-18 18:59:50,56,125.58
7107,2026-04-18 19:00:20,11,120.0
7108,2026-04-18 19:00:20,12,35.0
7109,2026-04-18 19:00:20,13,65.0
7110,2026-04-18 19:00:20,14,85.0
7111,2026-04-18 19:00:20,15,35.0
7112,2026-04-18 19:00:20,16,40.0
7113,2026-04-18 19:00:20,17,70.0
7114,2026-04-18 19:00:20,18,40.0
7115,2026-04-18 19:00:20,19,50.0
7116,2026-04-18 19:00:20,20,25.0
7117,2026-04-18 19:00:20,21,60.0
7118,2026-04-18 19:00:20,50,50.0
7119,2026-04-18 19:00:20,51,75.53
7120,2026-04-18 19:00:20,52,111.28
7121,2026-04-18 19:00:20,53,89.28
7122,2026-04-18 19:00:20,54,90.71
7123,2026-04-18 19:00:20,55,95.9
7124,2026-04-18 19:00:20,56,125.89
7125,2026-04-18 19:00:50,11,120.0
7126,2026-04-18 19:00:50,12,35.0
7127,2026-04-18 19:00:50,13,65.0
7128,2026-04-18 19:00:50,14,85.0
7129,2026-04-18 19:00:50,15,35.0
7130,2026-04-18 19:00:50,16,40.0
7131,2026-04-18 19:00:50,17,70.0
7132,2026-04-18 19:00:50,18,40.0
7133,2026-04-18 19:00:50,19,50.0
7134,2026-04-18 19:00:50,20,25.0
7135,2026-04-18 19:00:50,21,60.0
7136,2026-04-18 19:00:50,50,50.0
7137,2026-04-18 19:00:50,51,75.3
7138,2026-04-18 19:00:50,52,111.3
7139,2026-04-18 19:00:50,53,89.59
7140,2026-04-18 19:00:50,54,90.71
7141,2026-04-18 19:00:50,55,95.66
7142,2026-04-18 19:00:50,56,125.58
7143,2026-04-18 19:01:20,11,120.0
7144,2026-04-18 19:01:20,12,35.0
7145,2026-04-18 19:01:20,13,65.0
7146,2026-04-18 19:01:20,14,85.0
7147,2026-04-18 19:01:20,15,35.0
7148,2026-04-18 19:01:20,16,40.0
7149,2026-04-18 19:01:20,17,70.0
7150,2026-04-18 19:01:20,18,40.0
7151,2026-04-18 19:01:20,19,50.0
7152,2026-04-18 19:01:20,20,25.0
7153,2026-04-18 19:01:20,21,60.0
7154,2026-04-18 19:01:20,50,50.0
7155,2026-04-18 19:01:20,51,75.3
7156,2026-04-18 19:01:20,52,110.93
7157,2026-04-18 19:01:20,53,90.35
7158,2026-04-18 19:01:20,54,91.12
7159,2026-04-18 19:01:20,55,95.33
7160,2026-04-18 19:01:20,56,126.27
7161,2026-04-18 19:01:50,11,120.0
7162,2026-04-18 19:01:50,12,35.0
7163,2026-04-18 19:01:50,13,65.0
7164,2026-04-18 19:01:50,14,85.0
7165,2026-04-18 19:01:50,15,35.0
7166,2026-04-18 19:01:50,16,40.0
7167,2026-04-18 19:01:50,17,70.0
7168,2026-04-18 19:01:50,18,40.0
7169,2026-04-18 19:01:50,19,50.0
7170,2026-04-18 19:01:50,20,25.0
7171,2026-04-18 19:01:50,21,60.0
7172,2026-04-18 19:01:50,50,50.0
7173,2026-04-18 19:01:50,51,75.11
7174,2026-04-18 19:01:50,52,111.51
7175,2026-04-18 19:01:50,53,90.44
7176,2026-04-18 19:01:50,54,91.12
7177,2026-04-18 19:01:50,55,95.04
7178,2026-04-18 19:01:50,56,125.83
7179,2026-04-18 19:02:20,11,120.0
7180,2026-04-18 19:02:20,12,35.0
7181,2026-04-18 19:02:20,13,65.0
7182,2026-04-18 19:02:21,14,85.0
7183,2026-04-18 19:02:21,15,35.0
7184,2026-04-18 19:02:21,16,40.0
7185,2026-04-18 19:02:21,17,70.0
7186,2026-04-18 19:02:21,18,40.0
7187,2026-04-18 19:02:21,19,50.0
7188,2026-04-18 19:02:21,20,25.0
7189,2026-04-18 19:02:21,21,60.0
7190,2026-04-18 19:02:21,50,50.0
7191,2026-04-18 19:02:21,51,75.3
7192,2026-04-18 19:02:21,52,111.7
7193,2026-04-18 19:02:21,53,90.53
7194,2026-04-18 19:02:21,54,90.94
7195,2026-04-18 19:02:21,55,95.28
7196,2026-04-18 19:02:21,56,126.27
7197,2026-04-18 19:02:51,11,120.0
7198,2026-04-18 19:02:51,12,35.0
7199,2026-04-18 19:02:51,13,65.0
7200,2026-04-18 19:02:51,14,85.0
7201,2026-04-18 19:02:51,15,35.0
7202,2026-04-18 19:02:51,16,40.0
7203,2026-04-18 19:02:51,17,70.0
7204,2026-04-18 19:02:51,18,40.0
7205,2026-04-18 19:02:51,19,50.0
7206,2026-04-18 19:02:51,20,25.0
7207,2026-04-18 19:02:51,21,60.0
7208,2026-04-18 19:02:51,50,50.0
7209,2026-04-18 19:02:51,51,75.3
7210,2026-04-18 19:02:51,52,112.06
7211,2026-04-18 19:02:51,53,90.76
7212,2026-04-18 19:02:51,54,90.67
7213,2026-04-18 19:02:51,55,94.71
7214,2026-04-18 19:02:51,56,125.76
7215,2026-04-18 19:03:21,11,120.0
7216,2026-04-18 19:03:21,12,35.0
7217,2026-04-18 19:03:21,13,65.0
7218,2026-04-18 19:03:21,14,85.0
7219,2026-04-18 19:03:21,15,35.0
7220,2026-04-18 19:03:21,16,40.0
7221,2026-04-18 19:03:21,17,70.0
7222,2026-04-18 19:03:21,18,40.0
7223,2026-04-18 19:03:21,19,50.0
7224,2026-04-18 19:03:21,20,25.0
7225,2026-04-18 19:03:21,21,60.0
7226,2026-04-18 19:03:21,50,50.0
7227,2026-04-18 19:03:21,51,75.04
7228,2026-04-18 19:03:21,52,111.75
7229,2026-04-18 19:03:21,53,91.08
7230,2026-04-18 19:03:21,54,90.58
7231,2026-04-18 19:03:21,55,94.52
7232,2026-04-18 19:03:21,56,125.38
7233,2026-04-18 19:03:51,11,120.0
7234,2026-04-18 19:03:51,12,35.0
7235,2026-04-18 19:03:51,13,65.0
7236,2026-04-18 19:03:51,14,85.0
7237,2026-04-18 19:03:51,15,35.0
7238,2026-04-18 19:03:51,16,40.0
7239,2026-04-18 19:03:51,17,70.0
7240,2026-04-18 19:03:51,18,40.0
7241,2026-04-18 19:03:51,19,50.0
7242,2026-04-18 19:03:51,20,25.0
7243,2026-04-18 19:03:51,21,60.0
7244,2026-04-18 19:03:51,50,50.0
7245,2026-04-18 19:03:51,51,75.0
7246,2026-04-18 19:03:51,52,111.38
7247,2026-04-18 19:03:51,53,90.94
7248,2026-04-18 19:03:51,54,90.4
7249,2026-04-18 19:03:51,55,94.76
7250,2026-04-18 19:03:51,56,125.94
7251,2026-04-18 19:04:21,11,120.0
7252,2026-04-18 19:04:21,12,35.0
7253,2026-04-18 19:04:21,13,65.0
7254,2026-04-18 19:04:21,14,85.0
7255,2026-04-18 19:04:21,15,35.0
7256,2026-04-18 19:04:21,16,40.0
7257,2026-04-18 19:04:21,17,70.0
7258,2026-04-18 19:04:21,18,40.0
7259,2026-04-18 19:04:21,19,50.0
7260,2026-04-18 19:04:21,20,25.0
7261,2026-04-18 19:04:21,21,60.0
7262,2026-04-18 19:04:21,50,50.0
7263,2026-04-18 19:04:21,51,75.0
7264,2026-04-18 19:04:21,52,111.79
7265,2026-04-18 19:04:21,53,91.35
7266,2026-04-18 19:04:21,54,90.67
7267,2026-04-18 19:04:21,55,94.29
7268,2026-04-18 19:04:21,56,126.51
7269,2026-04-18 19:04:51,11,120.0
7270,2026-04-18 19:04:51,12,35.0
7271,2026-04-18 19:04:51,13,65.0
7272,2026-04-18 19:04:51,14,85.0
7273,2026-04-18 19:04:51,15,35.0
7274,2026-04-18 19:04:51,16,40.0
7275,2026-04-18 19:04:51,17,70.0
7276,2026-04-18 19:04:51,18,40.0
7277,2026-04-18 19:04:51,19,50.0
7278,2026-04-18 19:04:51,20,25.0
7279,2026-04-18 19:04:51,21,60.0
7280,2026-04-18 19:04:51,50,50.0
7281,2026-04-18 19:04:51,51,75.0
7282,2026-04-18 19:04:51,52,111.53
7283,2026-04-18 19:04:51,53,91.03
7284,2026-04-18 19:04:51,54,91.03
7285,2026-04-18 19:04:51,55,93.91
7286,2026-04-18 19:04:51,56,127.08
7287,2026-04-18 19:05:21,11,120.0
7288,2026-04-18 19:05:21,12,35.0
7289,2026-04-18 19:05:21,13,65.0
7290,2026-04-18 19:05:21,14,85.0
7291,2026-04-18 19:05:21,15,35.0
7292,2026-04-18 19:05:21,16,40.0
7293,2026-04-18 19:05:21,17,70.0
7294,2026-04-18 19:05:21,18,40.0
7295,2026-04-18 19:05:21,19,50.0
7296,2026-04-18 19:05:21,20,25.0
7297,2026-04-18 19:05:21,21,60.0
7298,2026-04-18 19:05:21,50,50.0
7299,2026-04-18 19:05:21,51,75.0
7300,2026-04-18 19:05:21,52,111.11
7301,2026-04-18 19:05:21,53,90.94
7302,2026-04-18 19:05:21,54,91.3
7303,2026-04-18 19:05:21,55,93.3
7304,2026-04-18 19:05:21,56,127.02
7305,2026-04-18 19:05:51,11,120.0
7306,2026-04-18 19:05:51,12,35.0
7307,2026-04-18 19:05:51,13,65.0
7308,2026-04-18 19:05:51,14,85.0
7309,2026-04-18 19:05:51,15,35.0
7310,2026-04-18 19:05:51,16,40.0
7311,2026-04-18 19:05:51,17,70.0
7312,2026-04-18 19:05:51,18,40.0
7313,2026-04-18 19:05:51,19,50.0
7314,2026-04-18 19:05:51,20,25.0
7315,2026-04-18 19:05:51,21,60.0
7316,2026-04-18 19:05:51,50,50.0
7317,2026-04-18 19:05:51,51,75.0
7318,2026-04-18 19:05:51,52,111.41
7319,2026-04-18 19:05:51,53,90.58
7320,2026-04-18 19:05:51,54,91.76
7321,2026-04-18 19:05:51,55,93.25
7322,2026-04-18 19:05:51,56,126.51
7323,2026-04-18 19:06:21,11,120.0
7324,2026-04-18 19:06:21,12,35.0
7325,2026-04-18 19:06:21,13,65.0
7326,2026-04-18 19:06:21,14,85.0
7327,2026-04-18 19:06:21,15,35.0
7328,2026-04-18 19:06:21,16,40.0
7329,2026-04-18 19:06:21,17,70.0
7330,2026-04-18 19:06:21,18,40.0
7331,2026-04-18 19:06:21,19,50.0
7332,2026-04-18 19:06:21,20,25.0
7333,2026-04-18 19:06:21,21,60.0
7334,2026-04-18 19:06:21,50,50.0
7335,2026-04-18 19:06:21,51,75.26
7336,2026-04-18 19:06:21,52,111.15
7337,2026-04-18 19:06:21,53,90.31
7338,2026-04-18 19:06:21,54,91.44
7339,2026-04-18 19:06:21,55,92.78
7340,2026-04-18 19:06:21,56,126.19
7341,2026-04-18 19:06:51,11,120.0
7342,2026-04-18 19:06:53,12,35.0
7343,2026-04-18 19:06:53,13,65.0
7344,2026-04-18 19:06:53,14,85.0
7345,2026-04-18 19:06:53,15,35.0
7346,2026-04-18 19:06:53,16,40.0
7347,2026-04-18 19:06:53,17,70.0
7348,2026-04-18 19:06:53,18,40.0
7349,2026-04-18 19:06:53,19,50.0
7350,2026-04-18 19:06:53,20,25.0
7351,2026-04-18 19:06:53,21,60.0
7352,2026-04-18 19:06:53,50,50.0
7353,2026-04-18 19:06:53,51,75.03
7354,2026-04-18 19:06:53,52,110.89
7355,2026-04-18 19:06:53,53,90.4
7356,2026-04-18 19:06:53,54,91.39
7357,2026-04-18 19:06:53,55,92.73
7358,2026-04-18 19:06:53,56,126.44
7359,2026-04-18 19:07:23,11,120.0
7360,2026-04-18 19:07:23,12,35.0
7361,2026-04-18 19:07:23,13,65.0
7362,2026-04-18 19:07:23,14,85.0
7363,2026-04-18 19:07:23,15,35.0
7364,2026-04-18 19:07:23,16,40.0
7365,2026-04-18 19:07:23,17,70.0
7366,2026-04-18 19:07:23,18,40.0
7367,2026-04-18 19:07:23,19,50.0
7368,2026-04-18 19:07:23,20,25.0
7369,2026-04-18 19:07:23,21,60.0
7370,2026-04-18 19:07:23,50,50.0
7371,2026-04-18 19:07:23,51,77.88
7372,2026-04-18 19:07:23,52,110.75
7373,2026-04-18 19:07:23,53,90.4
7374,2026-04-18 19:07:23,54,91.53
7375,2026-04-18 19:07:23,55,92.82
7376,2026-04-18 19:07:23,56,126.5
7377,2026-04-18 19:07:53,11,120.0
7378,2026-04-18 19:07:53,12,35.0
7379,2026-04-18 19:07:53,13,65.0
7380,2026-04-18 19:07:53,14,85.0
7381,2026-04-18 19:07:53,15,35.0
7382,2026-04-18 19:07:53,16,40.0
7383,2026-04-18 19:07:53,17,70.0
7384,2026-04-18 19:07:53,18,40.0
7385,2026-04-18 19:07:53,19,50.0
7386,2026-04-18 19:07:53,20,25.0
7387,2026-04-18 19:07:53,21,60.0
7388,2026-04-18 19:07:53,50,50.0
7389,2026-04-18 19:07:53,51,81.15
7390,2026-04-18 19:07:53,52,111.16
7391,2026-04-18 19:07:53,53,94.33
7392,2026-04-18 19:07:53,54,91.85
7393,2026-04-18 19:07:53,55,89.52
7394,2026-04-18 19:07:53,56,126.25
7395,2026-04-18 19:08:23,11,120.0
7396,2026-04-18 19:08:23,12,35.0
7397,2026-04-18 19:08:23,13,65.0
7398,2026-04-18 19:08:23,14,85.0
7399,2026-04-18 19:08:23,15,35.0
7400,2026-04-18 19:08:23,16,40.0
7401,2026-04-18 19:08:23,17,70.0
7402,2026-04-18 19:08:23,18,40.0
7403,2026-04-18 19:08:23,19,50.0
7404,2026-04-18 19:08:23,20,25.0
7405,2026-04-18 19:08:23,21,60.0
7406,2026-04-18 19:08:23,50,50.0
7407,2026-04-18 19:08:23,51,83.91
7408,2026-04-18 19:08:23,52,111.24
7409,2026-04-18 19:08:23,53,98.34
7410,2026-04-18 19:08:23,54,95.8
7411,2026-04-18 19:08:23,55,86.3
7412,2026-04-18 19:08:23,56,126.69
7413,2026-04-18 19:08:53,11,120.0
7414,2026-04-18 19:08:55,12,35.0
7415,2026-04-18 19:08:55,13,65.0
7416,2026-04-18 19:08:55,14,85.0
7417,2026-04-18 19:08:55,15,35.0
7418,2026-04-18 19:08:55,16,40.0
7419,2026-04-18 19:08:55,17,70.0
7420,2026-04-18 19:08:55,18,40.0
7421,2026-04-18 19:08:55,19,50.0
7422,2026-04-18 19:08:55,20,25.0
7423,2026-04-18 19:08:55,21,60.0
7424,2026-04-18 19:08:55,50,50.0
7425,2026-04-18 19:08:55,51,83.99
7426,2026-04-18 19:08:55,52,111.1
7427,2026-04-18 19:08:55,53,101.93
7428,2026-04-18 19:08:55,54,99.82
7429,2026-04-18 19:08:55,55,83.37
7430,2026-04-18 19:08:55,56,126.56
7431,2026-04-18 19:09:25,11,120.0
7432,2026-04-18 19:09:25,12,35.0
7433,2026-04-18 19:09:25,13,65.0
7434,2026-04-18 19:09:25,14,85.0
7435,2026-04-18 19:09:25,15,35.0
7436,2026-04-18 19:09:25,16,40.0
7437,2026-04-18 19:09:25,17,70.0
7438,2026-04-18 19:09:25,18,40.0
7439,2026-04-18 19:09:25,19,50.0
7440,2026-04-18 19:09:25,20,25.0
7441,2026-04-18 19:09:25,21,60.0
7442,2026-04-18 19:09:25,50,50.0
7443,2026-04-18 19:09:25,51,83.78
7444,2026-04-18 19:09:25,52,115.29
7445,2026-04-18 19:09:25,53,102.44
7446,2026-04-18 19:09:25,54,103.36
7447,2026-04-18 19:09:26,55,80.04
7448,2026-04-18 19:09:26,56,127.19
7449,2026-04-18 19:09:56,11,120.0
7450,2026-04-18 19:09:56,12,35.0
7451,2026-04-18 19:09:56,13,65.0
7452,2026-04-18 19:09:56,14,85.0
7453,2026-04-18 19:09:56,15,35.0
7454,2026-04-18 19:09:56,16,40.0
7455,2026-04-18 19:09:56,17,70.0
7456,2026-04-18 19:09:56,18,40.0
7457,2026-04-18 19:09:56,19,50.0
7458,2026-04-18 19:09:56,20,25.0
7459,2026-04-18 19:09:56,21,60.0
7460,2026-04-18 19:09:56,50,50.0
7461,2026-04-18 19:09:56,51,83.99
7462,2026-04-18 19:09:56,52,120.27
7463,2026-04-18 19:09:56,53,102.95
7464,2026-04-18 19:09:56,54,103.93
7465,2026-04-18 19:09:56,55,76.88
7466,2026-04-18 19:09:56,56,127.7
7467,2026-04-18 19:10:26,11,120.0
7468,2026-04-18 19:10:26,12,35.0
7469,2026-04-18 19:10:26,13,65.0
7470,2026-04-18 19:10:26,14,85.0
7471,2026-04-18 19:10:26,15,35.0
7472,2026-04-18 19:10:26,16,40.0
7473,2026-04-18 19:10:26,17,70.0
7474,2026-04-18 19:10:26,18,40.0
7475,2026-04-18 19:10:26,19,50.0
7476,2026-04-18 19:10:26,20,25.0
7477,2026-04-18 19:10:26,21,60.0
7478,2026-04-18 19:10:26,50,50.0
7479,2026-04-18 19:10:26,51,83.78
7480,2026-04-18 19:10:26,52,124.68
7481,2026-04-18 19:10:26,53,102.8
7482,2026-04-18 19:10:26,54,104.03
7483,2026-04-18 19:10:26,55,77.15
7484,2026-04-18 19:10:26,56,127.25
7485,2026-04-18 19:10:56,11,120.0
7486,2026-04-18 19:10:56,12,35.0
7487,2026-04-18 19:10:56,13,65.0
7488,2026-04-18 19:10:56,14,85.0
7489,2026-04-18 19:10:56,15,35.0
7490,2026-04-18 19:10:56,16,40.0
7491,2026-04-18 19:10:56,17,70.0
7492,2026-04-18 19:10:56,18,40.0
7493,2026-04-18 19:10:56,19,50.0
7494,2026-04-18 19:10:56,20,25.0
7495,2026-04-18 19:10:56,21,60.0
7496,2026-04-18 19:10:56,50,50.0
7497,2026-04-18 19:10:56,51,84.16
7498,2026-04-18 19:10:56,52,124.39
7499,2026-04-18 19:10:56,53,102.9
7500,2026-04-18 19:10:56,54,103.72
7501,2026-04-18 19:10:56,55,77.19
7502,2026-04-18 19:10:56,56,127.38
7503,2026-04-18 19:11:26,11,120.0
7504,2026-04-18 19:11:26,12,35.0
7505,2026-04-18 19:11:26,13,65.0
7506,2026-04-18 19:11:26,14,85.0
7507,2026-04-18 19:11:26,15,35.0
7508,2026-04-18 19:11:26,16,40.0
7509,2026-04-18 19:11:26,17,70.0
7510,2026-04-18 19:11:26,18,40.0
7511,2026-04-18 19:11:26,19,50.0
7512,2026-04-18 19:11:26,20,25.0
7513,2026-04-18 19:11:26,21,60.0
7514,2026-04-18 19:11:26,50,50.0
7515,2026-04-18 19:11:26,51,84.62
7516,2026-04-18 19:11:26,52,124.66
7517,2026-04-18 19:11:26,53,103.47
7518,2026-04-18 19:11:26,54,103.41
7519,2026-04-18 19:11:26,55,77.04
7520,2026-04-18 19:11:26,56,127.13
7521,2026-04-18 19:11:56,11,120.0
7522,2026-04-18 19:11:56,12,35.0
7523,2026-04-18 19:11:56,13,65.0
7524,2026-04-18 19:11:56,14,85.0
7525,2026-04-18 19:11:56,15,35.0
7526,2026-04-18 19:11:56,16,40.0
7527,2026-04-18 19:11:56,17,70.0
7528,2026-04-18 19:11:56,18,40.0
7529,2026-04-18 19:11:56,19,50.0
7530,2026-04-18 19:11:56,20,25.0
7531,2026-04-18 19:11:56,21,60.0
7532,2026-04-18 19:11:56,50,50.0
7533,2026-04-18 19:11:56,51,84.32
7534,2026-04-18 19:11:56,52,125.0
7535,2026-04-18 19:11:56,53,103.73
7536,2026-04-18 19:11:56,54,103.82
7537,2026-04-18 19:11:56,55,76.73
7538,2026-04-18 19:11:56,56,127.07
7539,2026-04-18 19:12:26,11,120.0
7540,2026-04-18 19:12:26,12,35.0
7541,2026-04-18 19:12:26,13,65.0
7542,2026-04-18 19:12:26,14,85.0
7543,2026-04-18 19:12:26,15,35.0
7544,2026-04-18 19:12:26,16,40.0
7545,2026-04-18 19:12:26,17,70.0
7546,2026-04-18 19:12:26,18,40.0
7547,2026-04-18 19:12:26,19,50.0
7548,2026-04-18 19:12:26,20,25.0
7549,2026-04-18 19:12:26,21,60.0
7550,2026-04-18 19:12:26,50,50.0
7551,2026-04-18 19:12:26,51,84.53
7552,2026-04-18 19:12:26,52,125.77
7553,2026-04-18 19:12:26,53,104.3
7554,2026-04-18 19:12:26,54,103.72
7555,2026-04-18 19:12:26,55,76.96
7556,2026-04-18 19:12:26,56,127.51
7557,2026-04-18 19:12:56,11,120.0
7558,2026-04-18 19:12:56,12,35.0
7559,2026-04-18 19:12:56,13,65.0
7560,2026-04-18 19:12:56,14,85.0
7561,2026-04-18 19:12:56,15,35.0
7562,2026-04-18 19:12:56,16,40.0
7563,2026-04-18 19:12:56,17,70.0
7564,2026-04-18 19:12:56,18,40.0
7565,2026-04-18 19:12:56,19,50.0
7566,2026-04-18 19:12:56,20,25.0
7567,2026-04-18 19:12:56,21,60.0
7568,2026-04-18 19:12:56,50,50.0
7569,2026-04-18 19:12:56,51,84.57
7570,2026-04-18 19:12:56,52,125.86
7571,2026-04-18 19:12:56,53,104.51
7572,2026-04-18 19:12:56,54,103.93
7573,2026-04-18 19:12:56,55,76.69
7574,2026-04-18 19:12:56,56,127.06
7575,2026-04-18 19:13:26,11,120.0
7576,2026-04-18 19:13:26,12,35.0
7577,2026-04-18 19:13:26,13,65.0
7578,2026-04-18 19:13:26,14,85.0
7579,2026-04-18 19:13:26,15,35.0
7580,2026-04-18 19:13:26,16,40.0
7581,2026-04-18 19:13:26,17,70.0
7582,2026-04-18 19:13:26,18,40.0
7583,2026-04-18 19:13:26,19,50.0
7584,2026-04-18 19:13:26,20,25.0
7585,2026-04-18 19:13:26,21,60.0
7586,2026-04-18 19:13:26,50,50.0
7587,2026-04-18 19:13:26,51,84.7
7588,2026-04-18 19:13:26,52,126.64
7589,2026-04-18 19:13:26,53,104.14
7590,2026-04-18 19:13:26,54,103.77
7591,2026-04-18 19:13:26,55,76.84
7592,2026-04-18 19:13:26,56,127.44
7593,2026-04-18 19:13:56,11,120.0
7594,2026-04-18 19:13:56,12,35.0
7595,2026-04-18 19:13:56,13,65.0
7596,2026-04-18 19:13:56,14,85.0
7597,2026-04-18 19:13:56,15,35.0
7598,2026-04-18 19:13:56,16,40.0
7599,2026-04-18 19:13:56,17,70.0
7600,2026-04-18 19:13:56,18,40.0
7601,2026-04-18 19:13:56,19,50.0
7602,2026-04-18 19:13:56,20,25.0
7603,2026-04-18 19:13:56,21,60.0
7604,2026-04-18 19:13:56,50,50.0
7605,2026-04-18 19:13:56,51,85.21
7606,2026-04-18 19:13:56,52,126.41
7607,2026-04-18 19:13:56,53,104.35
7608,2026-04-18 19:13:56,54,103.93
7609,2026-04-18 19:13:56,55,76.99
7610,2026-04-18 19:13:56,56,132.73
7611,2026-04-18 19:14:26,11,120.0
7612,2026-04-18 19:14:26,12,35.0
7613,2026-04-18 19:14:26,13,65.0
7614,2026-04-18 19:14:26,14,85.0
7615,2026-04-18 19:14:26,15,35.0
7616,2026-04-18 19:14:26,16,40.0
7617,2026-04-18 19:14:26,17,70.0
7618,2026-04-18 19:14:26,18,40.0
7619,2026-04-18 19:14:26,19,50.0
7620,2026-04-18 19:14:26,20,25.0
7621,2026-04-18 19:14:26,21,60.0
7622,2026-04-18 19:14:26,50,50.0
7623,2026-04-18 19:14:26,51,85.47
7624,2026-04-18 19:14:26,52,126.69
7625,2026-04-18 19:14:26,53,104.09
7626,2026-04-18 19:14:26,54,104.45
7627,2026-04-18 19:14:26,55,77.22
7628,2026-04-18 19:14:26,56,138.37
7629,2026-04-18 19:14:56,11,120.0
7630,2026-04-18 19:14:56,12,35.0
7631,2026-04-18 19:14:56,13,65.0
7632,2026-04-18 19:14:56,14,85.0
7633,2026-04-18 19:14:56,15,35.0
7634,2026-04-18 19:14:56,16,40.0
7635,2026-04-18 19:14:56,17,70.0
7636,2026-04-18 19:14:56,18,40.0
7637,2026-04-18 19:14:56,19,50.0
7638,2026-04-18 19:14:56,20,25.0
7639,2026-04-18 19:14:56,21,60.0
7640,2026-04-18 19:14:57,50,50.0
7641,2026-04-18 19:14:57,51,85.51
7642,2026-04-18 19:14:57,52,126.78
7643,2026-04-18 19:14:57,53,104.09
7644,2026-04-18 19:14:57,54,104.82
7645,2026-04-18 19:14:57,55,76.91
7646,2026-04-18 19:14:57,56,143.07
7647,2026-04-18 19:15:27,11,120.0
7648,2026-04-18 19:15:27,12,35.0
7649,2026-04-18 19:15:27,13,65.0
7650,2026-04-18 19:15:27,14,85.0
7651,2026-04-18 19:15:27,15,35.0
7652,2026-04-18 19:15:27,16,40.0
7653,2026-04-18 19:15:27,17,70.0
7654,2026-04-18 19:15:27,18,40.0
7655,2026-04-18 19:15:27,19,50.0
7656,2026-04-18 19:15:27,20,25.0
7657,2026-04-18 19:15:27,21,60.0
7658,2026-04-18 19:15:27,50,50.0
7659,2026-04-18 19:15:27,51,85.3
7660,2026-04-18 19:15:27,52,126.93
7661,2026-04-18 19:15:27,53,104.61
7662,2026-04-18 19:15:27,54,104.72
7663,2026-04-18 19:15:27,55,77.18
7664,2026-04-18 19:15:27,56,148.58
7665,2026-04-18 19:15:57,11,120.0
7666,2026-04-18 19:15:57,12,35.0
7667,2026-04-18 19:15:57,13,65.0
7668,2026-04-18 19:15:57,14,85.0
7669,2026-04-18 19:15:57,15,35.0
7670,2026-04-18 19:15:57,16,40.0
7671,2026-04-18 19:15:57,17,70.0
7672,2026-04-18 19:15:57,18,40.0
7673,2026-04-18 19:15:57,19,50.0
7674,2026-04-18 19:15:57,20,25.0
7675,2026-04-18 19:15:57,21,60.0
7676,2026-04-18 19:15:57,50,50.0
7677,2026-04-18 19:15:57,51,85.13
7678,2026-04-18 19:15:57,52,127.65
7679,2026-04-18 19:15:57,53,105.19
7680,2026-04-18 19:15:57,54,104.98
7681,2026-04-18 19:15:57,55,77.45
7682,2026-04-18 19:15:57,56,153.56
7683,2026-04-18 19:16:27,11,120.0
7684,2026-04-18 19:16:27,12,35.0
7685,2026-04-18 19:16:27,13,65.0
7686,2026-04-18 19:16:27,14,85.0
7687,2026-04-18 19:16:27,15,35.0
7688,2026-04-18 19:16:27,16,40.0
7689,2026-04-18 19:16:27,17,70.0
7690,2026-04-18 19:16:27,18,40.0
7691,2026-04-18 19:16:27,19,50.0
7692,2026-04-18 19:16:27,20,25.0
7693,2026-04-18 19:16:27,21,60.0
7694,2026-04-18 19:16:27,50,50.0
7695,2026-04-18 19:16:27,51,85.22
7696,2026-04-18 19:16:27,52,128.22
7697,2026-04-18 19:16:27,53,105.98
7698,2026-04-18 19:16:27,54,105.61
7699,2026-04-18 19:16:27,55,77.22
7700,2026-04-18 19:16:27,56,153.56
7701,2026-04-18 19:16:57,11,120.0
7702,2026-04-18 19:16:57,12,35.0
7703,2026-04-18 19:16:57,13,65.0
7704,2026-04-18 19:16:57,14,85.0
7705,2026-04-18 19:16:57,15,35.0
7706,2026-04-18 19:16:57,16,40.0
7707,2026-04-18 19:16:57,17,70.0
7708,2026-04-18 19:16:57,18,40.0
7709,2026-04-18 19:16:57,19,50.0
7710,2026-04-18 19:16:57,20,25.0
7711,2026-04-18 19:16:57,21,60.0
7712,2026-04-18 19:16:57,50,50.0
7713,2026-04-18 19:16:57,51,85.56
7714,2026-04-18 19:16:57,52,127.84
7715,2026-04-18 19:16:57,53,110.27
7716,2026-04-18 19:16:57,54,105.66
7717,2026-04-18 19:16:57,55,77.18
7718,2026-04-18 19:16:57,56,153.94
7719,2026-04-18 19:17:27,11,120.0
7720,2026-04-18 19:17:27,12,35.0
7721,2026-04-18 19:17:27,13,65.0
7722,2026-04-18 19:17:27,14,85.0
7723,2026-04-18 19:17:27,15,35.0
7724,2026-04-18 19:17:27,16,40.0
7725,2026-04-18 19:17:27,17,70.0
7726,2026-04-18 19:17:27,18,40.0
7727,2026-04-18 19:17:27,19,50.0
7728,2026-04-18 19:17:27,20,25.0
7729,2026-04-18 19:17:27,21,60.0
7730,2026-04-18 19:17:27,50,50.0
7731,2026-04-18 19:17:27,51,85.43
7732,2026-04-18 19:17:27,52,127.84
7733,2026-04-18 19:17:27,53,114.52
7734,2026-04-18 19:17:27,54,105.92
7735,2026-04-18 19:17:27,55,77.03
7736,2026-04-18 19:17:27,56,154.86
7737,2026-04-18 19:17:57,11,120.0
7738,2026-04-18 19:17:57,12,35.0
7739,2026-04-18 19:17:57,13,65.0
7740,2026-04-18 19:17:57,14,85.0
7741,2026-04-18 19:17:57,15,35.0
7742,2026-04-18 19:17:57,16,40.0
7743,2026-04-18 19:17:57,17,70.0
7744,2026-04-18 19:17:57,18,40.0
7745,2026-04-18 19:17:57,19,50.0
7746,2026-04-18 19:17:57,20,25.0
7747,2026-04-18 19:17:57,21,60.0
7748,2026-04-18 19:17:57,50,50.0
7749,2026-04-18 19:17:57,51,85.13
7750,2026-04-18 19:17:57,52,127.71
7751,2026-04-18 19:17:57,53,119.56
7752,2026-04-18 19:17:57,54,106.24
7753,2026-04-18 19:17:57,55,77.3
7754,2026-04-18 19:17:57,56,154.78
7755,2026-04-18 19:18:27,11,120.0
7756,2026-04-18 19:18:27,12,35.0
7757,2026-04-18 19:18:27,13,65.0
7758,2026-04-18 19:18:27,14,85.0
7759,2026-04-18 19:18:27,15,35.0
7760,2026-04-18 19:18:27,16,40.0
7761,2026-04-18 19:18:27,17,70.0
7762,2026-04-18 19:18:27,18,40.0
7763,2026-04-18 19:18:27,19,50.0
7764,2026-04-18 19:18:27,20,25.0
7765,2026-04-18 19:18:27,21,60.0
7766,2026-04-18 19:18:27,50,50.0
7767,2026-04-18 19:18:27,51,85.51
7768,2026-04-18 19:18:27,52,127.2
7769,2026-04-18 19:18:27,53,120.34
7770,2026-04-18 19:18:27,54,106.35
7771,2026-04-18 19:18:27,55,77.3
7772,2026-04-18 19:18:27,56,155.24
7773,2026-04-18 19:18:57,11,120.0
7774,2026-04-18 19:18:57,12,35.0
7775,2026-04-18 19:18:57,13,65.0
7776,2026-04-18 19:18:57,14,85.0
7777,2026-04-18 19:18:57,15,35.0
7778,2026-04-18 19:18:57,16,40.0
7779,2026-04-18 19:18:57,17,70.0
7780,2026-04-18 19:18:57,18,40.0
7781,2026-04-18 19:18:57,19,50.0
7782,2026-04-18 19:18:57,20,25.0
7783,2026-04-18 19:18:57,21,60.0
7784,2026-04-18 19:18:57,50,50.0
7785,2026-04-18 19:18:57,51,85.77
7786,2026-04-18 19:18:57,52,127.14
7787,2026-04-18 19:18:57,53,120.64
7788,2026-04-18 19:18:57,54,106.56
7789,2026-04-18 19:18:57,55,77.18
7790,2026-04-18 19:18:57,56,155.32
7791,2026-04-18 19:19:27,11,120.0
7792,2026-04-18 19:19:27,12,35.0
7793,2026-04-18 19:19:27,13,65.0
7794,2026-04-18 19:19:27,14,85.0
7795,2026-04-18 19:19:27,15,35.0
7796,2026-04-18 19:19:27,16,40.0
7797,2026-04-18 19:19:27,17,70.0
7798,2026-04-18 19:19:27,18,40.0
7799,2026-04-18 19:19:27,19,50.0
7800,2026-04-18 19:19:27,20,25.0
7801,2026-04-18 19:19:27,21,60.0
7802,2026-04-18 19:19:27,50,50.0
7803,2026-04-18 19:19:27,51,85.98
7804,2026-04-18 19:19:27,52,126.95
7805,2026-04-18 19:19:27,53,121.42
7806,2026-04-18 19:19:27,54,106.72
7807,2026-04-18 19:19:27,55,77.26
7808,2026-04-18 19:19:27,56,156.1
7809,2026-04-18 19:19:57,11,120.0
7810,2026-04-18 19:19:57,12,35.0
7811,2026-04-18 19:19:57,13,65.0
7812,2026-04-18 19:19:57,14,85.0
7813,2026-04-18 19:19:57,15,35.0
7814,2026-04-18 19:19:57,16,40.0
7815,2026-04-18 19:19:57,17,70.0
7816,2026-04-18 19:19:57,18,40.0
7817,2026-04-18 19:19:57,19,50.0
7818,2026-04-18 19:19:57,20,25.0
7819,2026-04-18 19:19:57,21,60.0
7820,2026-04-18 19:19:57,50,50.0
7821,2026-04-18 19:19:57,51,86.5
7822,2026-04-18 19:19:57,52,127.33
7823,2026-04-18 19:19:58,53,122.09
7824,2026-04-18 19:19:58,54,107.25
7825,2026-04-18 19:19:58,55,77.03
7826,2026-04-18 19:19:58,56,156.18
7827,2026-04-18 19:20:28,11,120.0
7828,2026-04-18 19:20:28,12,35.0
7829,2026-04-18 19:20:28,13,65.0
7830,2026-04-18 19:20:28,14,85.0
7831,2026-04-18 19:20:28,15,35.0
7832,2026-04-18 19:20:28,16,40.0
7833,2026-04-18 19:20:28,17,70.0
7834,2026-04-18 19:20:28,18,40.0
7835,2026-04-18 19:20:28,19,50.0
7836,2026-04-18 19:20:28,20,25.0
7837,2026-04-18 19:20:28,21,60.0
7838,2026-04-18 19:20:28,50,50.0
7839,2026-04-18 19:20:28,51,86.85
7840,2026-04-18 19:20:28,52,126.88
7841,2026-04-18 19:20:28,53,127.16
7842,2026-04-18 19:20:28,54,107.2
7843,2026-04-18 19:20:28,55,77.07
7844,2026-04-18 19:20:28,56,155.56
7845,2026-04-18 19:20:58,11,120.0
7846,2026-04-18 19:20:58,12,35.0
7847,2026-04-18 19:20:58,13,65.0
7848,2026-04-18 19:20:58,14,85.0
7849,2026-04-18 19:20:58,15,35.0
7850,2026-04-18 19:20:58,16,40.0
7851,2026-04-18 19:20:58,17,70.0
7852,2026-04-18 19:20:58,18,40.0
7853,2026-04-18 19:20:58,19,50.0
7854,2026-04-18 19:20:58,20,25.0
7855,2026-04-18 19:20:58,21,60.0
7856,2026-04-18 19:20:58,50,50.0
7857,2026-04-18 19:20:58,51,86.5
7858,2026-04-18 19:20:58,52,127.64
7859,2026-04-18 19:20:58,53,132.31
7860,2026-04-18 19:20:58,54,107.74
7861,2026-04-18 19:20:58,55,77.07
7862,2026-04-18 19:20:58,56,156.1
7863,2026-04-18 19:21:28,11,120.0
7864,2026-04-18 19:21:28,12,35.0
7865,2026-04-18 19:21:28,13,65.0
7866,2026-04-18 19:21:28,14,85.0
7867,2026-04-18 19:21:28,15,35.0
7868,2026-04-18 19:21:28,16,40.0
7869,2026-04-18 19:21:28,17,70.0
7870,2026-04-18 19:21:28,18,40.0
7871,2026-04-18 19:21:28,19,50.0
7872,2026-04-18 19:21:28,20,25.0
7873,2026-04-18 19:21:28,21,60.0
7874,2026-04-18 19:21:28,50,50.0
7875,2026-04-18 19:21:28,51,86.46
7876,2026-04-18 19:21:28,52,127.9
7877,2026-04-18 19:21:28,53,137.47
7878,2026-04-18 19:21:28,54,107.52
7879,2026-04-18 19:21:28,55,76.84
7880,2026-04-18 19:21:28,56,155.48
7881,2026-04-18 19:21:58,11,120.0
7882,2026-04-18 19:21:58,12,35.0
7883,2026-04-18 19:21:58,13,65.0
7884,2026-04-18 19:21:58,14,85.0
7885,2026-04-18 19:21:58,15,35.0
7886,2026-04-18 19:21:58,16,40.0
7887,2026-04-18 19:21:58,17,70.0
7888,2026-04-18 19:21:58,18,40.0
7889,2026-04-18 19:21:58,19,50.0
7890,2026-04-18 19:21:58,20,25.0
7891,2026-04-18 19:21:58,21,60.0
7892,2026-04-18 19:21:58,50,50.0
7893,2026-04-18 19:21:58,51,86.24
7894,2026-04-18 19:21:58,52,128.09
7895,2026-04-18 19:21:58,53,137.81
7896,2026-04-18 19:21:58,54,107.25
7897,2026-04-18 19:21:58,55,76.8
7898,2026-04-18 19:21:58,56,155.56
7899,2026-04-18 19:22:28,11,120.0
7900,2026-04-18 19:22:28,12,35.0
7901,2026-04-18 19:22:28,13,65.0
7902,2026-04-18 19:22:28,14,85.0
7903,2026-04-18 19:22:28,15,35.0
7904,2026-04-18 19:22:28,16,40.0
7905,2026-04-18 19:22:28,17,70.0
7906,2026-04-18 19:22:28,18,40.0
7907,2026-04-18 19:22:28,19,50.0
7908,2026-04-18 19:22:28,20,25.0
7909,2026-04-18 19:22:28,21,60.0
7910,2026-04-18 19:22:28,50,50.0
7911,2026-04-18 19:22:28,51,86.76
7912,2026-04-18 19:22:28,52,126.94
7913,2026-04-18 19:22:28,53,138.98
7914,2026-04-18 19:22:28,54,106.82
7915,2026-04-18 19:22:28,55,76.88
7916,2026-04-18 19:22:28,56,156.03
7917,2026-04-18 19:22:58,11,120.0
7918,2026-04-18 19:22:58,12,35.0
7919,2026-04-18 19:22:58,13,65.0
7920,2026-04-18 19:22:58,14,85.0
7921,2026-04-18 19:22:58,15,35.0
7922,2026-04-18 19:22:58,16,40.0
7923,2026-04-18 19:22:58,17,70.0
7924,2026-04-18 19:22:58,18,40.0
7925,2026-04-18 19:22:58,19,50.0
7926,2026-04-18 19:22:58,20,25.0
7927,2026-04-18 19:22:58,21,60.0
7928,2026-04-18 19:22:58,50,50.0
7929,2026-04-18 19:22:58,51,86.59
7930,2026-04-18 19:22:58,52,121.23
7931,2026-04-18 19:22:58,53,139.54
7932,2026-04-18 19:22:58,54,106.61
7933,2026-04-18 19:22:58,55,77.0
7934,2026-04-18 19:22:58,56,156.19
7935,2026-04-18 19:23:28,11,120.0
7936,2026-04-18 19:23:28,12,35.0
7937,2026-04-18 19:23:28,13,65.0
7938,2026-04-18 19:23:28,14,85.0
7939,2026-04-18 19:23:28,15,35.0
7940,2026-04-18 19:23:28,16,40.0
7941,2026-04-18 19:23:28,17,70.0
7942,2026-04-18 19:23:28,18,40.0
7943,2026-04-18 19:23:28,19,50.0
7944,2026-04-18 19:23:28,20,25.0
7945,2026-04-18 19:23:28,21,60.0
7946,2026-04-18 19:23:28,50,50.0
7947,2026-04-18 19:23:28,51,86.85
7948,2026-04-18 19:23:28,52,115.96
7949,2026-04-18 19:23:28,53,140.73
7950,2026-04-18 19:23:28,54,110.23
7951,2026-04-18 19:23:28,55,76.61
7952,2026-04-18 19:23:28,56,156.97
7953,2026-04-18 19:23:58,11,120.0
7954,2026-04-18 19:23:58,12,35.0
7955,2026-04-18 19:23:58,13,65.0
7956,2026-04-18 19:23:58,14,85.0
7957,2026-04-18 19:23:58,15,35.0
7958,2026-04-18 19:23:58,16,40.0
7959,2026-04-18 19:23:58,17,70.0
7960,2026-04-18 19:23:58,18,40.0
7961,2026-04-18 19:23:58,19,50.0
7962,2026-04-18 19:23:58,20,25.0
7963,2026-04-18 19:23:58,21,60.0
7964,2026-04-18 19:23:58,50,50.0
7965,2026-04-18 19:23:58,51,86.5
7966,2026-04-18 19:23:58,52,111.5
7967,2026-04-18 19:23:58,53,141.93
7968,2026-04-18 19:23:58,54,113.92
7969,2026-04-18 19:23:58,55,76.84
7970,2026-04-18 19:23:58,56,156.66
7971,2026-04-18 19:24:28,11,120.0
7972,2026-04-18 19:24:28,12,35.0
7973,2026-04-18 19:24:28,13,65.0
7974,2026-04-18 19:24:28,14,85.0
7975,2026-04-18 19:24:28,15,35.0
7976,2026-04-18 19:24:28,16,40.0
7977,2026-04-18 19:24:28,17,70.0
7978,2026-04-18 19:24:28,18,40.0
7979,2026-04-18 19:24:28,19,50.0
7980,2026-04-18 19:24:28,20,25.0
7981,2026-04-18 19:24:28,21,60.0
7982,2026-04-18 19:24:28,50,50.0
7983,2026-04-18 19:24:28,51,86.5
7984,2026-04-18 19:24:28,52,111.22
7985,2026-04-18 19:24:28,53,142.21
7986,2026-04-18 19:24:28,54,118.48
7987,2026-04-18 19:24:28,55,76.42
7988,2026-04-18 19:24:28,56,157.05
7989,2026-04-18 19:24:58,11,120.0
7990,2026-04-18 19:24:58,12,35.0
7991,2026-04-18 19:24:58,13,65.0
7992,2026-04-18 19:24:58,14,85.0
7993,2026-04-18 19:24:58,15,35.0
7994,2026-04-18 19:24:58,16,40.0
7995,2026-04-18 19:24:58,17,70.0
7996,2026-04-18 19:24:58,18,40.0
7997,2026-04-18 19:24:58,19,50.0
7998,2026-04-18 19:24:58,20,25.0
7999,2026-04-18 19:24:58,21,60.0
8000,2026-04-18 19:24:58,50,50.0
8001,2026-04-18 19:24:58,51,86.72
8002,2026-04-18 19:24:58,52,110.33
8003,2026-04-18 19:24:58,53,142.42
8004,2026-04-18 19:24:58,54,118.95
8005,2026-04-18 19:24:58,55,76.27
8006,2026-04-18 19:24:58,56,156.66
8007,2026-04-18 19:25:28,11,120.0
8008,2026-04-18 19:25:28,12,35.0
8009,2026-04-18 19:25:28,13,65.0
8010,2026-04-18 19:25:28,14,85.0
8011,2026-04-18 19:25:28,15,35.0
8012,2026-04-18 19:25:28,16,40.0
8013,2026-04-18 19:25:28,17,70.0
8014,2026-04-18 19:25:28,18,40.0
8015,2026-04-18 19:25:28,19,50.0
8016,2026-04-18 19:25:28,20,25.0
8017,2026-04-18 19:25:28,21,60.0
8018,2026-04-18 19:25:28,50,50.0
8019,2026-04-18 19:25:29,51,90.23
8020,2026-04-18 19:25:29,52,110.39
8021,2026-04-18 19:25:29,53,143.35
8022,2026-04-18 19:25:29,54,118.83
8023,2026-04-18 19:25:29,55,76.0
8024,2026-04-18 19:25:29,56,156.58
8025,2026-04-18 19:25:59,11,120.0
8026,2026-04-18 19:25:59,12,35.0
8027,2026-04-18 19:25:59,13,65.0
8028,2026-04-18 19:25:59,14,85.0
8029,2026-04-18 19:25:59,15,35.0
8030,2026-04-18 19:25:59,16,40.0
8031,2026-04-18 19:25:59,17,70.0
8032,2026-04-18 19:25:59,18,40.0
8033,2026-04-18 19:25:59,19,50.0
8034,2026-04-18 19:25:59,20,25.0
8035,2026-04-18 19:25:59,21,60.0
8036,2026-04-18 19:25:59,50,50.0
8037,2026-04-18 19:25:59,51,93.84
8038,2026-04-18 19:25:59,52,109.78
8039,2026-04-18 19:25:59,53,143.35
8040,2026-04-18 19:25:59,54,119.36
8041,2026-04-18 19:25:59,55,75.81
8042,2026-04-18 19:25:59,56,163.16
8043,2026-04-18 19:26:29,11,120.0
8044,2026-04-18 19:26:29,12,35.0
8045,2026-04-18 19:26:29,13,65.0
8046,2026-04-18 19:26:29,14,85.0
8047,2026-04-18 19:26:29,15,35.0
8048,2026-04-18 19:26:29,16,40.0
8049,2026-04-18 19:26:29,17,70.0
8050,2026-04-18 19:26:29,18,40.0
8051,2026-04-18 19:26:29,19,50.0
8052,2026-04-18 19:26:29,20,25.0
8053,2026-04-18 19:26:29,21,60.0
8054,2026-04-18 19:26:29,50,50.0
8055,2026-04-18 19:26:29,51,93.61
8056,2026-04-18 19:26:29,52,109.78
8057,2026-04-18 19:26:29,53,143.13
8058,2026-04-18 19:26:29,54,119.06
8059,2026-04-18 19:26:29,55,75.7
8060,2026-04-18 19:26:29,56,169.77
8061,2026-04-18 19:26:59,11,120.0
8062,2026-04-18 19:26:59,12,35.0
8063,2026-04-18 19:26:59,13,65.0
8064,2026-04-18 19:26:59,14,85.0
8065,2026-04-18 19:26:59,15,35.0
8066,2026-04-18 19:26:59,16,40.0
8067,2026-04-18 19:26:59,17,70.0
8068,2026-04-18 19:26:59,18,40.0
8069,2026-04-18 19:26:59,19,50.0
8070,2026-04-18 19:26:59,20,25.0
8071,2026-04-18 19:26:59,21,60.0
8072,2026-04-18 19:26:59,50,50.0
8073,2026-04-18 19:26:59,51,93.8
8074,2026-04-18 19:26:59,52,109.62
8075,2026-04-18 19:26:59,53,143.34
8076,2026-04-18 19:26:59,54,118.82
8077,2026-04-18 19:26:59,55,75.25
8078,2026-04-18 19:26:59,56,176.05
8079,2026-04-18 19:27:29,11,120.0
8080,2026-04-18 19:27:29,12,35.0
8081,2026-04-18 19:27:29,13,65.0
8082,2026-04-18 19:27:29,14,85.0
8083,2026-04-18 19:27:29,15,35.0
8084,2026-04-18 19:27:29,16,40.0
8085,2026-04-18 19:27:29,17,70.0
8086,2026-04-18 19:27:29,18,40.0
8087,2026-04-18 19:27:29,19,50.0
8088,2026-04-18 19:27:29,20,25.0
8089,2026-04-18 19:27:29,21,60.0
8090,2026-04-18 19:27:29,50,50.0
8091,2026-04-18 19:27:29,51,93.85
8092,2026-04-18 19:27:29,52,109.73
8093,2026-04-18 19:27:29,53,144.34
8094,2026-04-18 19:27:29,54,119.47
8095,2026-04-18 19:27:29,55,75.0
8096,2026-04-18 19:27:29,56,175.35
8097,2026-04-18 19:27:59,11,120.0
8098,2026-04-18 19:27:59,12,35.0
8099,2026-04-18 19:27:59,13,65.0
8100,2026-04-18 19:27:59,14,85.0
8101,2026-04-18 19:27:59,15,35.0
8102,2026-04-18 19:27:59,16,40.0
8103,2026-04-18 19:27:59,17,70.0
8104,2026-04-18 19:27:59,18,40.0
8105,2026-04-18 19:27:59,19,50.0
8106,2026-04-18 19:27:59,20,25.0
8107,2026-04-18 19:27:59,21,60.0
8108,2026-04-18 19:27:59,50,50.0
8109,2026-04-18 19:27:59,51,93.57
8110,2026-04-18 19:27:59,52,109.57
8111,2026-04-18 19:27:59,53,145.13
8112,2026-04-18 19:27:59,54,119.35
8113,2026-04-18 19:27:59,55,75.0
8114,2026-04-18 19:27:59,56,175.53
8115,2026-04-18 19:28:29,11,120.0
8116,2026-04-18 19:28:29,12,35.0
8117,2026-04-18 19:28:29,13,65.0
8118,2026-04-18 19:28:29,14,85.0
8119,2026-04-18 19:28:29,15,35.0
8120,2026-04-18 19:28:29,16,40.0
8121,2026-04-18 19:28:29,17,70.0
8122,2026-04-18 19:28:29,18,40.0
8123,2026-04-18 19:28:29,19,50.0
8124,2026-04-18 19:28:29,20,25.0
8125,2026-04-18 19:28:29,21,60.0
8126,2026-04-18 19:28:29,50,50.0
8127,2026-04-18 19:28:29,51,93.9
8128,2026-04-18 19:28:29,52,109.52
8129,2026-04-18 19:28:29,53,146.29
8130,2026-04-18 19:28:29,54,119.77
8131,2026-04-18 19:28:29,55,75.0
8132,2026-04-18 19:28:29,56,176.23
8133,2026-04-18 19:28:59,11,120.0
8134,2026-04-18 19:28:59,12,35.0
8135,2026-04-18 19:28:59,13,65.0
8136,2026-04-18 19:28:59,14,85.0
8137,2026-04-18 19:28:59,15,35.0
8138,2026-04-18 19:28:59,16,40.0
8139,2026-04-18 19:28:59,17,70.0
8140,2026-04-18 19:28:59,18,40.0
8141,2026-04-18 19:28:59,19,50.0
8142,2026-04-18 19:28:59,20,25.0
8143,2026-04-18 19:28:59,21,60.0
8144,2026-04-18 19:28:59,50,50.0
8145,2026-04-18 19:28:59,51,93.76
8146,2026-04-18 19:28:59,52,108.92
8147,2026-04-18 19:28:59,53,146.14
8148,2026-04-18 19:28:59,54,119.71
8149,2026-04-18 19:28:59,55,75.07
8150,2026-04-18 19:28:59,56,175.7
8151,2026-04-18 19:29:29,11,120.0
8152,2026-04-18 19:29:29,12,35.0
8153,2026-04-18 19:29:29,13,65.0
8154,2026-04-18 19:29:29,14,85.0
8155,2026-04-18 19:29:29,15,35.0
8156,2026-04-18 19:29:29,16,40.0
8157,2026-04-18 19:29:29,17,70.0
8158,2026-04-18 19:29:29,18,40.0
8159,2026-04-18 19:29:29,19,50.0
8160,2026-04-18 19:29:29,20,25.0
8161,2026-04-18 19:29:29,21,60.0
8162,2026-04-18 19:29:29,50,50.0
8163,2026-04-18 19:29:29,51,93.53
8164,2026-04-18 19:29:29,52,108.76
8165,2026-04-18 19:29:29,53,147.02
8166,2026-04-18 19:29:29,54,119.23
8167,2026-04-18 19:29:29,55,75.0
8168,2026-04-18 19:29:29,56,175.09
8169,2026-04-18 19:29:59,11,120.0
8170,2026-04-18 19:29:59,12,35.0
8171,2026-04-18 19:29:59,13,65.0
8172,2026-04-18 19:29:59,14,85.0
8173,2026-04-18 19:29:59,15,35.0
8174,2026-04-18 19:29:59,16,40.0
8175,2026-04-18 19:29:59,17,70.0
8176,2026-04-18 19:29:59,18,40.0
8177,2026-04-18 19:29:59,19,50.0
8178,2026-04-18 19:29:59,20,25.0
8179,2026-04-18 19:29:59,21,60.0
8180,2026-04-18 19:29:59,50,50.0
8181,2026-04-18 19:29:59,51,93.67
8182,2026-04-18 19:29:59,52,108.11
8183,2026-04-18 19:29:59,53,147.31
8184,2026-04-18 19:29:59,54,119.47
8185,2026-04-18 19:29:59,55,75.19
8186,2026-04-18 19:29:59,56,176.14
8187,2026-04-18 19:30:29,11,120.0
8188,2026-04-18 19:30:29,12,35.0
8189,2026-04-18 19:30:29,13,65.0
8190,2026-04-18 19:30:29,14,85.0
8191,2026-04-18 19:30:29,15,35.0
8192,2026-04-18 19:30:29,16,40.0
8193,2026-04-18 19:30:29,17,70.0
8194,2026-04-18 19:30:29,18,40.0
8195,2026-04-18 19:30:29,19,50.0
8196,2026-04-18 19:30:29,20,25.0
8197,2026-04-18 19:30:29,21,60.0
8198,2026-04-18 19:30:29,50,50.0
8199,2026-04-18 19:30:29,51,93.95
8200,2026-04-18 19:30:29,52,107.68
8201,2026-04-18 19:30:29,53,147.38
8202,2026-04-18 19:30:29,54,119.77
8203,2026-04-18 19:30:29,55,75.0
8204,2026-04-18 19:30:29,56,176.93
8205,2026-04-18 19:30:59,11,120.0
8206,2026-04-18 19:30:59,12,35.0
8207,2026-04-18 19:30:59,13,65.0
8208,2026-04-18 19:30:59,14,85.0
8209,2026-04-18 19:30:59,15,35.0
8210,2026-04-18 19:30:59,16,40.0
8211,2026-04-18 19:30:59,17,70.0
8212,2026-04-18 19:30:59,18,40.0
8213,2026-04-18 19:31:00,19,50.0
8214,2026-04-18 19:31:00,20,25.0
8215,2026-04-18 19:31:00,21,60.0
8216,2026-04-18 19:31:00,50,50.0
8217,2026-04-18 19:31:00,51,93.57
8218,2026-04-18 19:31:00,52,107.3
8219,2026-04-18 19:31:00,53,147.16
8220,2026-04-18 19:31:00,54,120.19
8221,2026-04-18 19:31:00,55,75.19
8222,2026-04-18 19:31:00,56,171.27
8223,2026-04-18 19:31:30,11,120.0
8224,2026-04-18 19:31:30,12,35.0
8225,2026-04-18 19:31:30,13,65.0
8226,2026-04-18 19:31:30,14,85.0
8227,2026-04-18 19:31:30,15,35.0
8228,2026-04-18 19:31:30,16,40.0
8229,2026-04-18 19:31:30,17,70.0
8230,2026-04-18 19:31:30,18,40.0
8231,2026-04-18 19:31:30,19,50.0
8232,2026-04-18 19:31:30,20,25.0
8233,2026-04-18 19:31:30,21,60.0
8234,2026-04-18 19:31:30,50,50.0
8235,2026-04-18 19:31:30,51,94.04
8236,2026-04-18 19:31:30,52,106.5
8237,2026-04-18 19:31:30,53,148.12
8238,2026-04-18 19:31:30,54,120.13
8239,2026-04-18 19:31:30,55,77.75
8240,2026-04-18 19:31:30,56,164.68
8241,2026-04-18 19:32:00,11,120.0
8242,2026-04-18 19:32:00,12,35.0
8243,2026-04-18 19:32:00,13,65.0
8244,2026-04-18 19:32:00,14,85.0
8245,2026-04-18 19:32:00,15,35.0
8246,2026-04-18 19:32:00,16,40.0
8247,2026-04-18 19:32:00,17,70.0
8248,2026-04-18 19:32:00,18,40.0
8249,2026-04-18 19:32:00,19,50.0
8250,2026-04-18 19:32:00,20,25.0
8251,2026-04-18 19:32:00,21,60.0
8252,2026-04-18 19:32:00,50,50.0
8253,2026-04-18 19:32:00,51,93.76
8254,2026-04-18 19:32:00,52,105.65
8255,2026-04-18 19:32:00,53,148.34
8256,2026-04-18 19:32:00,54,120.13
8257,2026-04-18 19:32:00,55,80.16
8258,2026-04-18 19:32:00,56,158.75
8259,2026-04-18 19:32:30,11,120.0
8260,2026-04-18 19:32:30,12,35.0
8261,2026-04-18 19:32:30,13,65.0
8262,2026-04-18 19:32:30,14,85.0
8263,2026-04-18 19:32:30,15,35.0
8264,2026-04-18 19:32:30,16,40.0
8265,2026-04-18 19:32:30,17,70.0
8266,2026-04-18 19:32:30,18,40.0
8267,2026-04-18 19:32:30,19,50.0
8268,2026-04-18 19:32:30,20,25.0
8269,2026-04-18 19:32:30,21,60.0
8270,2026-04-18 19:32:30,50,50.0
8271,2026-04-18 19:32:30,51,93.38
8272,2026-04-18 19:32:30,52,105.54
8273,2026-04-18 19:32:30,53,148.71
8274,2026-04-18 19:32:30,54,120.07
8275,2026-04-18 19:32:30,55,83.13
8276,2026-04-18 19:32:30,56,158.91
8277,2026-04-18 19:33:00,11,120.0
8278,2026-04-18 19:33:00,12,35.0
8279,2026-04-18 19:33:00,13,65.0
8280,2026-04-18 19:33:00,14,85.0
8281,2026-04-18 19:33:00,15,35.0
8282,2026-04-18 19:33:00,16,40.0
8283,2026-04-18 19:33:00,17,70.0
8284,2026-04-18 19:33:00,18,40.0
8285,2026-04-18 19:33:00,19,50.0
8286,2026-04-18 19:33:00,20,25.0
8287,2026-04-18 19:33:00,21,60.0
8288,2026-04-18 19:33:00,50,50.0
8289,2026-04-18 19:33:00,51,93.29
8290,2026-04-18 19:33:00,52,105.54
8291,2026-04-18 19:33:00,53,149.08
8292,2026-04-18 19:33:00,54,120.79
8293,2026-04-18 19:33:00,55,83.05
8294,2026-04-18 19:33:00,56,165.43
8295,2026-04-18 19:33:30,11,120.0
8296,2026-04-18 19:33:30,12,35.0
8297,2026-04-18 19:33:30,13,65.0
8298,2026-04-18 19:33:30,14,85.0
8299,2026-04-18 19:33:30,15,35.0
8300,2026-04-18 19:33:30,16,40.0
8301,2026-04-18 19:33:30,17,70.0
8302,2026-04-18 19:33:30,18,40.0
8303,2026-04-18 19:33:30,19,50.0
8304,2026-04-18 19:33:30,20,25.0
8305,2026-04-18 19:33:30,21,60.0
8306,2026-04-18 19:33:30,50,50.0
8307,2026-04-18 19:33:30,51,93.15
8308,2026-04-18 19:33:30,52,105.07
8309,2026-04-18 19:33:30,53,150.12
8310,2026-04-18 19:33:30,54,120.97
8311,2026-04-18 19:33:30,55,82.68
8312,2026-04-18 19:33:30,56,172.54
8313,2026-04-18 19:34:00,11,120.0
8314,2026-04-18 19:34:00,12,35.0
8315,2026-04-18 19:34:00,13,65.0
8316,2026-04-18 19:34:00,14,85.0
8317,2026-04-18 19:34:00,15,35.0
8318,2026-04-18 19:34:00,16,40.0
8319,2026-04-18 19:34:00,17,70.0
8320,2026-04-18 19:34:00,18,40.0
8321,2026-04-18 19:34:00,19,50.0
8322,2026-04-18 19:34:00,20,25.0
8323,2026-04-18 19:34:00,21,60.0
8324,2026-04-18 19:34:00,50,50.0
8325,2026-04-18 19:34:00,51,92.82
8326,2026-04-18 19:34:00,52,104.91
8327,2026-04-18 19:34:00,53,150.65
8328,2026-04-18 19:34:00,54,120.73
8329,2026-04-18 19:34:00,55,82.64
8330,2026-04-18 19:34:00,56,178.32
8331,2026-04-18 19:34:30,11,120.0
8332,2026-04-18 19:34:30,12,35.0
8333,2026-04-18 19:34:30,13,65.0
8334,2026-04-18 19:34:30,14,85.0
8335,2026-04-18 19:34:30,15,35.0
8336,2026-04-18 19:34:30,16,40.0
8337,2026-04-18 19:34:30,17,70.0
8338,2026-04-18 19:34:30,18,40.0
8339,2026-04-18 19:34:30,19,50.0
8340,2026-04-18 19:34:30,20,25.0
8341,2026-04-18 19:34:30,21,60.0
8342,2026-04-18 19:34:30,50,50.0
8343,2026-04-18 19:34:30,51,93.05
8344,2026-04-18 19:34:30,52,108.27
8345,2026-04-18 19:34:30,53,151.55
8346,2026-04-18 19:34:30,54,121.39
8347,2026-04-18 19:34:30,55,82.47
8348,2026-04-18 19:34:30,56,184.92
8349,2026-04-18 19:35:00,11,120.0
8350,2026-04-18 19:35:00,12,35.0
8351,2026-04-18 19:35:00,13,65.0
8352,2026-04-18 19:35:00,14,86.0
8353,2026-04-18 19:35:00,15,35.0
8354,2026-04-18 19:35:00,16,40.0
8355,2026-04-18 19:35:00,17,70.0
8356,2026-04-18 19:35:00,18,40.0
8357,2026-04-18 19:35:00,19,50.0
8358,2026-04-18 19:35:00,20,25.0
8359,2026-04-18 19:35:00,21,60.0
8360,2026-04-18 19:35:00,50,50.0
8361,2026-04-18 19:35:00,51,92.91
8362,2026-04-18 19:35:00,52,111.41
8363,2026-04-18 19:35:00,53,151.63
8364,2026-04-18 19:35:00,54,121.27
8365,2026-04-18 19:35:00,55,81.93
8366,2026-04-18 19:35:00,56,184.18
8367,2026-04-18 19:35:30,11,120.0
8368,2026-04-18 19:35:30,12,35.0
8369,2026-04-18 19:35:30,13,65.0
8370,2026-04-18 19:35:30,14,88.0
8371,2026-04-18 19:35:30,15,35.0
8372,2026-04-18 19:35:30,16,40.0
8373,2026-04-18 19:35:30,17,70.0
8374,2026-04-18 19:35:31,18,40.0
8375,2026-04-18 19:35:31,19,50.0
8376,2026-04-18 19:35:31,20,25.0
8377,2026-04-18 19:35:31,21,60.0
8378,2026-04-18 19:35:31,50,50.0
8379,2026-04-18 19:35:31,51,93.47
8380,2026-04-18 19:35:31,52,115.53
8381,2026-04-18 19:35:31,53,151.4
8382,2026-04-18 19:35:31,54,122.0
8383,2026-04-18 19:35:31,55,82.26
8384,2026-04-18 19:35:31,56,183.9
8385,2026-04-18 19:36:01,11,120.0
8386,2026-04-18 19:36:01,12,35.0
8387,2026-04-18 19:36:01,13,65.0
8388,2026-04-18 19:36:01,14,90.0
8389,2026-04-18 19:36:01,15,35.0
8390,2026-04-18 19:36:01,16,40.0
8391,2026-04-18 19:36:01,17,70.0
8392,2026-04-18 19:36:01,18,40.0
8393,2026-04-18 19:36:01,19,50.0
8394,2026-04-18 19:36:01,20,25.0
8395,2026-04-18 19:36:01,21,60.0
8396,2026-04-18 19:36:01,50,50.0
8397,2026-04-18 19:36:01,51,93.8
8398,2026-04-18 19:36:01,52,114.78
8399,2026-04-18 19:36:01,53,151.7
8400,2026-04-18 19:36:01,54,122.06
8401,2026-04-18 19:36:01,55,82.26
8402,2026-04-18 19:36:01,56,183.81
8403,2026-04-18 19:36:31,11,120.0
8404,2026-04-18 19:36:31,12,35.0
8405,2026-04-18 19:36:31,13,65.0
8406,2026-04-18 19:36:31,14,92.0
8407,2026-04-18 19:36:31,15,35.0
8408,2026-04-18 19:36:31,16,40.0
8409,2026-04-18 19:36:31,17,70.0
8410,2026-04-18 19:36:31,18,40.0
8411,2026-04-18 19:36:31,19,50.0
8412,2026-04-18 19:36:31,20,25.0
8413,2026-04-18 19:36:31,21,60.0
8414,2026-04-18 19:36:31,50,50.0
8415,2026-04-18 19:36:31,51,94.03
8416,2026-04-18 19:36:31,52,114.26
8417,2026-04-18 19:36:31,53,151.78
8418,2026-04-18 19:36:31,54,121.63
8419,2026-04-18 19:36:31,55,85.67
8420,2026-04-18 19:36:31,56,184.45
8421,2026-04-18 19:37:01,11,120.0
8422,2026-04-18 19:37:01,12,35.0
8423,2026-04-18 19:37:01,13,65.0
8424,2026-04-18 19:37:01,14,93.0
8425,2026-04-18 19:37:01,15,35.0
8426,2026-04-18 19:37:01,16,40.0
8427,2026-04-18 19:37:01,17,70.0
8428,2026-04-18 19:37:01,18,40.0
8429,2026-04-18 19:37:01,19,50.0
8430,2026-04-18 19:37:01,20,25.0
8431,2026-04-18 19:37:01,21,60.0
8432,2026-04-18 19:37:01,50,50.0
8433,2026-04-18 19:37:01,51,94.27
8434,2026-04-18 19:37:01,52,113.35
8435,2026-04-18 19:37:01,53,150.79
8436,2026-04-18 19:37:01,54,121.39
8437,2026-04-18 19:37:01,55,88.75
8438,2026-04-18 19:37:01,56,183.71
8439,2026-04-18 19:37:31,11,120.0
8440,2026-04-18 19:37:31,12,35.0
8441,2026-04-18 19:37:31,13,65.0
8442,2026-04-18 19:37:31,14,94.0
8443,2026-04-18 19:37:31,15,35.0
8444,2026-04-18 19:37:31,16,40.0
8445,2026-04-18 19:37:31,17,70.0
8446,2026-04-18 19:37:31,18,40.0
8447,2026-04-18 19:37:31,19,50.0
8448,2026-04-18 19:37:31,20,25.0
8449,2026-04-18 19:37:31,21,60.0
8450,2026-04-18 19:37:31,50,50.0
8451,2026-04-18 19:37:31,51,94.22
8452,2026-04-18 19:37:31,52,112.44
8453,2026-04-18 19:37:31,53,150.49
8454,2026-04-18 19:37:31,54,121.75
8455,2026-04-18 19:37:31,55,91.9
8456,2026-04-18 19:37:31,56,184.72
8457,2026-04-18 19:38:01,11,120.0
8458,2026-04-18 19:38:01,12,35.0
8459,2026-04-18 19:38:01,13,65.0
8460,2026-04-18 19:38:01,14,95.0
8461,2026-04-18 19:38:01,15,35.0
8462,2026-04-18 19:38:01,16,40.0
8463,2026-04-18 19:38:01,17,70.0
8464,2026-04-18 19:38:01,18,40.0
8465,2026-04-18 19:38:01,19,50.0
8466,2026-04-18 19:38:01,20,25.0
8467,2026-04-18 19:38:01,21,60.0
8468,2026-04-18 19:38:01,50,50.0
8469,2026-04-18 19:38:01,51,94.03
8470,2026-04-18 19:38:01,52,112.95
8471,2026-04-18 19:38:01,53,150.57
8472,2026-04-18 19:38:01,54,123.03
8473,2026-04-18 19:38:01,55,91.67
8474,2026-04-18 19:38:01,56,184.44
8475,2026-04-18 19:38:31,11,120.0
8476,2026-04-18 19:38:31,12,35.0
8477,2026-04-18 19:38:31,13,65.0
8478,2026-04-18 19:38:31,14,96.0
8479,2026-04-18 19:38:31,15,35.0
8480,2026-04-18 19:38:31,16,40.0
8481,2026-04-18 19:38:31,17,70.0
8482,2026-04-18 19:38:31,18,40.0
8483,2026-04-18 19:38:31,19,50.0
8484,2026-04-18 19:38:31,20,25.0
8485,2026-04-18 19:38:31,21,60.0
8486,2026-04-18 19:38:31,50,50.0
8487,2026-04-18 19:38:31,51,94.17
8488,2026-04-18 19:38:31,52,113.01
8489,2026-04-18 19:38:31,53,149.06
8490,2026-04-18 19:38:31,54,123.77
8491,2026-04-18 19:38:31,55,91.67
8492,2026-04-18 19:38:31,56,184.26
8493,2026-04-18 19:39:01,11,120.0
8494,2026-04-18 19:39:03,12,35.0
8495,2026-04-18 19:39:03,13,65.0
8496,2026-04-18 19:39:03,14,97.0
8497,2026-04-18 19:39:03,15,35.0
8498,2026-04-18 19:39:03,16,40.0
8499,2026-04-18 19:39:03,17,70.0
8500,2026-04-18 19:39:03,18,40.0
8501,2026-04-18 19:39:03,19,50.0
8502,2026-04-18 19:39:03,20,25.0
8503,2026-04-18 19:39:03,21,60.0
8504,2026-04-18 19:39:03,50,50.0
8505,2026-04-18 19:39:03,51,94.26
8506,2026-04-18 19:39:03,52,113.46
8507,2026-04-18 19:39:03,53,148.84
8508,2026-04-18 19:39:03,54,124.33
8509,2026-04-18 19:39:03,55,91.9
8510,2026-04-18 19:39:03,56,184.17
8511,2026-04-18 19:39:33,11,120.0
8512,2026-04-18 19:39:33,12,35.0
8513,2026-04-18 19:39:33,13,65.0
8514,2026-04-18 19:39:33,14,98.0
8515,2026-04-18 19:39:33,15,35.0
8516,2026-04-18 19:39:33,16,40.0
8517,2026-04-18 19:39:33,17,70.0
8518,2026-04-18 19:39:33,18,40.0
8519,2026-04-18 19:39:33,19,50.0
8520,2026-04-18 19:39:33,20,25.0
8521,2026-04-18 19:39:33,21,60.0
8522,2026-04-18 19:39:33,50,50.0
8523,2026-04-18 19:39:33,51,94.83
8524,2026-04-18 19:39:33,52,113.63
8525,2026-04-18 19:39:33,53,147.5
8526,2026-04-18 19:39:33,54,125.45
8527,2026-04-18 19:39:33,55,91.95
8528,2026-04-18 19:39:33,56,183.8
8529,2026-04-18 19:40:03,11,120.0
8530,2026-04-18 19:40:03,12,35.0
8531,2026-04-18 19:40:03,13,65.0
8532,2026-04-18 19:40:03,14,98.0
8533,2026-04-18 19:40:03,15,35.0
8534,2026-04-18 19:40:03,16,40.0
8535,2026-04-18 19:40:03,17,70.0
8536,2026-04-18 19:40:03,18,40.0
8537,2026-04-18 19:40:03,19,50.0
8538,2026-04-18 19:40:04,20,25.0
8539,2026-04-18 19:40:04,21,60.0
8540,2026-04-18 19:40:04,50,50.0
8541,2026-04-18 19:40:04,51,98.2
8542,2026-04-18 19:40:04,52,113.8
8543,2026-04-18 19:40:04,53,145.8
8544,2026-04-18 19:40:04,54,126.64
8545,2026-04-18 19:40:04,55,91.58
8546,2026-04-18 19:40:04,56,183.71
8547,2026-04-18 19:40:34,11,120.0
8548,2026-04-18 19:40:34,12,35.0
8549,2026-04-18 19:40:34,13,65.0
8550,2026-04-18 19:40:34,14,98.0
8551,2026-04-18 19:40:34,15,35.0
8552,2026-04-18 19:40:34,16,40.0
8553,2026-04-18 19:40:34,17,70.0
8554,2026-04-18 19:40:34,18,40.0
8555,2026-04-18 19:40:34,19,50.0
8556,2026-04-18 19:40:34,20,25.0
8557,2026-04-18 19:40:34,21,60.0
8558,2026-04-18 19:40:34,50,50.0
8559,2026-04-18 19:40:34,51,102.37
8560,2026-04-18 19:40:34,52,114.14
8561,2026-04-18 19:40:34,53,138.73
8562,2026-04-18 19:40:34,54,126.89
8563,2026-04-18 19:40:34,55,91.35
8564,2026-04-18 19:40:34,56,184.35
8565,2026-04-18 19:41:04,11,120.0
8566,2026-04-18 19:41:04,12,35.0
8567,2026-04-18 19:41:04,13,65.0
8568,2026-04-18 19:41:04,14,98.0
8569,2026-04-18 19:41:04,15,35.0
8570,2026-04-18 19:41:04,16,40.0
8571,2026-04-18 19:41:04,17,70.0
8572,2026-04-18 19:41:04,18,40.0
8573,2026-04-18 19:41:04,19,50.0
8574,2026-04-18 19:41:04,20,25.0
8575,2026-04-18 19:41:04,21,60.0
8576,2026-04-18 19:41:04,50,50.0
8577,2026-04-18 19:41:04,51,105.85
8578,2026-04-18 19:41:04,52,114.65
8579,2026-04-18 19:41:04,53,132.42
8580,2026-04-18 19:41:04,54,128.1
8581,2026-04-18 19:41:04,55,91.08
8582,2026-04-18 19:41:04,56,185.27
8583,2026-04-18 19:41:34,11,120.0
8584,2026-04-18 19:41:34,12,35.0
8585,2026-04-18 19:41:34,13,65.0
8586,2026-04-18 19:41:34,14,98.0
8587,2026-04-18 19:41:34,15,35.0
8588,2026-04-18 19:41:34,16,40.0
8589,2026-04-18 19:41:34,17,70.0
8590,2026-04-18 19:41:34,18,40.0
8591,2026-04-18 19:41:34,19,50.0
8592,2026-04-18 19:41:34,20,25.0
8593,2026-04-18 19:41:34,21,60.0
8594,2026-04-18 19:41:34,50,50.0
8595,2026-04-18 19:41:34,51,109.66
8596,2026-04-18 19:41:34,52,114.36
8597,2026-04-18 19:41:34,53,126.39
8598,2026-04-18 19:41:34,54,128.48
8599,2026-04-18 19:41:34,55,90.94
8600,2026-04-18 19:41:34,56,184.53
8601,2026-04-18 19:42:04,11,120.0
8602,2026-04-18 19:42:04,12,35.0
8603,2026-04-18 19:42:04,13,65.0
8604,2026-04-18 19:42:04,14,98.0
8605,2026-04-18 19:42:04,15,35.0
8606,2026-04-18 19:42:04,16,40.0
8607,2026-04-18 19:42:04,17,70.0
8608,2026-04-18 19:42:04,18,40.0
8609,2026-04-18 19:42:04,19,50.0
8610,2026-04-18 19:42:04,20,25.0
8611,2026-04-18 19:42:04,21,60.0
8612,2026-04-18 19:42:04,50,50.0
8613,2026-04-18 19:42:04,51,113.61
8614,2026-04-18 19:42:04,52,114.7
8615,2026-04-18 19:42:04,53,126.14
8616,2026-04-18 19:42:04,54,129.7
8617,2026-04-18 19:42:04,55,91.3
8618,2026-04-18 19:42:04,56,183.98
8619,2026-04-18 19:42:34,11,120.0
8620,2026-04-18 19:42:34,12,35.0
8621,2026-04-18 19:42:34,13,65.0
8622,2026-04-18 19:42:34,14,98.0
8623,2026-04-18 19:42:34,15,35.0
8624,2026-04-18 19:42:34,16,40.0
8625,2026-04-18 19:42:34,17,70.0
8626,2026-04-18 19:42:34,18,40.0
8627,2026-04-18 19:42:34,19,50.0
8628,2026-04-18 19:42:34,20,25.0
8629,2026-04-18 19:42:34,21,60.0
8630,2026-04-18 19:42:34,50,50.0
8631,2026-04-18 19:42:34,51,118.5
8632,2026-04-18 19:42:34,52,115.27
8633,2026-04-18 19:42:34,53,125.13
8634,2026-04-18 19:42:34,54,130.15
8635,2026-04-18 19:42:34,55,91.25
8636,2026-04-18 19:42:34,56,183.43
8637,2026-04-18 19:43:04,11,120.0
8638,2026-04-18 19:43:04,12,35.0
8639,2026-04-18 19:43:04,13,65.0
8640,2026-04-18 19:43:04,14,98.0
8641,2026-04-18 19:43:04,15,35.0
8642,2026-04-18 19:43:04,16,40.0
8643,2026-04-18 19:43:04,17,70.0
8644,2026-04-18 19:43:04,18,40.0
8645,2026-04-18 19:43:04,19,50.0
8646,2026-04-18 19:43:04,20,25.0
8647,2026-04-18 19:43:04,21,60.0
8648,2026-04-18 19:43:04,50,50.0
8649,2026-04-18 19:43:04,51,122.83
8650,2026-04-18 19:43:04,52,115.44
8651,2026-04-18 19:43:04,53,124.82
8652,2026-04-18 19:43:04,54,131.13
8653,2026-04-18 19:43:04,55,91.48
8654,2026-04-18 19:43:04,56,183.98
8655,2026-04-18 19:43:34,11,120.0
8656,2026-04-18 19:43:34,12,35.0
8657,2026-04-18 19:43:34,13,65.0
8658,2026-04-18 19:43:34,14,98.0
8659,2026-04-18 19:43:34,15,35.0
8660,2026-04-18 19:43:34,16,40.0
8661,2026-04-18 19:43:34,17,70.0
8662,2026-04-18 19:43:34,18,40.0
8663,2026-04-18 19:43:34,19,50.0
8664,2026-04-18 19:43:34,20,25.0
8665,2026-04-18 19:43:34,21,60.0
8666,2026-04-18 19:43:34,50,50.0
8667,2026-04-18 19:43:34,51,122.77
8668,2026-04-18 19:43:34,52,115.73
8669,2026-04-18 19:43:34,53,123.38
8670,2026-04-18 19:43:34,54,132.57
8671,2026-04-18 19:43:34,55,91.8
8672,2026-04-18 19:43:34,56,184.62
8673,2026-04-18 19:44:04,11,120.0
8674,2026-04-18 19:44:04,12,35.0
8675,2026-04-18 19:44:04,13,65.0
8676,2026-04-18 19:44:04,14,98.0
8677,2026-04-18 19:44:04,15,35.0
8678,2026-04-18 19:44:04,16,40.0
8679,2026-04-18 19:44:04,17,70.0
8680,2026-04-18 19:44:04,18,40.0
8681,2026-04-18 19:44:04,19,50.0
8682,2026-04-18 19:44:04,20,25.0
8683,2026-04-18 19:44:04,21,60.0
8684,2026-04-18 19:44:04,50,50.0
8685,2026-04-18 19:44:04,51,118.23
8686,2026-04-18 19:44:04,52,115.79
8687,2026-04-18 19:44:04,53,123.13
8688,2026-04-18 19:44:04,54,133.96
8689,2026-04-18 19:44:04,55,92.21
8690,2026-04-18 19:44:04,56,184.34
8691,2026-04-18 19:44:34,11,120.0
8692,2026-04-18 19:44:34,12,35.0
8693,2026-04-18 19:44:34,13,65.0
8694,2026-04-18 19:44:34,14,98.0
8695,2026-04-18 19:44:34,15,35.0
8696,2026-04-18 19:44:34,16,40.0
8697,2026-04-18 19:44:34,17,70.0
8698,2026-04-18 19:44:34,18,40.0
8699,2026-04-18 19:44:34,19,50.0
8700,2026-04-18 19:44:34,20,25.0
8701,2026-04-18 19:44:34,21,60.0
8702,2026-04-18 19:44:34,50,50.0
8703,2026-04-18 19:44:34,51,113.8
8704,2026-04-18 19:44:34,52,115.96
8705,2026-04-18 19:44:34,53,121.96
8706,2026-04-18 19:44:34,54,134.7
8707,2026-04-18 19:44:34,55,92.49
8708,2026-04-18 19:44:34,56,185.35
8709,2026-04-18 19:45:04,11,120.0
8710,2026-04-18 19:45:04,12,35.0
8711,2026-04-18 19:45:04,13,65.0
8712,2026-04-18 19:45:04,14,96.0
8713,2026-04-18 19:45:04,15,35.0
8714,2026-04-18 19:45:04,16,40.0
8715,2026-04-18 19:45:04,17,70.0
8716,2026-04-18 19:45:04,18,40.0
8717,2026-04-18 19:45:04,19,50.0
8718,2026-04-18 19:45:04,20,25.0
8719,2026-04-18 19:45:04,21,60.0
8720,2026-04-18 19:45:04,50,50.0
8721,2026-04-18 19:45:04,51,109.3
8722,2026-04-18 19:45:04,52,116.25
8723,2026-04-18 19:45:04,53,121.35
8724,2026-04-18 19:45:05,54,136.05
8725,2026-04-18 19:45:05,55,92.49
8726,2026-04-18 19:45:05,56,184.61
8727,2026-04-18 19:45:35,11,120.0
8728,2026-04-18 19:45:35,12,35.0
8729,2026-04-18 19:45:35,13,65.0
8730,2026-04-18 19:45:35,14,92.0
8731,2026-04-18 19:45:35,15,35.0
8732,2026-04-18 19:45:35,16,40.0
8733,2026-04-18 19:45:35,17,70.0
8734,2026-04-18 19:45:35,18,40.0
8735,2026-04-18 19:45:35,19,50.0
8736,2026-04-18 19:45:35,20,25.0
8737,2026-04-18 19:45:35,21,60.0
8738,2026-04-18 19:45:35,50,50.0
8739,2026-04-18 19:45:35,51,105.75
8740,2026-04-18 19:45:35,52,116.37
8741,2026-04-18 19:45:35,53,120.14
8742,2026-04-18 19:45:35,54,136.73
8743,2026-04-18 19:45:35,55,96.14
8744,2026-04-18 19:45:35,56,185.35
8745,2026-04-18 19:46:05,11,120.0
8746,2026-04-18 19:46:05,12,35.0
8747,2026-04-18 19:46:05,13,65.0
8748,2026-04-18 19:46:05,14,89.0
8749,2026-04-18 19:46:05,15,35.0
8750,2026-04-18 19:46:05,16,40.0
8751,2026-04-18 19:46:05,17,70.0
8752,2026-04-18 19:46:05,18,40.0
8753,2026-04-18 19:46:05,19,50.0
8754,2026-04-18 19:46:05,20,25.0
8755,2026-04-18 19:46:05,21,60.0
8756,2026-04-18 19:46:05,50,50.0
8757,2026-04-18 19:46:05,51,101.41
8758,2026-04-18 19:46:05,52,116.31
8759,2026-04-18 19:46:05,53,119.9
8760,2026-04-18 19:46:05,54,138.03
8761,2026-04-18 19:46:05,55,100.23
8762,2026-04-18 19:46:05,56,185.16
8763,2026-04-18 19:46:35,11,120.0
8764,2026-04-18 19:46:35,12,35.0
8765,2026-04-18 19:46:35,13,65.0
8766,2026-04-18 19:46:35,14,87.0
8767,2026-04-18 19:46:35,15,35.0
8768,2026-04-18 19:46:35,16,40.0
8769,2026-04-18 19:46:35,17,70.0
8770,2026-04-18 19:46:35,18,40.0
8771,2026-04-18 19:46:35,19,50.0
8772,2026-04-18 19:46:35,20,25.0
8773,2026-04-18 19:46:35,21,60.0
8774,2026-04-18 19:46:35,50,50.0
8775,2026-04-18 19:46:35,51,97.2
8776,2026-04-18 19:46:35,52,116.54
8777,2026-04-18 19:46:35,53,118.58
8778,2026-04-18 19:46:35,54,139.07
8779,2026-04-18 19:46:35,55,104.19
8780,2026-04-18 19:46:35,56,185.07
8781,2026-04-18 19:47:05,11,120.0
8782,2026-04-18 19:47:05,12,35.0
8783,2026-04-18 19:47:05,13,65.0
8784,2026-04-18 19:47:05,14,85.0
8785,2026-04-18 19:47:05,15,35.0
8786,2026-04-18 19:47:05,16,40.0
8787,2026-04-18 19:47:05,17,70.0
8788,2026-04-18 19:47:05,18,40.0
8789,2026-04-18 19:47:05,19,50.0
8790,2026-04-18 19:47:05,20,25.0
8791,2026-04-18 19:47:05,21,60.0
8792,2026-04-18 19:47:05,50,50.0
8793,2026-04-18 19:47:05,51,93.85
8794,2026-04-18 19:47:05,52,116.95
8795,2026-04-18 19:47:05,53,118.05
8796,2026-04-18 19:47:05,54,139.21
8797,2026-04-18 19:47:05,55,108.72
8798,2026-04-18 19:47:05,56,178.69
8799,2026-04-18 19:47:35,11,120.0
8800,2026-04-18 19:47:35,12,35.0
8801,2026-04-18 19:47:35,13,65.0
8802,2026-04-18 19:47:35,14,85.0
8803,2026-04-18 19:47:35,15,35.0
8804,2026-04-18 19:47:35,16,40.0
8805,2026-04-18 19:47:35,17,70.0
8806,2026-04-18 19:47:35,18,40.0
8807,2026-04-18 19:47:35,19,50.0
8808,2026-04-18 19:47:35,20,25.0
8809,2026-04-18 19:47:35,21,60.0
8810,2026-04-18 19:47:35,50,50.0
8811,2026-04-18 19:47:35,51,90.47
8812,2026-04-18 19:47:35,52,117.24
8813,2026-04-18 19:47:35,53,117.75
8814,2026-04-18 19:47:35,54,139.42
8815,2026-04-18 19:47:35,55,108.5
8816,2026-04-18 19:47:35,56,171.72
8817,2026-04-18 19:48:05,11,120.0
8818,2026-04-18 19:48:05,12,35.0
8819,2026-04-18 19:48:05,13,65.0
8820,2026-04-18 19:48:05,14,85.0
8821,2026-04-18 19:48:05,15,35.0
8822,2026-04-18 19:48:05,16,40.0
8823,2026-04-18 19:48:05,17,70.0
8824,2026-04-18 19:48:05,18,40.0
8825,2026-04-18 19:48:05,19,50.0
8826,2026-04-18 19:48:05,20,25.0
8827,2026-04-18 19:48:05,21,60.0
8828,2026-04-18 19:48:05,50,50.0
8829,2026-04-18 19:48:05,51,90.11
8830,2026-04-18 19:48:05,52,117.65
8831,2026-04-18 19:48:05,53,116.69
8832,2026-04-18 19:48:05,54,140.67
8833,2026-04-18 19:48:05,55,109.15
8834,2026-04-18 19:48:05,56,164.77
8835,2026-04-18 19:48:35,11,120.0
8836,2026-04-18 19:48:35,12,35.0
8837,2026-04-18 19:48:35,13,65.0
8838,2026-04-18 19:48:35,14,85.0
8839,2026-04-18 19:48:35,15,35.0
8840,2026-04-18 19:48:35,16,40.0
8841,2026-04-18 19:48:35,17,70.0
8842,2026-04-18 19:48:35,18,40.0
8843,2026-04-18 19:48:35,19,50.0
8844,2026-04-18 19:48:35,20,25.0
8845,2026-04-18 19:48:35,21,60.0
8846,2026-04-18 19:48:35,50,50.0
8847,2026-04-18 19:48:35,51,89.88
8848,2026-04-18 19:48:35,52,118.06
8849,2026-04-18 19:48:35,53,115.46
8850,2026-04-18 19:48:35,54,140.95
8851,2026-04-18 19:48:35,55,109.59
8852,2026-04-18 19:48:35,56,165.43
8853,2026-04-18 19:49:05,11,120.0
8854,2026-04-18 19:49:05,12,35.0
8855,2026-04-18 19:49:05,13,65.0
8856,2026-04-18 19:49:05,14,85.0
8857,2026-04-18 19:49:05,15,35.0
8858,2026-04-18 19:49:05,16,40.0
8859,2026-04-18 19:49:05,17,70.0
8860,2026-04-18 19:49:05,18,40.0
8861,2026-04-18 19:49:05,19,50.0
8862,2026-04-18 19:49:05,20,25.0
8863,2026-04-18 19:49:05,21,60.0
8864,2026-04-18 19:49:05,50,50.0
8865,2026-04-18 19:49:05,51,89.97
8866,2026-04-18 19:49:05,52,118.65
8867,2026-04-18 19:49:05,53,114.31
8868,2026-04-18 19:49:05,54,141.94
8869,2026-04-18 19:49:05,55,109.81
8870,2026-04-18 19:49:05,56,165.6
8871,2026-04-18 19:49:35,11,120.0
8872,2026-04-18 19:49:35,12,35.0
8873,2026-04-18 19:49:35,13,65.0
8874,2026-04-18 19:49:35,14,85.0
8875,2026-04-18 19:49:35,15,35.0
8876,2026-04-18 19:49:35,16,40.0
8877,2026-04-18 19:49:35,17,70.0
8878,2026-04-18 19:49:35,18,40.0
8879,2026-04-18 19:49:35,19,50.0
8880,2026-04-18 19:49:35,20,25.0
8881,2026-04-18 19:49:35,21,60.0
8882,2026-04-18 19:49:35,50,50.0
8883,2026-04-18 19:49:35,51,89.93
8884,2026-04-18 19:49:35,52,119.36
8885,2026-04-18 19:49:35,53,114.08
8886,2026-04-18 19:49:35,54,142.86
8887,2026-04-18 19:49:35,55,109.92
8888,2026-04-18 19:49:35,56,165.19
8889,2026-04-18 19:50:05,11,120.0
8890,2026-04-18 19:50:05,12,35.0
8891,2026-04-18 19:50:05,13,65.0
8892,2026-04-18 19:50:05,14,85.0
8893,2026-04-18 19:50:05,15,35.0
8894,2026-04-18 19:50:05,16,40.0
8895,2026-04-18 19:50:05,17,70.0
8896,2026-04-18 19:50:05,18,40.0
8897,2026-04-18 19:50:05,19,50.0
8898,2026-04-18 19:50:05,20,25.0
8899,2026-04-18 19:50:05,21,60.0
8900,2026-04-18 19:50:05,50,50.0
8901,2026-04-18 19:50:05,51,93.12
8902,2026-04-18 19:50:05,52,119.18
8903,2026-04-18 19:50:05,53,113.57
8904,2026-04-18 19:50:05,54,144.22
8905,2026-04-18 19:50:05,55,110.41
8906,2026-04-18 19:50:05,56,165.44
8907,2026-04-18 19:50:35,11,120.0
8908,2026-04-18 19:50:36,12,35.0
8909,2026-04-18 19:50:36,13,65.0
8910,2026-04-18 19:50:36,14,85.0
8911,2026-04-18 19:50:36,15,35.0
8912,2026-04-18 19:50:36,16,40.0
8913,2026-04-18 19:50:36,17,70.0
8914,2026-04-18 19:50:36,18,40.0
8915,2026-04-18 19:50:36,19,50.0
8916,2026-04-18 19:50:36,20,25.0
8917,2026-04-18 19:50:36,21,60.0
8918,2026-04-18 19:50:36,50,50.0
8919,2026-04-18 19:50:36,51,96.29
8920,2026-04-18 19:50:36,52,119.9
8921,2026-04-18 19:50:36,53,112.66
8922,2026-04-18 19:50:36,54,145.73
8923,2026-04-18 19:50:36,55,111.46
8924,2026-04-18 19:50:36,56,165.77
8925,2026-04-18 19:51:06,11,120.0
8926,2026-04-18 19:51:06,12,35.0
8927,2026-04-18 19:51:06,13,65.0
8928,2026-04-18 19:51:06,14,85.0
8929,2026-04-18 19:51:06,15,35.0
8930,2026-04-18 19:51:06,16,40.0
8931,2026-04-18 19:51:06,17,70.0
8932,2026-04-18 19:51:06,18,40.0
8933,2026-04-18 19:51:06,19,50.0
8934,2026-04-18 19:51:06,20,25.0
8935,2026-04-18 19:51:06,21,60.0
8936,2026-04-18 19:51:06,50,50.0
8937,2026-04-18 19:51:06,51,99.66
8938,2026-04-18 19:51:06,52,119.78
8939,2026-04-18 19:51:06,53,111.53
8940,2026-04-18 19:51:06,54,146.39
8941,2026-04-18 19:51:06,55,112.35
8942,2026-04-18 19:51:06,56,166.43
8943,2026-04-18 19:51:36,11,120.0
8944,2026-04-18 19:51:36,12,35.0
8945,2026-04-18 19:51:36,13,65.0
8946,2026-04-18 19:51:36,14,86.0
8947,2026-04-18 19:51:36,15,35.0
8948,2026-04-18 19:51:36,16,40.0
8949,2026-04-18 19:51:36,17,70.0
8950,2026-04-18 19:51:36,18,40.0
8951,2026-04-18 19:51:36,19,50.0
8952,2026-04-18 19:51:36,20,25.0
8953,2026-04-18 19:51:36,21,60.0
8954,2026-04-18 19:51:36,50,50.0
8955,2026-04-18 19:51:36,51,99.36
8956,2026-04-18 19:51:36,52,120.32
8957,2026-04-18 19:51:36,53,110.41
8958,2026-04-18 19:51:36,54,147.49
8959,2026-04-18 19:51:36,55,112.52
8960,2026-04-18 19:51:36,56,166.76
8961,2026-04-18 19:52:06,11,120.0
8962,2026-04-18 19:52:06,12,35.0
8963,2026-04-18 19:52:06,13,65.0
8964,2026-04-18 19:52:06,14,87.0
8965,2026-04-18 19:52:06,15,35.0
8966,2026-04-18 19:52:06,16,40.0
8967,2026-04-18 19:52:06,17,70.0
8968,2026-04-18 19:52:06,18,40.0
8969,2026-04-18 19:52:06,19,50.0
8970,2026-04-18 19:52:06,20,25.0
8971,2026-04-18 19:52:06,21,60.0
8972,2026-04-18 19:52:06,50,50.0
8973,2026-04-18 19:52:06,51,103.63
8974,2026-04-18 19:52:06,52,119.84
8975,2026-04-18 19:52:06,53,109.58
8976,2026-04-18 19:52:06,54,148.96
8977,2026-04-18 19:52:06,55,113.53
8978,2026-04-18 19:52:06,56,167.59
8979,2026-04-18 19:52:36,11,120.0
8980,2026-04-18 19:52:36,12,35.0
8981,2026-04-18 19:52:36,13,65.0
8982,2026-04-18 19:52:36,14,88.0
8983,2026-04-18 19:52:36,15,35.0
8984,2026-04-18 19:52:36,16,40.0
8985,2026-04-18 19:52:36,17,70.0
8986,2026-04-18 19:52:36,18,40.0
8987,2026-04-18 19:52:36,19,50.0
8988,2026-04-18 19:52:36,20,25.0
8989,2026-04-18 19:52:36,21,60.0
8990,2026-04-18 19:52:36,50,50.0
8991,2026-04-18 19:52:36,51,108.09
8992,2026-04-18 19:52:36,52,119.54
8993,2026-04-18 19:52:36,53,108.43
8994,2026-04-18 19:52:36,54,149.85
8995,2026-04-18 19:52:36,55,113.87
8996,2026-04-18 19:52:36,56,168.34
8997,2026-04-18 19:53:06,11,120.0
8998,2026-04-18 19:53:06,12,35.0
8999,2026-04-18 19:53:06,13,65.0
9000,2026-04-18 19:53:06,14,88.0
9001,2026-04-18 19:53:06,15,35.0
9002,2026-04-18 19:53:06,16,40.0
9003,2026-04-18 19:53:06,17,70.0
9004,2026-04-18 19:53:06,18,40.0
9005,2026-04-18 19:53:06,19,50.0
9006,2026-04-18 19:53:06,20,25.0
9007,2026-04-18 19:53:06,21,60.0
9008,2026-04-18 19:53:06,50,50.0
9009,2026-04-18 19:53:06,51,112.74
9010,2026-04-18 19:53:06,52,119.42
9011,2026-04-18 19:53:06,53,108.0
9012,2026-04-18 19:53:06,54,150.9
9013,2026-04-18 19:53:06,55,114.04
9014,2026-04-18 19:53:06,56,168.34
9015,2026-04-18 19:53:36,11,120.0
9016,2026-04-18 19:53:36,12,35.0
9017,2026-04-18 19:53:36,13,65.0
9018,2026-04-18 19:53:36,14,88.0
9019,2026-04-18 19:53:36,15,35.0
9020,2026-04-18 19:53:36,16,40.0
9021,2026-04-18 19:53:36,17,70.0
9022,2026-04-18 19:53:36,18,40.0
9023,2026-04-18 19:53:36,19,50.0
9024,2026-04-18 19:53:36,20,25.0
9025,2026-04-18 19:53:36,21,60.0
9026,2026-04-18 19:53:36,50,50.0
9027,2026-04-18 19:53:36,51,112.35
9028,2026-04-18 19:53:36,52,119.24
9029,2026-04-18 19:53:36,53,106.97
9030,2026-04-18 19:53:36,54,151.96
9031,2026-04-18 19:53:36,55,115.18
9032,2026-04-18 19:53:36,56,169.35
9033,2026-04-18 19:54:06,11,120.0
9034,2026-04-18 19:54:06,12,35.0
9035,2026-04-18 19:54:06,13,65.0
9036,2026-04-18 19:54:06,14,88.0
9037,2026-04-18 19:54:06,15,35.0
9038,2026-04-18 19:54:06,16,40.0
9039,2026-04-18 19:54:06,17,70.0
9040,2026-04-18 19:54:06,18,40.0
9041,2026-04-18 19:54:06,19,50.0
9042,2026-04-18 19:54:06,20,25.0
9043,2026-04-18 19:54:06,21,60.0
9044,2026-04-18 19:54:06,50,50.0
9045,2026-04-18 19:54:06,51,111.96
9046,2026-04-18 19:54:06,52,119.18
9047,2026-04-18 19:54:06,53,106.27
9048,2026-04-18 19:54:06,54,152.95
9049,2026-04-18 19:54:06,55,115.41
9050,2026-04-18 19:54:06,56,170.03
9051,2026-04-18 19:54:36,11,120.0
9052,2026-04-18 19:54:36,12,35.0
9053,2026-04-18 19:54:36,13,65.0
9054,2026-04-18 19:54:36,14,88.0
9055,2026-04-18 19:54:36,15,35.0
9056,2026-04-18 19:54:36,16,40.0
9057,2026-04-18 19:54:36,17,70.0
9058,2026-04-18 19:54:36,18,40.0
9059,2026-04-18 19:54:36,19,50.0
9060,2026-04-18 19:54:36,20,25.0
9061,2026-04-18 19:54:36,21,60.0
9062,2026-04-18 19:54:36,50,50.0
9063,2026-04-18 19:54:36,51,111.74
9064,2026-04-18 19:54:36,52,119.6
9065,2026-04-18 19:54:36,53,105.69
9066,2026-04-18 19:54:36,54,154.25
9067,2026-04-18 19:54:36,55,112.01
9068,2026-04-18 19:54:36,56,170.63
9069,2026-04-18 19:55:06,11,120.0
9070,2026-04-18 19:55:06,12,35.0
9071,2026-04-18 19:55:06,13,65.0
9072,2026-04-18 19:55:06,14,88.0
9073,2026-04-18 19:55:06,15,35.0
9074,2026-04-18 19:55:06,16,40.0
9075,2026-04-18 19:55:06,17,70.0
9076,2026-04-18 19:55:06,18,40.0
9077,2026-04-18 19:55:06,19,50.0
9078,2026-04-18 19:55:06,20,25.0
9079,2026-04-18 19:55:06,21,60.0
9080,2026-04-18 19:55:06,50,50.0
9081,2026-04-18 19:55:06,51,107.1
9082,2026-04-18 19:55:06,52,119.48
9083,2026-04-18 19:55:06,53,105.27
9084,2026-04-18 19:55:06,54,154.56
9085,2026-04-18 19:55:06,55,108.37
9086,2026-04-18 19:55:06,56,170.8
9087,2026-04-18 19:55:36,11,120.0
9088,2026-04-18 19:55:36,12,35.0
9089,2026-04-18 19:55:36,13,65.0
9090,2026-04-18 19:55:36,14,88.0
9091,2026-04-18 19:55:36,15,35.0
9092,2026-04-18 19:55:36,16,40.0
9093,2026-04-18 19:55:36,17,70.0
9094,2026-04-18 19:55:36,18,40.0
9095,2026-04-18 19:55:36,19,50.0
9096,2026-04-18 19:55:36,20,25.0
9097,2026-04-18 19:55:36,21,60.0
9098,2026-04-18 19:55:36,50,50.0
9099,2026-04-18 19:55:36,51,103.51
9100,2026-04-18 19:55:36,52,120.14
9101,2026-04-18 19:55:36,53,104.74
9102,2026-04-18 19:55:36,54,155.87
9103,2026-04-18 19:55:37,55,104.96
9104,2026-04-18 19:55:37,56,170.89
9105,2026-04-18 19:56:07,11,120.0
9106,2026-04-18 19:56:07,12,35.0
9107,2026-04-18 19:56:07,13,65.0
9108,2026-04-18 19:56:07,14,88.0
9109,2026-04-18 19:56:07,15,35.0
9110,2026-04-18 19:56:07,16,40.0
9111,2026-04-18 19:56:07,17,70.0
9112,2026-04-18 19:56:07,18,40.0
9113,2026-04-18 19:56:07,19,50.0
9114,2026-04-18 19:56:07,20,25.0
9115,2026-04-18 19:56:07,21,60.0
9116,2026-04-18 19:56:07,50,50.0
9117,2026-04-18 19:56:07,51,99.52
9118,2026-04-18 19:56:07,52,120.74
9119,2026-04-18 19:56:07,53,104.01
9120,2026-04-18 19:56:07,54,157.51
9121,2026-04-18 19:56:07,55,109.63
9122,2026-04-18 19:56:07,56,170.38
9123,2026-04-18 19:56:37,11,120.0
9124,2026-04-18 19:56:37,12,35.0
9125,2026-04-18 19:56:37,13,65.0
9126,2026-04-18 19:56:37,14,88.0
9127,2026-04-18 19:56:37,15,35.0
9128,2026-04-18 19:56:37,16,40.0
9129,2026-04-18 19:56:37,17,70.0
9130,2026-04-18 19:56:37,18,40.0
9131,2026-04-18 19:56:37,19,50.0
9132,2026-04-18 19:56:37,20,25.0
9133,2026-04-18 19:56:37,21,60.0
9134,2026-04-18 19:56:37,50,50.0
9135,2026-04-18 19:56:37,51,96.04
9136,2026-04-18 19:56:37,52,120.56
9137,2026-04-18 19:56:37,53,103.18
9138,2026-04-18 19:56:37,54,152.94
9139,2026-04-18 19:56:37,55,114.45
9140,2026-04-18 19:56:37,56,170.81
9141,2026-04-18 19:57:07,11,120.0
9142,2026-04-18 19:57:07,12,35.0
9143,2026-04-18 19:57:07,13,65.0
9144,2026-04-18 19:57:07,14,88.0
9145,2026-04-18 19:57:07,15,35.0
9146,2026-04-18 19:57:07,16,40.0
9147,2026-04-18 19:57:07,17,70.0
9148,2026-04-18 19:57:07,18,40.0
9149,2026-04-18 19:57:07,19,50.0
9150,2026-04-18 19:57:07,20,25.0
9151,2026-04-18 19:57:07,21,60.0
9152,2026-04-18 19:57:07,50,50.0
9153,2026-04-18 19:57:07,51,96.62
9154,2026-04-18 19:57:07,52,120.5
9155,2026-04-18 19:57:07,53,102.51
9156,2026-04-18 19:57:07,54,147.82
9157,2026-04-18 19:57:07,55,119.31
9158,2026-04-18 19:57:07,56,170.98
9159,2026-04-18 19:57:37,11,120.0
9160,2026-04-18 19:57:37,12,35.0
9161,2026-04-18 19:57:37,13,65.0
9162,2026-04-18 19:57:37,14,88.0
9163,2026-04-18 19:57:37,15,35.0
9164,2026-04-18 19:57:37,16,40.0
9165,2026-04-18 19:57:37,17,70.0
9166,2026-04-18 19:57:37,18,40.0
9167,2026-04-18 19:57:37,19,50.0
9168,2026-04-18 19:57:37,20,25.0
9169,2026-04-18 19:57:37,21,60.0
9170,2026-04-18 19:57:37,50,50.0
9171,2026-04-18 19:57:37,51,97.01
9172,2026-04-18 19:57:37,52,119.54
9173,2026-04-18 19:57:37,53,101.33
9174,2026-04-18 19:57:37,54,148.71
9175,2026-04-18 19:57:37,55,120.62
9176,2026-04-18 19:57:37,56,170.81
9177,2026-04-18 19:58:07,11,120.0
9178,2026-04-18 19:58:07,12,35.0
9179,2026-04-18 19:58:07,13,65.0
9180,2026-04-18 19:58:07,14,88.0
9181,2026-04-18 19:58:07,15,35.0
9182,2026-04-18 19:58:07,16,40.0
9183,2026-04-18 19:58:07,17,70.0
9184,2026-04-18 19:58:07,18,40.0
9185,2026-04-18 19:58:07,19,50.0
9186,2026-04-18 19:58:07,20,25.0
9187,2026-04-18 19:58:07,21,60.0
9188,2026-04-18 19:58:07,50,50.0
9189,2026-04-18 19:58:07,51,96.62
9190,2026-04-18 19:58:07,52,118.46
9191,2026-04-18 19:58:07,53,100.67
9192,2026-04-18 19:58:07,54,154.73
9193,2026-04-18 19:58:07,55,116.34
9194,2026-04-18 19:58:07,56,170.98
9195,2026-04-18 19:58:37,11,120.0
9196,2026-04-18 19:58:37,12,35.0
9197,2026-04-18 19:58:37,13,65.0
9198,2026-04-18 19:58:37,14,88.0
9199,2026-04-18 19:58:37,15,35.0
9200,2026-04-18 19:58:37,16,40.0
9201,2026-04-18 19:58:37,17,70.0
9202,2026-04-18 19:58:37,18,40.0
9203,2026-04-18 19:58:37,19,50.0
9204,2026-04-18 19:58:37,20,25.0
9205,2026-04-18 19:58:37,21,60.0
9206,2026-04-18 19:58:37,50,50.0
9207,2026-04-18 19:58:37,51,96.91
9208,2026-04-18 19:58:37,52,118.28
9209,2026-04-18 19:58:37,53,100.52
9210,2026-04-18 19:58:37,54,160.61
9211,2026-04-18 19:58:37,55,112.09
9212,2026-04-18 19:58:37,56,171.92
9213,2026-04-18 19:59:07,11,120.0
9214,2026-04-18 19:59:08,12,35.0
9215,2026-04-18 19:59:08,13,65.0
9216,2026-04-18 19:59:08,14,88.0
9217,2026-04-18 19:59:08,15,35.0
9218,2026-04-18 19:59:08,16,40.0
9219,2026-04-18 19:59:08,17,70.0
9220,2026-04-18 19:59:08,18,40.0
9221,2026-04-18 19:59:08,19,50.0
9222,2026-04-18 19:59:08,20,25.0
9223,2026-04-18 19:59:08,21,60.0
9224,2026-04-18 19:59:08,50,50.0
9225,2026-04-18 19:59:08,51,97.49
9226,2026-04-18 19:59:08,52,117.81
9227,2026-04-18 19:59:08,53,99.41
9228,2026-04-18 19:59:08,54,160.77
9229,2026-04-18 19:59:08,55,109.06
9230,2026-04-18 19:59:08,56,172.01
9231,2026-04-18 19:59:38,11,120.0
9232,2026-04-18 19:59:38,12,35.0
9233,2026-04-18 19:59:38,13,65.0
9234,2026-04-18 19:59:38,14,88.0
9235,2026-04-18 19:59:38,15,35.0
9236,2026-04-18 19:59:38,16,40.0
9237,2026-04-18 19:59:38,17,70.0
9238,2026-04-18 19:59:38,18,40.0
9239,2026-04-18 19:59:38,19,50.0
9240,2026-04-18 19:59:38,20,25.0
9241,2026-04-18 19:59:38,21,60.0
9242,2026-04-18 19:59:38,50,50.0
9243,2026-04-18 19:59:38,51,97.59
9244,2026-04-18 19:59:38,52,116.81
9245,2026-04-18 19:59:38,53,99.11
9246,2026-04-18 19:59:38,54,160.37
9247,2026-04-18 19:59:38,55,109.28
9248,2026-04-18 19:59:38,56,171.41
9249,2026-04-18 20:00:08,11,120.0
9250,2026-04-18 20:00:08,12,35.0
9251,2026-04-18 20:00:08,13,65.0
9252,2026-04-18 20:00:08,14,88.0
9253,2026-04-18 20:00:08,15,35.0
9254,2026-04-18 20:00:08,16,40.0
9255,2026-04-18 20:00:08,17,70.0
9256,2026-04-18 20:00:08,18,40.0
9257,2026-04-18 20:00:08,19,50.0
9258,2026-04-18 20:00:08,20,25.0
9259,2026-04-18 20:00:08,21,60.0
9260,2026-04-18 20:00:08,50,50.0
9261,2026-04-18 20:00:08,51,97.64
9262,2026-04-18 20:00:08,52,115.99
9263,2026-04-18 20:00:08,53,98.91
9264,2026-04-18 20:00:08,54,159.81
9265,2026-04-18 20:00:08,55,110.48
9266,2026-04-18 20:00:08,56,170.9
9267,2026-04-18 20:00:38,11,120.0
9268,2026-04-18 20:00:38,12,35.0
9269,2026-04-18 20:00:38,13,65.0
9270,2026-04-18 20:00:38,14,87.0
9271,2026-04-18 20:00:38,15,35.0
9272,2026-04-18 20:00:38,16,40.0
9273,2026-04-18 20:00:38,17,70.0
9274,2026-04-18 20:00:38,18,40.0
9275,2026-04-18 20:00:38,19,50.0
9276,2026-04-18 20:00:38,20,25.0
9277,2026-04-18 20:00:38,21,60.0
9278,2026-04-18 20:00:39,50,50.0
9279,2026-04-18 20:00:39,51,97.74
9280,2026-04-18 20:00:39,52,115.35
9281,2026-04-18 20:00:39,53,97.87
9282,2026-04-18 20:00:39,54,159.81
9283,2026-04-18 20:00:39,55,110.59
9284,2026-04-18 20:00:39,56,171.75
9285,2026-04-18 20:01:09,11,120.0
9286,2026-04-18 20:01:09,12,35.0
9287,2026-04-18 20:01:09,13,65.0
9288,2026-04-18 20:01:09,14,86.0
9289,2026-04-18 20:01:09,15,35.0
9290,2026-04-18 20:01:09,16,40.0
9291,2026-04-18 20:01:09,17,70.0
9292,2026-04-18 20:01:09,18,40.0
9293,2026-04-18 20:01:09,19,50.0
9294,2026-04-18 20:01:09,20,25.0
9295,2026-04-18 20:01:09,21,60.0
9296,2026-04-18 20:01:09,50,50.0
9297,2026-04-18 20:01:09,51,97.94
9298,2026-04-18 20:01:09,52,115.0
9299,2026-04-18 20:01:09,53,96.99
9300,2026-04-18 20:01:09,54,159.65
9301,2026-04-18 20:01:09,55,111.53
9302,2026-04-18 20:01:09,56,171.15
9303,2026-04-18 20:01:39,11,120.0
9304,2026-04-18 20:01:39,12,35.0
9305,2026-04-18 20:01:39,13,65.0
9306,2026-04-18 20:01:39,14,85.0
9307,2026-04-18 20:01:39,15,35.0
9308,2026-04-18 20:01:39,16,40.0
9309,2026-04-18 20:01:39,17,70.0
9310,2026-04-18 20:01:39,18,40.0
9311,2026-04-18 20:01:39,19,50.0
9312,2026-04-18 20:01:39,20,25.0
9313,2026-04-18 20:01:39,21,60.0
9314,2026-04-18 20:01:39,50,50.0
9315,2026-04-18 20:01:39,51,97.6
9316,2026-04-18 20:01:39,52,115.11
9317,2026-04-18 20:01:39,53,96.6
9318,2026-04-18 20:01:39,54,160.45
9319,2026-04-18 20:01:39,55,111.7
9320,2026-04-18 20:01:39,56,170.64
9321,2026-04-18 20:02:09,11,120.0
9322,2026-04-18 20:02:09,12,35.0
9323,2026-04-18 20:02:09,13,65.0
9324,2026-04-18 20:02:09,14,85.0
9325,2026-04-18 20:02:09,15,35.0
9326,2026-04-18 20:02:09,16,40.0
9327,2026-04-18 20:02:09,17,70.0
9328,2026-04-18 20:02:09,18,40.0
9329,2026-04-18 20:02:09,19,50.0
9330,2026-04-18 20:02:09,20,25.0
9331,2026-04-18 20:02:09,21,60.0
9332,2026-04-18 20:02:09,50,50.0
9333,2026-04-18 20:02:09,51,97.26
9334,2026-04-18 20:02:09,52,110.51
9335,2026-04-18 20:02:09,53,96.41
9336,2026-04-18 20:02:09,54,161.17
9337,2026-04-18 20:02:09,55,111.98
9338,2026-04-18 20:02:09,56,163.81
9339,2026-04-18 20:02:39,11,120.0
9340,2026-04-18 20:02:39,12,35.0
9341,2026-04-18 20:02:39,13,65.0
9342,2026-04-18 20:02:39,14,85.0
9343,2026-04-18 20:02:39,15,35.0
9344,2026-04-18 20:02:39,16,40.0
9345,2026-04-18 20:02:39,17,70.0
9346,2026-04-18 20:02:39,18,40.0
9347,2026-04-18 20:02:39,19,50.0
9348,2026-04-18 20:02:39,20,25.0
9349,2026-04-18 20:02:39,21,60.0
9350,2026-04-18 20:02:39,50,50.0
9351,2026-04-18 20:02:39,51,97.65
9352,2026-04-18 20:02:39,52,105.48
9353,2026-04-18 20:02:39,53,95.4
9354,2026-04-18 20:02:39,54,161.57
9355,2026-04-18 20:02:39,55,112.09
9356,2026-04-18 20:02:39,56,157.67
9357,2026-04-18 20:03:09,11,120.0
9358,2026-04-18 20:03:09,12,35.0
9359,2026-04-18 20:03:09,13,65.0
9360,2026-04-18 20:03:09,14,85.0
9361,2026-04-18 20:03:09,15,35.0
9362,2026-04-18 20:03:09,16,40.0
9363,2026-04-18 20:03:09,17,70.0
9364,2026-04-18 20:03:09,18,40.0
9365,2026-04-18 20:03:09,19,50.0
9366,2026-04-18 20:03:09,20,25.0
9367,2026-04-18 20:03:09,21,60.0
9368,2026-04-18 20:03:09,50,50.0
9369,2026-04-18 20:03:09,51,97.89
9370,2026-04-18 20:03:09,52,101.31
9371,2026-04-18 20:03:09,53,94.64
9372,2026-04-18 20:03:09,54,161.49
9373,2026-04-18 20:03:09,55,112.99
9374,2026-04-18 20:03:09,56,151.44
9375,2026-04-18 20:03:39,11,120.0
9376,2026-04-18 20:03:39,12,35.0
9377,2026-04-18 20:03:39,13,65.0
9378,2026-04-18 20:03:39,14,85.0
9379,2026-04-18 20:03:39,15,35.0
9380,2026-04-18 20:03:39,16,40.0
9381,2026-04-18 20:03:39,17,70.0
9382,2026-04-18 20:03:39,18,40.0
9383,2026-04-18 20:03:39,19,50.0
9384,2026-04-18 20:03:39,20,25.0
9385,2026-04-18 20:03:39,21,60.0
9386,2026-04-18 20:03:39,50,50.0
9387,2026-04-18 20:03:39,51,97.74
9388,2026-04-18 20:03:39,52,101.36
9389,2026-04-18 20:03:39,53,94.31
9390,2026-04-18 20:03:39,54,161.09
9391,2026-04-18 20:03:39,55,113.72
9392,2026-04-18 20:03:39,56,152.05
9393,2026-04-18 20:04:09,11,120.0
9394,2026-04-18 20:04:09,12,35.0
9395,2026-04-18 20:04:09,13,65.0
9396,2026-04-18 20:04:09,14,85.0
9397,2026-04-18 20:04:09,15,35.0
9398,2026-04-18 20:04:09,16,40.0
9399,2026-04-18 20:04:09,17,70.0
9400,2026-04-18 20:04:09,18,40.0
9401,2026-04-18 20:04:09,19,50.0
9402,2026-04-18 20:04:09,20,25.0
9403,2026-04-18 20:04:09,21,60.0
9404,2026-04-18 20:04:09,50,50.0
9405,2026-04-18 20:04:09,51,98.18
9406,2026-04-18 20:04:09,52,100.75
9407,2026-04-18 20:04:09,53,97.71
9408,2026-04-18 20:04:09,54,160.93
9409,2026-04-18 20:04:09,55,114.35
9410,2026-04-18 20:04:09,56,152.66
9411,2026-04-18 20:04:39,11,120.0
9412,2026-04-18 20:04:39,12,35.0
9413,2026-04-18 20:04:39,13,65.0
9414,2026-04-18 20:04:39,14,85.0
9415,2026-04-18 20:04:39,15,35.0
9416,2026-04-18 20:04:39,16,40.0
9417,2026-04-18 20:04:39,17,70.0
9418,2026-04-18 20:04:39,18,40.0
9419,2026-04-18 20:04:39,19,50.0
9420,2026-04-18 20:04:39,20,25.0
9421,2026-04-18 20:04:39,21,60.0
9422,2026-04-18 20:04:39,50,50.0
9423,2026-04-18 20:04:39,51,98.47
9424,2026-04-18 20:04:39,52,100.3
9425,2026-04-18 20:04:39,53,101.23
9426,2026-04-18 20:04:39,54,166.56
9427,2026-04-18 20:04:39,55,114.81
9428,2026-04-18 20:04:39,56,153.42
9429,2026-04-18 20:05:09,11,120.0
9430,2026-04-18 20:05:09,12,35.0
9431,2026-04-18 20:05:09,13,65.0
9432,2026-04-18 20:05:09,14,85.0
9433,2026-04-18 20:05:09,15,35.0
9434,2026-04-18 20:05:09,16,40.0
9435,2026-04-18 20:05:09,17,70.0
9436,2026-04-18 20:05:09,18,40.0
9437,2026-04-18 20:05:09,19,50.0
9438,2026-04-18 20:05:09,20,25.0
9439,2026-04-18 20:05:09,21,60.0
9440,2026-04-18 20:05:09,50,50.0
9441,2026-04-18 20:05:09,51,99.01
9442,2026-04-18 20:05:09,52,99.7
9443,2026-04-18 20:05:09,53,104.01
9444,2026-04-18 20:05:09,54,172.89
9445,2026-04-18 20:05:09,55,116.02
9446,2026-04-18 20:05:09,56,154.19
9447,2026-04-18 20:05:39,11,120.0
9448,2026-04-18 20:05:39,12,35.0
9449,2026-04-18 20:05:39,13,65.0
9450,2026-04-18 20:05:39,14,85.0
9451,2026-04-18 20:05:39,15,35.0
9452,2026-04-18 20:05:39,16,40.0
9453,2026-04-18 20:05:39,17,70.0
9454,2026-04-18 20:05:39,18,40.0
9455,2026-04-18 20:05:39,19,50.0
9456,2026-04-18 20:05:39,20,25.0
9457,2026-04-18 20:05:39,21,60.0
9458,2026-04-18 20:05:39,50,50.0
9459,2026-04-18 20:05:39,51,98.81
9460,2026-04-18 20:05:39,52,99.6
9461,2026-04-18 20:05:39,53,103.39
9462,2026-04-18 20:05:39,54,178.68
9463,2026-04-18 20:05:39,55,116.72
9464,2026-04-18 20:05:39,56,154.11
9465,2026-04-18 20:06:09,11,120.0
9466,2026-04-18 20:06:09,12,35.0
9467,2026-04-18 20:06:10,13,65.0
9468,2026-04-18 20:06:10,14,85.0
9469,2026-04-18 20:06:10,15,35.0
9470,2026-04-18 20:06:10,16,40.0
9471,2026-04-18 20:06:10,17,70.0
9472,2026-04-18 20:06:10,18,40.0
9473,2026-04-18 20:06:10,19,50.0
9474,2026-04-18 20:06:10,20,25.0
9475,2026-04-18 20:06:10,21,60.0
9476,2026-04-18 20:06:10,50,50.0
9477,2026-04-18 20:06:10,51,98.71
9478,2026-04-18 20:06:10,52,95.32
9479,2026-04-18 20:06:10,53,102.36
9480,2026-04-18 20:06:10,54,179.66
9481,2026-04-18 20:06:10,55,117.65
9482,2026-04-18 20:06:10,56,153.49
9483,2026-04-18 20:06:40,11,120.0
9484,2026-04-18 20:06:40,12,35.0
9485,2026-04-18 20:06:40,13,65.0
9486,2026-04-18 20:06:40,14,85.0
9487,2026-04-18 20:06:40,15,35.0
9488,2026-04-18 20:06:40,16,40.0
9489,2026-04-18 20:06:40,17,70.0
9490,2026-04-18 20:06:40,18,40.0
9491,2026-04-18 20:06:40,19,50.0
9492,2026-04-18 20:06:40,20,25.0
9493,2026-04-18 20:06:40,21,60.0
9494,2026-04-18 20:06:40,50,50.0
9495,2026-04-18 20:06:40,51,99.2
9496,2026-04-18 20:06:40,52,91.13
9497,2026-04-18 20:06:40,53,101.39
9498,2026-04-18 20:06:40,54,180.11
9499,2026-04-18 20:06:40,55,118.94
9500,2026-04-18 20:06:40,56,153.87
9501,2026-04-18 20:07:10,11,120.0
9502,2026-04-18 20:07:10,12,35.0
9503,2026-04-18 20:07:10,13,65.0
9504,2026-04-18 20:07:10,14,85.0
9505,2026-04-18 20:07:10,15,35.0
9506,2026-04-18 20:07:10,16,40.0
9507,2026-04-18 20:07:10,17,70.0
9508,2026-04-18 20:07:10,18,40.0
9509,2026-04-18 20:07:10,19,50.0
9510,2026-04-18 20:07:10,20,25.0
9511,2026-04-18 20:07:10,21,60.0
9512,2026-04-18 20:07:10,50,50.0
9513,2026-04-18 20:07:10,51,99.25
9514,2026-04-18 20:07:10,52,86.62
9515,2026-04-18 20:07:10,53,100.58
9516,2026-04-18 20:07:10,54,180.02
9517,2026-04-18 20:07:10,55,119.83
9518,2026-04-18 20:07:10,56,153.79
9519,2026-04-18 20:07:40,11,120.0
9520,2026-04-18 20:07:41,12,35.0
9521,2026-04-18 20:07:41,13,66.0
9522,2026-04-18 20:07:41,14,85.0
9523,2026-04-18 20:07:41,15,35.0
9524,2026-04-18 20:07:41,16,40.0
9525,2026-04-18 20:07:41,17,70.0
9526,2026-04-18 20:07:41,18,40.0
9527,2026-04-18 20:07:41,19,50.0
9528,2026-04-18 20:07:41,20,25.0
9529,2026-04-18 20:07:41,21,60.0
9530,2026-04-18 20:07:41,50,50.0
9531,2026-04-18 20:07:41,51,99.5
9532,2026-04-18 20:07:41,52,86.06
9533,2026-04-18 20:07:41,53,96.15
9534,2026-04-18 20:07:41,54,180.74
9535,2026-04-18 20:07:41,55,120.43
9536,2026-04-18 20:07:41,56,154.56
9537,2026-04-18 20:08:11,11,120.0
9538,2026-04-18 20:08:11,12,35.0
9539,2026-04-18 20:08:11,13,67.0
9540,2026-04-18 20:08:11,14,85.0
9541,2026-04-18 20:08:11,15,35.0
9542,2026-04-18 20:08:11,16,40.0
9543,2026-04-18 20:08:11,17,70.0
9544,2026-04-18 20:08:11,18,40.0
9545,2026-04-18 20:08:11,19,50.0
9546,2026-04-18 20:08:11,20,25.0
9547,2026-04-18 20:08:11,21,60.0
9548,2026-04-18 20:08:11,50,50.0
9549,2026-04-18 20:08:11,51,99.8
9550,2026-04-18 20:08:11,52,88.77
9551,2026-04-18 20:08:11,53,91.29
9552,2026-04-18 20:08:11,54,180.47
9553,2026-04-18 20:08:11,55,121.27
9554,2026-04-18 20:08:11,56,155.02
9555,2026-04-18 20:08:41,11,120.0
9556,2026-04-18 20:08:41,12,35.0
9557,2026-04-18 20:08:41,13,68.0
9558,2026-04-18 20:08:41,14,85.0
9559,2026-04-18 20:08:41,15,35.0
9560,2026-04-18 20:08:41,16,40.0
9561,2026-04-18 20:08:41,17,70.0
9562,2026-04-18 20:08:41,18,40.0
9563,2026-04-18 20:08:41,19,50.0
9564,2026-04-18 20:08:41,20,25.0
9565,2026-04-18 20:08:41,21,60.0
9566,2026-04-18 20:08:41,50,50.0
9567,2026-04-18 20:08:41,51,100.15
9568,2026-04-18 20:08:41,52,90.99
9569,2026-04-18 20:08:41,53,86.77
9570,2026-04-18 20:08:41,54,181.55
9571,2026-04-18 20:08:41,55,122.06
9572,2026-04-18 20:08:41,56,155.1
9573,2026-04-18 20:09:11,11,120.0
9574,2026-04-18 20:09:11,12,35.0
9575,2026-04-18 20:09:11,13,69.0
9576,2026-04-18 20:09:11,14,85.0
9577,2026-04-18 20:09:11,15,35.0
9578,2026-04-18 20:09:11,16,40.0
9579,2026-04-18 20:09:11,17,70.0
9580,2026-04-18 20:09:11,18,40.0
9581,2026-04-18 20:09:11,19,50.0
9582,2026-04-18 20:09:11,20,25.0
9583,2026-04-18 20:09:11,21,60.0
9584,2026-04-18 20:09:11,50,50.0
9585,2026-04-18 20:09:11,51,100.0
9586,2026-04-18 20:09:11,52,93.99
9587,2026-04-18 20:09:11,53,85.99
9588,2026-04-18 20:09:11,54,182.64
9589,2026-04-18 20:09:11,55,122.98
9590,2026-04-18 20:09:11,56,155.49
9591,2026-04-18 20:09:41,11,120.0
9592,2026-04-18 20:09:41,12,35.0
9593,2026-04-18 20:09:41,13,70.0
9594,2026-04-18 20:09:41,14,85.0
9595,2026-04-18 20:09:41,15,35.0
9596,2026-04-18 20:09:41,16,40.0
9597,2026-04-18 20:09:41,17,70.0
9598,2026-04-18 20:09:41,18,40.0
9599,2026-04-18 20:09:41,19,50.0
9600,2026-04-18 20:09:41,20,25.0
9601,2026-04-18 20:09:41,21,60.0
9602,2026-04-18 20:09:41,50,50.0
9603,2026-04-18 20:09:41,51,99.7
9604,2026-04-18 20:09:41,52,93.14
9605,2026-04-18 20:09:41,53,85.6
9606,2026-04-18 20:09:41,54,183.37
9607,2026-04-18 20:09:41,55,123.53
9608,2026-04-18 20:09:41,56,156.27
9609,2026-04-18 20:10:11,11,120.0
9610,2026-04-18 20:10:11,12,35.0
9611,2026-04-18 20:10:11,13,70.0
9612,2026-04-18 20:10:11,14,85.0
9613,2026-04-18 20:10:11,15,35.0
9614,2026-04-18 20:10:11,16,40.0
9615,2026-04-18 20:10:11,17,70.0
9616,2026-04-18 20:10:11,18,40.0
9617,2026-04-18 20:10:11,19,50.0
9618,2026-04-18 20:10:11,20,25.0
9619,2026-04-18 20:10:11,21,60.0
9620,2026-04-18 20:10:11,50,50.0
9621,2026-04-18 20:10:11,51,99.9
9622,2026-04-18 20:10:11,52,92.77
9623,2026-04-18 20:10:11,53,85.13
9624,2026-04-18 20:10:11,54,183.46
9625,2026-04-18 20:10:11,55,124.83
9626,2026-04-18 20:10:11,56,157.13
9627,2026-04-18 20:10:41,11,120.0
9628,2026-04-18 20:10:41,12,35.0
9629,2026-04-18 20:10:41,13,70.0
9630,2026-04-18 20:10:41,14,85.0
9631,2026-04-18 20:10:41,15,35.0
9632,2026-04-18 20:10:41,16,40.0
9633,2026-04-18 20:10:41,17,70.0
9634,2026-04-18 20:10:41,18,40.0
9635,2026-04-18 20:10:41,19,50.0
9636,2026-04-18 20:10:41,20,25.0
9637,2026-04-18 20:10:41,21,60.0
9638,2026-04-18 20:10:41,50,50.0
9639,2026-04-18 20:10:41,51,99.6
9640,2026-04-18 20:10:41,52,92.17
9641,2026-04-18 20:10:41,53,84.07
9642,2026-04-18 20:10:41,54,184.56
9643,2026-04-18 20:10:41,55,124.39
9644,2026-04-18 20:10:41,56,156.34
9645,2026-04-18 20:11:11,11,120.0
9646,2026-04-18 20:11:11,12,35.0
9647,2026-04-18 20:11:11,13,70.0
9648,2026-04-18 20:11:11,14,85.0
9649,2026-04-18 20:11:11,15,35.0
9650,2026-04-18 20:11:11,16,40.0
9651,2026-04-18 20:11:11,17,70.0
9652,2026-04-18 20:11:11,18,40.0
9653,2026-04-18 20:11:11,19,50.0
9654,2026-04-18 20:11:11,20,25.0
9655,2026-04-18 20:11:11,21,60.0
9656,2026-04-18 20:11:11,50,50.0
9657,2026-04-18 20:11:11,51,99.7
9658,2026-04-18 20:11:11,52,91.48
9659,2026-04-18 20:11:11,53,83.44
9660,2026-04-18 20:11:11,54,186.13
9661,2026-04-18 20:11:11,55,124.58
9662,2026-04-18 20:11:11,56,155.95
9663,2026-04-18 20:11:41,11,120.0
9664,2026-04-18 20:11:41,12,35.0
9665,2026-04-18 20:11:41,13,70.0
9666,2026-04-18 20:11:41,14,85.0
9667,2026-04-18 20:11:41,15,35.0
9668,2026-04-18 20:11:41,16,40.0
9669,2026-04-18 20:11:41,17,70.0
9670,2026-04-18 20:11:41,18,40.0
9671,2026-04-18 20:11:41,19,50.0
9672,2026-04-18 20:11:41,20,25.0
9673,2026-04-18 20:11:42,21,60.0
9674,2026-04-18 20:11:42,50,50.0
9675,2026-04-18 20:11:42,51,99.9
9676,2026-04-18 20:11:42,52,90.47
9677,2026-04-18 20:11:42,53,82.94
9678,2026-04-18 20:11:42,54,187.15
9679,2026-04-18 20:11:42,55,124.52
9680,2026-04-18 20:11:42,56,154.62
9681,2026-04-18 20:12:12,11,120.0
9682,2026-04-18 20:12:12,12,35.0
9683,2026-04-18 20:12:12,13,70.0
9684,2026-04-18 20:12:12,14,85.0
9685,2026-04-18 20:12:12,15,35.0
9686,2026-04-18 20:12:12,16,40.0
9687,2026-04-18 20:12:12,17,70.0
9688,2026-04-18 20:12:12,18,40.0
9689,2026-04-18 20:12:12,19,50.0
9690,2026-04-18 20:12:12,20,25.0
9691,2026-04-18 20:12:12,21,60.0
9692,2026-04-18 20:12:12,50,50.0
9693,2026-04-18 20:12:12,51,99.65
9694,2026-04-18 20:12:12,52,89.84
9695,2026-04-18 20:12:12,53,81.78
9696,2026-04-18 20:12:12,54,187.9
9697,2026-04-18 20:12:12,55,124.02
9698,2026-04-18 20:12:12,56,153.46
9699,2026-04-18 20:12:42,11,120.0
9700,2026-04-18 20:12:42,12,35.0
9701,2026-04-18 20:12:42,13,70.0
9702,2026-04-18 20:12:42,14,85.0
9703,2026-04-18 20:12:42,15,35.0
9704,2026-04-18 20:12:42,16,40.0
9705,2026-04-18 20:12:42,17,70.0
9706,2026-04-18 20:12:42,18,40.0
9707,2026-04-18 20:12:42,19,50.0
9708,2026-04-18 20:12:42,20,25.0
9709,2026-04-18 20:12:42,21,60.0
9710,2026-04-18 20:12:42,50,50.0
9711,2026-04-18 20:12:42,51,99.65
9712,2026-04-18 20:12:42,52,89.48
9713,2026-04-18 20:12:42,53,81.13
9714,2026-04-18 20:12:42,54,189.4
9715,2026-04-18 20:12:42,55,123.83
9716,2026-04-18 20:12:42,56,153.08
9717,2026-04-18 20:13:12,11,120.0
9718,2026-04-18 20:13:12,12,35.0
9719,2026-04-18 20:13:12,13,69.0
9720,2026-04-18 20:13:12,14,85.0
9721,2026-04-18 20:13:12,15,35.0
9722,2026-04-18 20:13:12,16,40.0
9723,2026-04-18 20:13:12,17,70.0
9724,2026-04-18 20:13:12,18,40.0
9725,2026-04-18 20:13:12,19,50.0
9726,2026-04-18 20:13:12,20,25.0
9727,2026-04-18 20:13:12,21,60.0
9728,2026-04-18 20:13:12,50,50.0
9729,2026-04-18 20:13:12,51,100.25
9730,2026-04-18 20:13:12,52,88.67
9731,2026-04-18 20:13:12,53,80.03
9732,2026-04-18 20:13:12,54,190.06
9733,2026-04-18 20:13:12,55,119.19
9734,2026-04-18 20:13:12,56,152.08
9735,2026-04-18 20:13:42,11,120.0
9736,2026-04-18 20:13:42,12,35.0
9737,2026-04-18 20:13:42,13,68.0
9738,2026-04-18 20:13:42,14,85.0
9739,2026-04-18 20:13:42,15,35.0
9740,2026-04-18 20:13:42,16,40.0
9741,2026-04-18 20:13:42,17,70.0
9742,2026-04-18 20:13:42,18,40.0
9743,2026-04-18 20:13:42,19,50.0
9744,2026-04-18 20:13:42,20,25.0
9745,2026-04-18 20:13:42,21,60.0
9746,2026-04-18 20:13:42,50,50.0
9747,2026-04-18 20:13:42,51,100.0
9748,2026-04-18 20:13:42,52,88.32
9749,2026-04-18 20:13:42,53,78.99
9750,2026-04-18 20:13:42,54,190.25
9751,2026-04-18 20:13:42,55,115.44
9752,2026-04-18 20:13:42,56,150.71
9753,2026-04-18 20:14:12,11,120.0
9754,2026-04-18 20:14:12,12,35.0
9755,2026-04-18 20:14:12,13,68.0
9756,2026-04-18 20:14:12,14,85.0
9757,2026-04-18 20:14:12,15,35.0
9758,2026-04-18 20:14:12,16,40.0
9759,2026-04-18 20:14:12,17,70.0
9760,2026-04-18 20:14:12,18,40.0
9761,2026-04-18 20:14:12,19,50.0
9762,2026-04-18 20:14:12,20,25.0
9763,2026-04-18 20:14:12,21,60.0
9764,2026-04-18 20:14:12,50,50.0
9765,2026-04-18 20:14:12,51,100.15
9766,2026-04-18 20:14:12,52,87.66
9767,2026-04-18 20:14:12,53,78.16
9768,2026-04-18 20:14:12,54,190.54
9769,2026-04-18 20:14:12,55,111.57
9770,2026-04-18 20:14:12,56,150.79
9771,2026-04-18 20:14:42,11,120.0
9772,2026-04-18 20:14:42,12,35.0
9773,2026-04-18 20:14:42,13,68.0
9774,2026-04-18 20:14:42,14,85.0
9775,2026-04-18 20:14:42,15,35.0
9776,2026-04-18 20:14:42,16,40.0
9777,2026-04-18 20:14:42,17,70.0
9778,2026-04-18 20:14:42,18,40.0
9779,2026-04-18 20:14:42,19,50.0
9780,2026-04-18 20:14:42,20,25.0
9781,2026-04-18 20:14:42,21,60.0
9782,2026-04-18 20:14:42,50,50.0
9783,2026-04-18 20:14:42,51,100.15
9784,2026-04-18 20:14:42,52,86.87
9785,2026-04-18 20:14:42,53,77.53
9786,2026-04-18 20:14:42,54,191.97
9787,2026-04-18 20:14:42,55,111.9
9788,2026-04-18 20:14:42,56,149.96
9789,2026-04-18 20:15:12,11,120.0
9790,2026-04-18 20:15:12,12,35.0
9791,2026-04-18 20:15:12,13,68.0
9792,2026-04-18 20:15:12,14,85.0
9793,2026-04-18 20:15:12,15,35.0
9794,2026-04-18 20:15:12,16,40.0
9795,2026-04-18 20:15:12,17,70.0
9796,2026-04-18 20:15:12,18,40.0
9797,2026-04-18 20:15:12,19,50.0
9798,2026-04-18 20:15:12,20,25.0
9799,2026-04-18 20:15:12,21,60.0
9800,2026-04-18 20:15:12,50,50.0
9801,2026-04-18 20:15:12,51,100.3
9802,2026-04-18 20:15:12,52,86.87
9803,2026-04-18 20:15:12,53,76.87
9804,2026-04-18 20:15:12,54,193.7
9805,2026-04-18 20:15:12,55,112.01
9806,2026-04-18 20:15:12,56,148.69
9807,2026-04-18 20:15:42,11,120.0
9808,2026-04-18 20:15:42,12,35.0
9809,2026-04-18 20:15:42,13,68.0
9810,2026-04-18 20:15:42,14,85.0
9811,2026-04-18 20:15:42,15,35.0
9812,2026-04-18 20:15:42,16,40.0
9813,2026-04-18 20:15:42,17,70.0
9814,2026-04-18 20:15:42,18,40.0
9815,2026-04-18 20:15:42,19,50.0
9816,2026-04-18 20:15:42,20,25.0
9817,2026-04-18 20:15:42,21,60.0
9818,2026-04-18 20:15:42,50,50.0
9819,2026-04-18 20:15:42,51,99.95
9820,2026-04-18 20:15:42,52,86.13
9821,2026-04-18 20:15:42,53,75.95
9822,2026-04-18 20:15:42,54,194.18
9823,2026-04-18 20:15:42,55,112.46
9824,2026-04-18 20:15:42,56,148.54
9825,2026-04-18 20:16:12,11,120.0
9826,2026-04-18 20:16:12,12,35.0
9827,2026-04-18 20:16:12,13,68.0
9828,2026-04-18 20:16:12,14,85.0
9829,2026-04-18 20:16:12,15,35.0
9830,2026-04-18 20:16:12,16,40.0
9831,2026-04-18 20:16:12,17,70.0
9832,2026-04-18 20:16:12,18,40.0
9833,2026-04-18 20:16:12,19,50.0
9834,2026-04-18 20:16:12,20,25.0
9835,2026-04-18 20:16:12,21,60.0
9836,2026-04-18 20:16:12,50,50.0
9837,2026-04-18 20:16:12,51,99.9
9838,2026-04-18 20:16:12,52,85.79
9839,2026-04-18 20:16:12,53,75.0
9840,2026-04-18 20:16:12,54,194.67
9841,2026-04-18 20:16:12,55,113.08
9842,2026-04-18 20:16:12,56,148.02
9843,2026-04-18 20:16:42,11,120.0
9844,2026-04-18 20:16:42,12,35.0
9845,2026-04-18 20:16:42,13,68.0
9846,2026-04-18 20:16:42,14,85.0
9847,2026-04-18 20:16:42,15,35.0
9848,2026-04-18 20:16:42,16,40.0
9849,2026-04-18 20:16:42,17,70.0
9850,2026-04-18 20:16:42,18,40.0
9851,2026-04-18 20:16:42,19,50.0
9852,2026-04-18 20:16:42,20,25.0
9853,2026-04-18 20:16:42,21,60.0
9854,2026-04-18 20:16:42,50,50.0
9855,2026-04-18 20:16:42,51,99.85
9856,2026-04-18 20:16:42,52,85.83
9857,2026-04-18 20:16:42,53,75.0
9858,2026-04-18 20:16:42,54,196.13
9859,2026-04-18 20:16:42,55,113.02
9860,2026-04-18 20:16:42,56,147.43
9861,2026-04-18 20:17:12,11,120.0
9862,2026-04-18 20:17:12,12,35.0
9863,2026-04-18 20:17:12,13,68.0
9864,2026-04-18 20:17:12,14,85.0
9865,2026-04-18 20:17:13,15,35.0
9866,2026-04-18 20:17:13,16,40.0
9867,2026-04-18 20:17:13,17,70.0
9868,2026-04-18 20:17:13,18,40.0
9869,2026-04-18 20:17:13,19,50.0
9870,2026-04-18 20:17:13,20,25.0
9871,2026-04-18 20:17:13,21,60.0
9872,2026-04-18 20:17:13,50,50.0
9873,2026-04-18 20:17:13,51,100.05
9874,2026-04-18 20:17:13,52,85.23
9875,2026-04-18 20:17:13,53,75.0
9876,2026-04-18 20:17:13,54,197.21
9877,2026-04-18 20:17:13,55,112.74
9878,2026-04-18 20:17:13,56,147.14
9879,2026-04-18 20:17:43,11,120.0
9880,2026-04-18 20:17:43,12,35.0
9881,2026-04-18 20:17:43,13,66.0
9882,2026-04-18 20:17:43,14,85.0
9883,2026-04-18 20:17:43,15,35.0
9884,2026-04-18 20:17:43,16,40.0
9885,2026-04-18 20:17:43,17,70.0
9886,2026-04-18 20:17:43,18,40.0
9887,2026-04-18 20:17:43,19,50.0
9888,2026-04-18 20:17:43,20,25.0
9889,2026-04-18 20:17:43,21,60.0
9890,2026-04-18 20:17:43,50,50.0
9891,2026-04-18 20:17:43,51,100.1
9892,2026-04-18 20:17:43,52,84.51
9893,2026-04-18 20:17:43,53,75.0
9894,2026-04-18 20:17:43,54,198.89
9895,2026-04-18 20:17:43,55,113.19
9896,2026-04-18 20:17:43,56,146.18
9897,2026-04-18 20:18:13,11,120.0
9898,2026-04-18 20:18:13,12,35.0
9899,2026-04-18 20:18:13,13,65.0
9900,2026-04-18 20:18:13,14,85.0
9901,2026-04-18 20:18:13,15,35.0
9902,2026-04-18 20:18:13,16,40.0
9903,2026-04-18 20:18:13,17,70.0
9904,2026-04-18 20:18:13,18,40.0
9905,2026-04-18 20:18:13,19,50.0
9906,2026-04-18 20:18:13,20,25.0
9907,2026-04-18 20:18:13,21,60.0
9908,2026-04-18 20:18:13,50,50.0
9909,2026-04-18 20:18:13,51,100.6
9910,2026-04-18 20:18:13,52,84.09
9911,2026-04-18 20:18:13,53,75.0
9912,2026-04-18 20:18:13,54,199.39
9913,2026-04-18 20:18:13,55,113.7
9914,2026-04-18 20:18:13,56,146.25
9915,2026-04-18 20:18:43,11,120.0
9916,2026-04-18 20:18:43,12,35.0
9917,2026-04-18 20:18:43,13,65.0
9918,2026-04-18 20:18:43,14,85.0
9919,2026-04-18 20:18:43,15,35.0
9920,2026-04-18 20:18:43,16,40.0
9921,2026-04-18 20:18:43,17,70.0
9922,2026-04-18 20:18:43,18,40.0
9923,2026-04-18 20:18:43,19,50.0
9924,2026-04-18 20:18:43,20,25.0
9925,2026-04-18 20:18:43,21,60.0
9926,2026-04-18 20:18:43,50,50.0
9927,2026-04-18 20:18:43,51,101.0
9928,2026-04-18 20:18:43,52,83.8
9929,2026-04-18 20:18:43,53,75.0
9930,2026-04-18 20:18:43,54,200.09
9931,2026-04-18 20:18:43,55,113.59
9932,2026-04-18 20:18:43,56,146.1
9933,2026-04-18 20:19:13,11,120.0
9934,2026-04-18 20:19:13,12,35.0
9935,2026-04-18 20:19:13,13,65.0
9936,2026-04-18 20:19:13,14,85.0
9937,2026-04-18 20:19:13,15,35.0
9938,2026-04-18 20:19:13,16,40.0
9939,2026-04-18 20:19:13,17,70.0
9940,2026-04-18 20:19:13,18,40.0
9941,2026-04-18 20:19:13,19,50.0
9942,2026-04-18 20:19:13,20,25.0
9943,2026-04-18 20:19:13,21,60.0
9944,2026-04-18 20:19:13,50,50.0
9945,2026-04-18 20:19:13,51,101.56
9946,2026-04-18 20:19:13,52,83.34
9947,2026-04-18 20:19:13,53,75.0
9948,2026-04-18 20:19:13,54,201.29
9949,2026-04-18 20:19:13,55,113.42
9950,2026-04-18 20:19:13,56,146.1
9951,2026-04-18 20:19:43,11,120.0
9952,2026-04-18 20:19:43,12,35.0
9953,2026-04-18 20:19:43,13,65.0
9954,2026-04-18 20:19:43,14,85.0
9955,2026-04-18 20:19:43,15,35.0
9956,2026-04-18 20:19:43,16,40.0
9957,2026-04-18 20:19:43,17,70.0
9958,2026-04-18 20:19:43,18,40.0
9959,2026-04-18 20:19:43,19,50.0
9960,2026-04-18 20:19:43,20,25.0
9961,2026-04-18 20:19:43,21,60.0
9962,2026-04-18 20:19:43,50,50.0
9963,2026-04-18 20:19:43,51,102.07
9964,2026-04-18 20:19:43,52,83.3
9965,2026-04-18 20:19:43,53,75.0
9966,2026-04-18 20:19:43,54,203.1
9967,2026-04-18 20:19:43,55,113.76
9968,2026-04-18 20:19:43,56,145.0
